[2026-09-30T09:06:56.402+0000] {manager.py:483} INFO - Processing files using up to 2 processes at a time 
[2026-09-30T09:06:56.418+0000] {manager.py:484} INFO - Process each file at most once every 30 seconds
[2026-09-30T09:06:56.424+0000] {manager.py:485} INFO - Checking for new files in /opt/airflow/dags every 30 seconds
[2026-09-30T09:06:56.430+0000] {manager.py:821} INFO - Searching for files in /opt/airflow/dags
[2026-09-30T09:06:56.451+0000] {manager.py:824} INFO - There are 0 files in /opt/airflow/dags
[2026-09-30T09:07:26.781+0000] {manager.py:821} INFO - Searching for files in /opt/airflow/dags
[2026-09-30T09:07:26.792+0000] {manager.py:824} INFO - There are 0 files in /opt/airflow/dags
[2026-09-30T09:07:56.999+0000] {manager.py:821} INFO - Searching for files in /opt/airflow/dags
[2026-09-30T09:07:57.015+0000] {manager.py:824} INFO - There are 0 files in /opt/airflow/dags
[2026-09-30T09:08:27.213+0000] {manager.py:821} INFO - Searching for files in /opt/airflow/dags
[2026-09-30T09:08:27.229+0000] {manager.py:824} INFO - There are 0 files in /opt/airflow/dags
[2026-09-30T09:08:57.449+0000] {manager.py:821} INFO - Searching for files in /opt/airflow/dags
[2026-09-30T09:08:57.464+0000] {manager.py:824} INFO - There are 0 files in /opt/airflow/dags
[2026-09-30T09:09:27.662+0000] {manager.py:821} INFO - Searching for files in /opt/airflow/dags
[2026-09-30T09:09:27.670+0000] {manager.py:824} INFO - There are 0 files in /opt/airflow/dags
[2026-09-30T09:09:57.865+0000] {manager.py:821} INFO - Searching for files in /opt/airflow/dags
[2026-09-30T09:09:57.904+0000] {manager.py:824} INFO - There are 0 files in /opt/airflow/dags
[2026-09-30T09:10:28.143+0000] {manager.py:821} INFO - Searching for files in /opt/airflow/dags
[2026-09-30T09:10:28.151+0000] {manager.py:824} INFO - There are 0 files in /opt/airflow/dags
[2026-09-30T09:10:58.366+0000] {manager.py:821} INFO - Searching for files in /opt/airflow/dags
[2026-09-30T09:10:58.381+0000] {manager.py:824} INFO - There are 0 files in /opt/airflow/dags
[2026-09-30T09:11:28.596+0000] {manager.py:821} INFO - Searching for files in /opt/airflow/dags
[2026-09-30T09:11:28.623+0000] {manager.py:824} INFO - There are 0 files in /opt/airflow/dags
[2026-09-30T09:11:58.872+0000] {manager.py:821} INFO - Searching for files in /opt/airflow/dags
[2026-09-30T09:11:58.890+0000] {manager.py:824} INFO - There are 0 files in /opt/airflow/dags
[2026-09-30T09:12:29.124+0000] {manager.py:821} INFO - Searching for files in /opt/airflow/dags
[2026-09-30T09:12:29.140+0000] {manager.py:824} INFO - There are 0 files in /opt/airflow/dags
[2026-09-30T09:12:59.344+0000] {manager.py:821} INFO - Searching for files in /opt/airflow/dags
[2026-09-30T09:12:59.358+0000] {manager.py:824} INFO - There are 0 files in /opt/airflow/dags
[2026-09-30T09:13:29.592+0000] {manager.py:821} INFO - Searching for files in /opt/airflow/dags
[2026-09-30T09:13:29.604+0000] {manager.py:824} INFO - There are 0 files in /opt/airflow/dags
[2026-09-30T09:13:59.848+0000] {manager.py:821} INFO - Searching for files in /opt/airflow/dags
[2026-09-30T09:13:59.861+0000] {manager.py:824} INFO - There are 0 files in /opt/airflow/dags
[2026-09-30T09:14:30.069+0000] {manager.py:821} INFO - Searching for files in /opt/airflow/dags
[2026-09-30T09:14:30.078+0000] {manager.py:824} INFO - There are 0 files in /opt/airflow/dags
[2026-09-30T09:15:00.319+0000] {manager.py:821} INFO - Searching for files in /opt/airflow/dags
[2026-09-30T09:15:00.327+0000] {manager.py:824} INFO - There are 0 files in /opt/airflow/dags
[2026-09-30T09:15:30.542+0000] {manager.py:821} INFO - Searching for files in /opt/airflow/dags
[2026-09-30T09:15:30.555+0000] {manager.py:824} INFO - There are 0 files in /opt/airflow/dags
[2026-09-30T09:16:00.777+0000] {manager.py:821} INFO - Searching for files in /opt/airflow/dags
[2026-09-30T09:16:00.786+0000] {manager.py:824} INFO - There are 0 files in /opt/airflow/dags
[2026-09-30T09:16:30.988+0000] {manager.py:821} INFO - Searching for files in /opt/airflow/dags
[2026-09-30T09:16:31.003+0000] {manager.py:824} INFO - There are 0 files in /opt/airflow/dags
[2026-09-30T09:17:01.207+0000] {manager.py:821} INFO - Searching for files in /opt/airflow/dags
[2026-09-30T09:17:01.220+0000] {manager.py:824} INFO - There are 0 files in /opt/airflow/dags
[2026-09-30T09:17:31.442+0000] {manager.py:821} INFO - Searching for files in /opt/airflow/dags
[2026-09-30T09:17:31.456+0000] {manager.py:824} INFO - There are 0 files in /opt/airflow/dags
[2026-09-30T09:18:01.659+0000] {manager.py:821} INFO - Searching for files in /opt/airflow/dags
[2026-09-30T09:18:01.674+0000] {manager.py:824} INFO - There are 0 files in /opt/airflow/dags
[2026-09-30T09:18:31.887+0000] {manager.py:821} INFO - Searching for files in /opt/airflow/dags
[2026-09-30T09:18:31.903+0000] {manager.py:824} INFO - There are 0 files in /opt/airflow/dags
[2026-09-30T09:19:02.102+0000] {manager.py:821} INFO - Searching for files in /opt/airflow/dags
[2026-09-30T09:19:02.114+0000] {manager.py:824} INFO - There are 0 files in /opt/airflow/dags
[2026-09-30T09:19:32.355+0000] {manager.py:821} INFO - Searching for files in /opt/airflow/dags
[2026-09-30T09:19:32.372+0000] {manager.py:824} INFO - There are 0 files in /opt/airflow/dags
[2026-09-30T09:20:02.620+0000] {manager.py:821} INFO - Searching for files in /opt/airflow/dags
[2026-09-30T09:20:02.631+0000] {manager.py:824} INFO - There are 0 files in /opt/airflow/dags
[2026-09-30T09:20:32.823+0000] {manager.py:821} INFO - Searching for files in /opt/airflow/dags
[2026-09-30T09:20:32.840+0000] {manager.py:824} INFO - There are 0 files in /opt/airflow/dags
[2026-09-30T09:21:03.052+0000] {manager.py:821} INFO - Searching for files in /opt/airflow/dags
[2026-09-30T09:21:03.066+0000] {manager.py:824} INFO - There are 0 files in /opt/airflow/dags
[2026-09-30T09:21:33.279+0000] {manager.py:821} INFO - Searching for files in /opt/airflow/dags
[2026-09-30T09:21:33.287+0000] {manager.py:824} INFO - There are 0 files in /opt/airflow/dags
[2026-09-30T09:22:03.504+0000] {manager.py:821} INFO - Searching for files in /opt/airflow/dags
[2026-09-30T09:22:03.515+0000] {manager.py:824} INFO - There are 0 files in /opt/airflow/dags
[2026-09-30T09:22:33.758+0000] {manager.py:821} INFO - Searching for files in /opt/airflow/dags
[2026-09-30T09:22:33.776+0000] {manager.py:824} INFO - There are 0 files in /opt/airflow/dags
[2026-09-30T09:23:03.995+0000] {manager.py:821} INFO - Searching for files in /opt/airflow/dags
[2026-09-30T09:23:04.006+0000] {manager.py:824} INFO - There are 0 files in /opt/airflow/dags
[2026-09-30T09:23:34.227+0000] {manager.py:821} INFO - Searching for files in /opt/airflow/dags
[2026-09-30T09:23:34.238+0000] {manager.py:824} INFO - There are 0 files in /opt/airflow/dags
[2026-09-30T09:24:04.469+0000] {manager.py:821} INFO - Searching for files in /opt/airflow/dags
[2026-09-30T09:24:04.480+0000] {manager.py:824} INFO - There are 0 files in /opt/airflow/dags
[2026-09-30T09:24:34.713+0000] {manager.py:821} INFO - Searching for files in /opt/airflow/dags
[2026-09-30T09:24:34.723+0000] {manager.py:824} INFO - There are 0 files in /opt/airflow/dags
[2026-09-30T09:25:04.946+0000] {manager.py:821} INFO - Searching for files in /opt/airflow/dags
[2026-09-30T09:25:04.955+0000] {manager.py:824} INFO - There are 0 files in /opt/airflow/dags
[2026-09-30T09:25:35.188+0000] {manager.py:821} INFO - Searching for files in /opt/airflow/dags
[2026-09-30T09:25:35.195+0000] {manager.py:824} INFO - There are 0 files in /opt/airflow/dags
[2026-09-30T09:26:05.420+0000] {manager.py:821} INFO - Searching for files in /opt/airflow/dags
[2026-09-30T09:26:05.429+0000] {manager.py:824} INFO - There are 0 files in /opt/airflow/dags
[2026-09-30T09:26:35.644+0000] {manager.py:821} INFO - Searching for files in /opt/airflow/dags
[2026-09-30T09:26:35.654+0000] {manager.py:824} INFO - There are 0 files in /opt/airflow/dags
[2026-09-30T09:27:05.861+0000] {manager.py:821} INFO - Searching for files in /opt/airflow/dags
[2026-09-30T09:27:05.882+0000] {manager.py:824} INFO - There are 0 files in /opt/airflow/dags
[2026-09-30T09:27:36.108+0000] {manager.py:821} INFO - Searching for files in /opt/airflow/dags
[2026-09-30T09:27:36.115+0000] {manager.py:824} INFO - There are 0 files in /opt/airflow/dags
[2026-09-30T09:28:06.336+0000] {manager.py:821} INFO - Searching for files in /opt/airflow/dags
[2026-09-30T09:28:06.349+0000] {manager.py:824} INFO - There are 0 files in /opt/airflow/dags
[2026-09-30T09:28:36.580+0000] {manager.py:821} INFO - Searching for files in /opt/airflow/dags
[2026-09-30T09:28:36.591+0000] {manager.py:824} INFO - There are 0 files in /opt/airflow/dags
[2026-09-30T09:29:06.828+0000] {manager.py:821} INFO - Searching for files in /opt/airflow/dags
[2026-09-30T09:29:06.838+0000] {manager.py:824} INFO - There are 0 files in /opt/airflow/dags
[2026-09-30T09:29:37.060+0000] {manager.py:821} INFO - Searching for files in /opt/airflow/dags
[2026-09-30T09:29:37.092+0000] {manager.py:824} INFO - There are 0 files in /opt/airflow/dags
[2026-09-30T09:30:07.325+0000] {manager.py:821} INFO - Searching for files in /opt/airflow/dags
[2026-09-30T09:30:07.333+0000] {manager.py:824} INFO - There are 0 files in /opt/airflow/dags
[2026-09-30T09:30:37.542+0000] {manager.py:821} INFO - Searching for files in /opt/airflow/dags
[2026-09-30T09:30:37.563+0000] {manager.py:824} INFO - There are 0 files in /opt/airflow/dags
[2026-09-30T09:31:07.797+0000] {manager.py:821} INFO - Searching for files in /opt/airflow/dags
[2026-09-30T09:31:07.810+0000] {manager.py:824} INFO - There are 0 files in /opt/airflow/dags
[2026-09-30T09:31:38.054+0000] {manager.py:821} INFO - Searching for files in /opt/airflow/dags
[2026-09-30T09:31:38.092+0000] {manager.py:824} INFO - There are 0 files in /opt/airflow/dags
[2026-09-30T09:32:08.312+0000] {manager.py:821} INFO - Searching for files in /opt/airflow/dags
[2026-09-30T09:32:08.320+0000] {manager.py:824} INFO - There are 0 files in /opt/airflow/dags
[2026-09-30T09:32:38.527+0000] {manager.py:821} INFO - Searching for files in /opt/airflow/dags
[2026-09-30T09:32:38.542+0000] {manager.py:824} INFO - There are 0 files in /opt/airflow/dags
[2026-09-30T09:33:08.758+0000] {manager.py:821} INFO - Searching for files in /opt/airflow/dags
[2026-09-30T09:33:08.771+0000] {manager.py:824} INFO - There are 0 files in /opt/airflow/dags
[2026-09-30T09:33:38.987+0000] {manager.py:821} INFO - Searching for files in /opt/airflow/dags
[2026-09-30T09:33:39.016+0000] {manager.py:824} INFO - There are 0 files in /opt/airflow/dags
[2026-09-30T09:34:09.247+0000] {manager.py:821} INFO - Searching for files in /opt/airflow/dags
[2026-09-30T09:34:09.264+0000] {manager.py:824} INFO - There are 0 files in /opt/airflow/dags
[2026-09-30T09:34:39.481+0000] {manager.py:821} INFO - Searching for files in /opt/airflow/dags
[2026-09-30T09:34:39.500+0000] {manager.py:824} INFO - There are 0 files in /opt/airflow/dags
[2026-09-30T09:35:09.709+0000] {manager.py:821} INFO - Searching for files in /opt/airflow/dags
[2026-09-30T09:35:09.726+0000] {manager.py:824} INFO - There are 0 files in /opt/airflow/dags
[2026-09-30T09:35:39.933+0000] {manager.py:821} INFO - Searching for files in /opt/airflow/dags
[2026-09-30T09:35:39.950+0000] {manager.py:824} INFO - There are 0 files in /opt/airflow/dags
[2026-09-30T09:36:10.143+0000] {manager.py:821} INFO - Searching for files in /opt/airflow/dags
[2026-09-30T09:36:10.178+0000] {manager.py:824} INFO - There are 0 files in /opt/airflow/dags
[2026-09-30T09:36:40.395+0000] {manager.py:821} INFO - Searching for files in /opt/airflow/dags
[2026-09-30T09:36:40.412+0000] {manager.py:824} INFO - There are 0 files in /opt/airflow/dags
[2026-09-30T09:37:10.658+0000] {manager.py:821} INFO - Searching for files in /opt/airflow/dags
[2026-09-30T09:37:10.670+0000] {manager.py:824} INFO - There are 0 files in /opt/airflow/dags
[2026-09-30T09:37:40.885+0000] {manager.py:821} INFO - Searching for files in /opt/airflow/dags
[2026-09-30T09:37:40.902+0000] {manager.py:824} INFO - There are 0 files in /opt/airflow/dags
[2026-09-30T09:38:11.113+0000] {manager.py:821} INFO - Searching for files in /opt/airflow/dags
[2026-09-30T09:38:11.137+0000] {manager.py:824} INFO - There are 0 files in /opt/airflow/dags
[2026-09-30T09:38:41.363+0000] {manager.py:821} INFO - Searching for files in /opt/airflow/dags
[2026-09-30T09:38:41.375+0000] {manager.py:824} INFO - There are 0 files in /opt/airflow/dags
[2026-09-30T09:39:11.579+0000] {manager.py:821} INFO - Searching for files in /opt/airflow/dags
[2026-09-30T09:39:11.595+0000] {manager.py:824} INFO - There are 0 files in /opt/airflow/dags
[2026-09-30T09:39:21.011+0000] {manager.py:465} INFO - Exiting gracefully upon receiving signal 15
[2026-09-30T09:41:58.983+0000] {manager.py:483} INFO - Processing files using up to 2 processes at a time 
[2026-09-30T09:41:58.995+0000] {manager.py:484} INFO - Process each file at most once every 30 seconds
[2026-09-30T09:41:59.008+0000] {manager.py:485} INFO - Checking for new files in /opt/airflow/dags every 30 seconds
[2026-09-30T09:41:59.025+0000] {manager.py:821} INFO - Searching for files in /opt/airflow/dags
[2026-09-30T09:41:59.065+0000] {manager.py:824} INFO - There are 0 files in /opt/airflow/dags
[2026-09-30T09:42:29.599+0000] {manager.py:821} INFO - Searching for files in /opt/airflow/dags
[2026-09-30T09:42:29.612+0000] {manager.py:824} INFO - There are 0 files in /opt/airflow/dags
[2026-09-30T09:42:59.971+0000] {manager.py:821} INFO - Searching for files in /opt/airflow/dags
[2026-09-30T09:42:59.991+0000] {manager.py:824} INFO - There are 0 files in /opt/airflow/dags
[2026-09-30T09:43:30.224+0000] {manager.py:821} INFO - Searching for files in /opt/airflow/dags
[2026-09-30T09:43:30.235+0000] {manager.py:824} INFO - There are 0 files in /opt/airflow/dags
[2026-09-30T10:28:12.368+0000] {manager.py:821} INFO - Searching for files in /opt/airflow/dags
[2026-09-30T10:28:13.222+0000] {manager.py:824} INFO - There are 0 files in /opt/airflow/dags
[2026-09-30T10:28:42.533+0000] {manager.py:821} INFO - Searching for files in /opt/airflow/dags
[2026-09-30T10:28:42.555+0000] {manager.py:824} INFO - There are 0 files in /opt/airflow/dags
[2026-09-30T10:29:12.775+0000] {manager.py:821} INFO - Searching for files in /opt/airflow/dags
[2026-09-30T10:29:12.790+0000] {manager.py:824} INFO - There are 0 files in /opt/airflow/dags
[2026-09-30T10:29:43.013+0000] {manager.py:821} INFO - Searching for files in /opt/airflow/dags
[2026-09-30T10:29:43.041+0000] {manager.py:824} INFO - There are 0 files in /opt/airflow/dags
[2026-09-30T10:30:13.265+0000] {manager.py:821} INFO - Searching for files in /opt/airflow/dags
[2026-09-30T10:30:13.290+0000] {manager.py:824} INFO - There are 0 files in /opt/airflow/dags
[2026-09-30T10:30:43.498+0000] {manager.py:821} INFO - Searching for files in /opt/airflow/dags
[2026-09-30T10:30:43.603+0000] {manager.py:824} INFO - There are 0 files in /opt/airflow/dags
[2026-09-30T10:31:13.804+0000] {manager.py:821} INFO - Searching for files in /opt/airflow/dags
[2026-09-30T10:31:13.863+0000] {manager.py:824} INFO - There are 0 files in /opt/airflow/dags
[2026-09-30T10:31:44.087+0000] {manager.py:821} INFO - Searching for files in /opt/airflow/dags
[2026-09-30T10:31:44.151+0000] {manager.py:824} INFO - There are 0 files in /opt/airflow/dags
[2026-09-30T10:32:14.368+0000] {manager.py:821} INFO - Searching for files in /opt/airflow/dags
[2026-09-30T10:32:15.589+0000] {manager.py:824} INFO - There are 0 files in /opt/airflow/dags
[2026-09-30T10:32:44.845+0000] {manager.py:821} INFO - Searching for files in /opt/airflow/dags
[2026-09-30T10:32:44.879+0000] {manager.py:824} INFO - There are 0 files in /opt/airflow/dags
[2026-09-30T10:33:15.107+0000] {manager.py:821} INFO - Searching for files in /opt/airflow/dags
[2026-09-30T10:33:15.144+0000] {manager.py:824} INFO - There are 0 files in /opt/airflow/dags
[2026-09-30T10:33:45.343+0000] {manager.py:821} INFO - Searching for files in /opt/airflow/dags
[2026-09-30T10:33:45.371+0000] {manager.py:824} INFO - There are 0 files in /opt/airflow/dags
[2026-09-30T10:34:15.591+0000] {manager.py:821} INFO - Searching for files in /opt/airflow/dags
[2026-09-30T10:34:15.605+0000] {manager.py:824} INFO - There are 0 files in /opt/airflow/dags
[2026-09-30T10:34:45.834+0000] {manager.py:821} INFO - Searching for files in /opt/airflow/dags
[2026-09-30T10:34:45.849+0000] {manager.py:824} INFO - There are 0 files in /opt/airflow/dags
[2026-09-30T10:35:16.078+0000] {manager.py:821} INFO - Searching for files in /opt/airflow/dags
[2026-09-30T10:35:16.120+0000] {manager.py:824} INFO - There are 0 files in /opt/airflow/dags
[2026-09-30T10:35:33.593+0000] {manager.py:465} INFO - Exiting gracefully upon receiving signal 15
[2026-09-30T10:37:12.321+0000] {manager.py:483} INFO - Processing files using up to 2 processes at a time 
[2026-09-30T10:37:12.328+0000] {manager.py:484} INFO - Process each file at most once every 30 seconds
[2026-09-30T10:37:12.336+0000] {manager.py:485} INFO - Checking for new files in /opt/airflow/dags every 30 seconds
[2026-09-30T10:37:12.343+0000] {manager.py:821} INFO - Searching for files in /opt/airflow/dags
[2026-09-30T10:37:12.366+0000] {manager.py:824} INFO - There are 0 files in /opt/airflow/dags
[2026-09-30T10:37:42.766+0000] {manager.py:821} INFO - Searching for files in /opt/airflow/dags
[2026-09-30T10:37:42.791+0000] {manager.py:824} INFO - There are 0 files in /opt/airflow/dags
[2026-09-30T10:38:13.037+0000] {manager.py:821} INFO - Searching for files in /opt/airflow/dags
[2026-09-30T10:38:13.058+0000] {manager.py:824} INFO - There are 0 files in /opt/airflow/dags
[2026-09-30T10:38:43.322+0000] {manager.py:821} INFO - Searching for files in /opt/airflow/dags
[2026-09-30T10:38:43.338+0000] {manager.py:824} INFO - There are 0 files in /opt/airflow/dags
[2026-09-30T10:39:13.581+0000] {manager.py:821} INFO - Searching for files in /opt/airflow/dags
[2026-09-30T10:39:13.602+0000] {manager.py:824} INFO - There are 0 files in /opt/airflow/dags
[2026-09-30T10:39:43.831+0000] {manager.py:821} INFO - Searching for files in /opt/airflow/dags
[2026-09-30T10:39:43.869+0000] {manager.py:824} INFO - There are 0 files in /opt/airflow/dags
[2026-09-30T10:40:14.114+0000] {manager.py:821} INFO - Searching for files in /opt/airflow/dags
[2026-09-30T10:40:14.155+0000] {manager.py:824} INFO - There are 0 files in /opt/airflow/dags
[2026-09-30T10:40:44.382+0000] {manager.py:821} INFO - Searching for files in /opt/airflow/dags
[2026-09-30T10:40:44.408+0000] {manager.py:824} INFO - There are 0 files in /opt/airflow/dags
[2026-09-30T10:41:14.630+0000] {manager.py:821} INFO - Searching for files in /opt/airflow/dags
[2026-09-30T10:41:14.654+0000] {manager.py:824} INFO - There are 0 files in /opt/airflow/dags
[2026-09-30T10:41:44.844+0000] {manager.py:821} INFO - Searching for files in /opt/airflow/dags
[2026-09-30T10:41:44.889+0000] {manager.py:824} INFO - There are 0 files in /opt/airflow/dags
[2026-09-30T10:42:15.103+0000] {manager.py:821} INFO - Searching for files in /opt/airflow/dags
[2026-09-30T10:42:15.130+0000] {manager.py:824} INFO - There are 0 files in /opt/airflow/dags
[2026-09-30T10:42:45.354+0000] {manager.py:821} INFO - Searching for files in /opt/airflow/dags
[2026-09-30T10:42:45.370+0000] {manager.py:824} INFO - There are 0 files in /opt/airflow/dags
[2026-09-30T10:43:15.605+0000] {manager.py:821} INFO - Searching for files in /opt/airflow/dags
[2026-09-30T10:43:15.618+0000] {manager.py:824} INFO - There are 0 files in /opt/airflow/dags
[2026-09-30T10:43:45.829+0000] {manager.py:821} INFO - Searching for files in /opt/airflow/dags
[2026-09-30T10:43:45.844+0000] {manager.py:824} INFO - There are 0 files in /opt/airflow/dags
[2026-09-30T10:44:16.058+0000] {manager.py:821} INFO - Searching for files in /opt/airflow/dags
[2026-09-30T10:44:16.084+0000] {manager.py:824} INFO - There are 0 files in /opt/airflow/dags
[2026-09-30T10:44:46.308+0000] {manager.py:821} INFO - Searching for files in /opt/airflow/dags
[2026-09-30T10:44:46.312+0000] {manager.py:824} INFO - There are 0 files in /opt/airflow/dags
[2026-09-30T10:45:16.525+0000] {manager.py:821} INFO - Searching for files in /opt/airflow/dags
[2026-09-30T10:45:16.540+0000] {manager.py:824} INFO - There are 0 files in /opt/airflow/dags
[2026-09-30T10:45:46.762+0000] {manager.py:821} INFO - Searching for files in /opt/airflow/dags
[2026-09-30T10:45:46.783+0000] {manager.py:824} INFO - There are 0 files in /opt/airflow/dags
[2026-09-30T10:46:17.005+0000] {manager.py:821} INFO - Searching for files in /opt/airflow/dags
[2026-09-30T10:46:17.018+0000] {manager.py:824} INFO - There are 0 files in /opt/airflow/dags
[2026-09-30T10:46:47.245+0000] {manager.py:821} INFO - Searching for files in /opt/airflow/dags
[2026-09-30T10:46:47.267+0000] {manager.py:824} INFO - There are 0 files in /opt/airflow/dags
[2026-09-30T10:47:17.502+0000] {manager.py:821} INFO - Searching for files in /opt/airflow/dags
[2026-09-30T10:47:17.516+0000] {manager.py:824} INFO - There are 0 files in /opt/airflow/dags
[2026-09-30T10:47:47.758+0000] {manager.py:821} INFO - Searching for files in /opt/airflow/dags
[2026-09-30T10:47:47.769+0000] {manager.py:824} INFO - There are 0 files in /opt/airflow/dags
[2026-09-30T10:48:17.979+0000] {manager.py:821} INFO - Searching for files in /opt/airflow/dags
[2026-09-30T10:48:18.008+0000] {manager.py:824} INFO - There are 0 files in /opt/airflow/dags
[2026-09-30T10:48:48.234+0000] {manager.py:821} INFO - Searching for files in /opt/airflow/dags
[2026-09-30T10:48:48.249+0000] {manager.py:824} INFO - There are 0 files in /opt/airflow/dags
[2026-09-30T10:49:18.492+0000] {manager.py:821} INFO - Searching for files in /opt/airflow/dags
[2026-09-30T10:49:18.520+0000] {manager.py:824} INFO - There are 0 files in /opt/airflow/dags
[2026-09-30T10:49:48.788+0000] {manager.py:821} INFO - Searching for files in /opt/airflow/dags
[2026-09-30T10:49:48.793+0000] {manager.py:824} INFO - There are 0 files in /opt/airflow/dags
[2026-09-30T10:50:19.022+0000] {manager.py:821} INFO - Searching for files in /opt/airflow/dags
[2026-09-30T10:50:19.035+0000] {manager.py:824} INFO - There are 0 files in /opt/airflow/dags
[2026-09-30T10:50:49.244+0000] {manager.py:821} INFO - Searching for files in /opt/airflow/dags
[2026-09-30T10:50:49.262+0000] {manager.py:824} INFO - There are 0 files in /opt/airflow/dags
[2026-09-30T10:51:19.478+0000] {manager.py:821} INFO - Searching for files in /opt/airflow/dags
[2026-09-30T10:51:19.485+0000] {manager.py:824} INFO - There are 0 files in /opt/airflow/dags
[2026-09-30T10:51:49.700+0000] {manager.py:821} INFO - Searching for files in /opt/airflow/dags
[2026-09-30T10:51:49.738+0000] {manager.py:824} INFO - There are 0 files in /opt/airflow/dags
[2026-09-30T10:52:19.955+0000] {manager.py:821} INFO - Searching for files in /opt/airflow/dags
[2026-09-30T10:52:19.988+0000] {manager.py:824} INFO - There are 0 files in /opt/airflow/dags
[2026-09-30T10:52:50.202+0000] {manager.py:821} INFO - Searching for files in /opt/airflow/dags
[2026-09-30T10:52:50.206+0000] {manager.py:824} INFO - There are 0 files in /opt/airflow/dags
[2026-09-30T10:53:20.444+0000] {manager.py:821} INFO - Searching for files in /opt/airflow/dags
[2026-09-30T10:53:20.452+0000] {manager.py:824} INFO - There are 0 files in /opt/airflow/dags
[2026-09-30T10:53:50.703+0000] {manager.py:821} INFO - Searching for files in /opt/airflow/dags
[2026-09-30T10:53:50.712+0000] {manager.py:824} INFO - There are 0 files in /opt/airflow/dags
[2026-09-30T10:54:20.950+0000] {manager.py:821} INFO - Searching for files in /opt/airflow/dags
[2026-09-30T10:54:20.959+0000] {manager.py:824} INFO - There are 0 files in /opt/airflow/dags
[2026-09-30T10:54:51.183+0000] {manager.py:821} INFO - Searching for files in /opt/airflow/dags
[2026-09-30T10:54:51.203+0000] {manager.py:824} INFO - There are 0 files in /opt/airflow/dags
[2026-09-30T10:55:21.428+0000] {manager.py:821} INFO - Searching for files in /opt/airflow/dags
[2026-09-30T10:55:21.446+0000] {manager.py:824} INFO - There are 0 files in /opt/airflow/dags
[2026-09-30T10:55:51.684+0000] {manager.py:821} INFO - Searching for files in /opt/airflow/dags
[2026-09-30T10:55:51.691+0000] {manager.py:824} INFO - There are 0 files in /opt/airflow/dags
[2026-09-30T10:56:21.964+0000] {manager.py:821} INFO - Searching for files in /opt/airflow/dags
[2026-09-30T10:56:21.971+0000] {manager.py:824} INFO - There are 0 files in /opt/airflow/dags
[2026-09-30T10:56:52.220+0000] {manager.py:821} INFO - Searching for files in /opt/airflow/dags
[2026-09-30T10:56:52.232+0000] {manager.py:824} INFO - There are 0 files in /opt/airflow/dags
[2026-09-30T10:57:22.469+0000] {manager.py:821} INFO - Searching for files in /opt/airflow/dags
[2026-09-30T10:57:22.484+0000] {manager.py:824} INFO - There are 0 files in /opt/airflow/dags
[2026-09-30T10:57:52.700+0000] {manager.py:821} INFO - Searching for files in /opt/airflow/dags
[2026-09-30T10:57:52.722+0000] {manager.py:824} INFO - There are 0 files in /opt/airflow/dags
[2026-09-30T10:58:22.973+0000] {manager.py:821} INFO - Searching for files in /opt/airflow/dags
[2026-09-30T10:58:22.980+0000] {manager.py:824} INFO - There are 0 files in /opt/airflow/dags
[2026-09-30T10:58:53.224+0000] {manager.py:821} INFO - Searching for files in /opt/airflow/dags
[2026-09-30T10:58:53.238+0000] {manager.py:824} INFO - There are 0 files in /opt/airflow/dags
[2026-09-30T10:59:23.474+0000] {manager.py:821} INFO - Searching for files in /opt/airflow/dags
[2026-09-30T10:59:23.488+0000] {manager.py:824} INFO - There are 0 files in /opt/airflow/dags
[2026-09-30T10:59:53.716+0000] {manager.py:821} INFO - Searching for files in /opt/airflow/dags
[2026-09-30T10:59:53.727+0000] {manager.py:824} INFO - There are 0 files in /opt/airflow/dags
[2026-09-30T11:00:23.977+0000] {manager.py:821} INFO - Searching for files in /opt/airflow/dags
[2026-09-30T11:00:23.998+0000] {manager.py:824} INFO - There are 0 files in /opt/airflow/dags
[2026-09-30T11:00:54.248+0000] {manager.py:821} INFO - Searching for files in /opt/airflow/dags
[2026-09-30T11:00:54.265+0000] {manager.py:824} INFO - There are 0 files in /opt/airflow/dags
[2026-09-30T11:01:24.511+0000] {manager.py:821} INFO - Searching for files in /opt/airflow/dags
[2026-09-30T11:01:24.517+0000] {manager.py:824} INFO - There are 0 files in /opt/airflow/dags
[2026-09-30T11:01:54.752+0000] {manager.py:821} INFO - Searching for files in /opt/airflow/dags
[2026-09-30T11:01:54.761+0000] {manager.py:824} INFO - There are 0 files in /opt/airflow/dags
[2026-09-30T11:02:25.001+0000] {manager.py:821} INFO - Searching for files in /opt/airflow/dags
[2026-09-30T11:02:25.024+0000] {manager.py:824} INFO - There are 0 files in /opt/airflow/dags
[2026-09-30T11:02:55.265+0000] {manager.py:821} INFO - Searching for files in /opt/airflow/dags
[2026-09-30T11:02:55.277+0000] {manager.py:824} INFO - There are 0 files in /opt/airflow/dags
[2026-09-30T11:03:25.510+0000] {manager.py:821} INFO - Searching for files in /opt/airflow/dags
[2026-09-30T11:03:25.522+0000] {manager.py:824} INFO - There are 0 files in /opt/airflow/dags
[2026-09-30T11:03:55.779+0000] {manager.py:821} INFO - Searching for files in /opt/airflow/dags
[2026-09-30T11:03:55.805+0000] {manager.py:824} INFO - There are 0 files in /opt/airflow/dags
[2026-09-30T11:04:26.050+0000] {manager.py:821} INFO - Searching for files in /opt/airflow/dags
[2026-09-30T11:04:26.059+0000] {manager.py:824} INFO - There are 0 files in /opt/airflow/dags
[2026-09-30T11:04:56.314+0000] {manager.py:821} INFO - Searching for files in /opt/airflow/dags
[2026-09-30T11:04:56.328+0000] {manager.py:824} INFO - There are 0 files in /opt/airflow/dags
[2026-09-30T11:05:26.574+0000] {manager.py:821} INFO - Searching for files in /opt/airflow/dags
[2026-09-30T11:05:26.583+0000] {manager.py:824} INFO - There are 0 files in /opt/airflow/dags
[2026-09-30T11:05:56.816+0000] {manager.py:821} INFO - Searching for files in /opt/airflow/dags
[2026-09-30T11:05:56.829+0000] {manager.py:824} INFO - There are 0 files in /opt/airflow/dags
[2026-09-30T11:06:27.068+0000] {manager.py:821} INFO - Searching for files in /opt/airflow/dags
[2026-09-30T11:06:27.076+0000] {manager.py:824} INFO - There are 0 files in /opt/airflow/dags
[2026-09-30T11:06:57.314+0000] {manager.py:821} INFO - Searching for files in /opt/airflow/dags
[2026-09-30T11:06:57.325+0000] {manager.py:824} INFO - There are 0 files in /opt/airflow/dags
[2026-09-30T11:07:27.592+0000] {manager.py:821} INFO - Searching for files in /opt/airflow/dags
[2026-09-30T11:07:27.610+0000] {manager.py:824} INFO - There are 0 files in /opt/airflow/dags
[2026-09-30T11:07:57.865+0000] {manager.py:821} INFO - Searching for files in /opt/airflow/dags
[2026-09-30T11:07:57.878+0000] {manager.py:824} INFO - There are 0 files in /opt/airflow/dags
[2026-09-30T11:08:28.121+0000] {manager.py:821} INFO - Searching for files in /opt/airflow/dags
[2026-09-30T11:08:28.134+0000] {manager.py:824} INFO - There are 0 files in /opt/airflow/dags
[2026-09-30T11:08:58.382+0000] {manager.py:821} INFO - Searching for files in /opt/airflow/dags
[2026-09-30T11:08:58.392+0000] {manager.py:824} INFO - There are 0 files in /opt/airflow/dags
[2026-09-30T11:09:28.640+0000] {manager.py:821} INFO - Searching for files in /opt/airflow/dags
[2026-09-30T11:09:28.647+0000] {manager.py:824} INFO - There are 0 files in /opt/airflow/dags
[2026-09-30T11:09:58.888+0000] {manager.py:821} INFO - Searching for files in /opt/airflow/dags
[2026-09-30T11:09:58.897+0000] {manager.py:824} INFO - There are 0 files in /opt/airflow/dags
[2026-09-30T11:10:29.133+0000] {manager.py:821} INFO - Searching for files in /opt/airflow/dags
[2026-09-30T11:10:29.145+0000] {manager.py:824} INFO - There are 0 files in /opt/airflow/dags
[2026-09-30T11:10:59.384+0000] {manager.py:821} INFO - Searching for files in /opt/airflow/dags
[2026-09-30T11:10:59.392+0000] {manager.py:824} INFO - There are 0 files in /opt/airflow/dags
[2026-09-30T11:11:29.633+0000] {manager.py:821} INFO - Searching for files in /opt/airflow/dags
[2026-09-30T11:11:29.645+0000] {manager.py:824} INFO - There are 0 files in /opt/airflow/dags
[2026-09-30T11:11:59.858+0000] {manager.py:821} INFO - Searching for files in /opt/airflow/dags
[2026-09-30T11:11:59.885+0000] {manager.py:824} INFO - There are 0 files in /opt/airflow/dags
[2026-09-30T11:12:30.139+0000] {manager.py:821} INFO - Searching for files in /opt/airflow/dags
[2026-09-30T11:12:30.153+0000] {manager.py:824} INFO - There are 0 files in /opt/airflow/dags
[2026-09-30T11:13:00.380+0000] {manager.py:821} INFO - Searching for files in /opt/airflow/dags
[2026-09-30T11:13:00.390+0000] {manager.py:824} INFO - There are 0 files in /opt/airflow/dags
[2026-09-30T11:13:30.619+0000] {manager.py:821} INFO - Searching for files in /opt/airflow/dags
[2026-09-30T11:13:30.640+0000] {manager.py:824} INFO - There are 0 files in /opt/airflow/dags
[2026-09-30T11:14:00.891+0000] {manager.py:821} INFO - Searching for files in /opt/airflow/dags
[2026-09-30T11:14:00.901+0000] {manager.py:824} INFO - There are 0 files in /opt/airflow/dags
[2026-09-30T11:14:31.158+0000] {manager.py:821} INFO - Searching for files in /opt/airflow/dags
[2026-09-30T11:14:31.173+0000] {manager.py:824} INFO - There are 0 files in /opt/airflow/dags
[2026-09-30T11:15:01.405+0000] {manager.py:821} INFO - Searching for files in /opt/airflow/dags
[2026-09-30T11:15:01.415+0000] {manager.py:824} INFO - There are 0 files in /opt/airflow/dags
[2026-09-30T11:15:31.659+0000] {manager.py:821} INFO - Searching for files in /opt/airflow/dags
[2026-09-30T11:15:31.682+0000] {manager.py:824} INFO - There are 0 files in /opt/airflow/dags
[2026-09-30T11:16:01.935+0000] {manager.py:821} INFO - Searching for files in /opt/airflow/dags
[2026-09-30T11:16:01.946+0000] {manager.py:824} INFO - There are 0 files in /opt/airflow/dags
[2026-09-30T11:16:32.161+0000] {manager.py:821} INFO - Searching for files in /opt/airflow/dags
[2026-09-30T11:16:32.192+0000] {manager.py:824} INFO - There are 0 files in /opt/airflow/dags
[2026-09-30T11:17:02.427+0000] {manager.py:821} INFO - Searching for files in /opt/airflow/dags
[2026-09-30T11:17:02.434+0000] {manager.py:824} INFO - There are 0 files in /opt/airflow/dags
[2026-09-30T11:17:32.659+0000] {manager.py:821} INFO - Searching for files in /opt/airflow/dags
[2026-09-30T11:17:32.665+0000] {manager.py:824} INFO - There are 0 files in /opt/airflow/dags
[2026-09-30T11:18:02.886+0000] {manager.py:821} INFO - Searching for files in /opt/airflow/dags
[2026-09-30T11:18:02.899+0000] {manager.py:824} INFO - There are 0 files in /opt/airflow/dags
[2026-09-30T11:18:33.146+0000] {manager.py:821} INFO - Searching for files in /opt/airflow/dags
[2026-09-30T11:18:33.160+0000] {manager.py:824} INFO - There are 0 files in /opt/airflow/dags
[2026-09-30T11:19:03.408+0000] {manager.py:821} INFO - Searching for files in /opt/airflow/dags
[2026-09-30T11:19:03.416+0000] {manager.py:824} INFO - There are 0 files in /opt/airflow/dags
[2026-09-30T11:19:33.645+0000] {manager.py:821} INFO - Searching for files in /opt/airflow/dags
[2026-09-30T11:19:33.656+0000] {manager.py:824} INFO - There are 0 files in /opt/airflow/dags
[2026-09-30T11:20:03.897+0000] {manager.py:821} INFO - Searching for files in /opt/airflow/dags
[2026-09-30T11:20:03.910+0000] {manager.py:824} INFO - There are 0 files in /opt/airflow/dags
[2026-09-30T11:20:34.144+0000] {manager.py:821} INFO - Searching for files in /opt/airflow/dags
[2026-09-30T11:20:34.153+0000] {manager.py:824} INFO - There are 0 files in /opt/airflow/dags
[2026-09-30T11:21:04.361+0000] {manager.py:821} INFO - Searching for files in /opt/airflow/dags
[2026-09-30T11:21:04.370+0000] {manager.py:824} INFO - There are 0 files in /opt/airflow/dags
[2026-09-30T11:21:34.622+0000] {manager.py:821} INFO - Searching for files in /opt/airflow/dags
[2026-09-30T11:21:34.634+0000] {manager.py:824} INFO - There are 0 files in /opt/airflow/dags
[2026-09-30T11:22:04.877+0000] {manager.py:821} INFO - Searching for files in /opt/airflow/dags
[2026-09-30T11:22:04.892+0000] {manager.py:824} INFO - There are 0 files in /opt/airflow/dags
[2026-09-30T11:22:35.132+0000] {manager.py:821} INFO - Searching for files in /opt/airflow/dags
[2026-09-30T11:22:35.143+0000] {manager.py:824} INFO - There are 0 files in /opt/airflow/dags
[2026-09-30T11:23:05.374+0000] {manager.py:821} INFO - Searching for files in /opt/airflow/dags
[2026-09-30T11:23:05.384+0000] {manager.py:824} INFO - There are 0 files in /opt/airflow/dags
[2026-09-30T11:23:35.610+0000] {manager.py:821} INFO - Searching for files in /opt/airflow/dags
[2026-09-30T11:23:35.630+0000] {manager.py:824} INFO - There are 0 files in /opt/airflow/dags
[2026-09-30T11:24:05.896+0000] {manager.py:821} INFO - Searching for files in /opt/airflow/dags
[2026-09-30T11:24:05.907+0000] {manager.py:824} INFO - There are 0 files in /opt/airflow/dags
[2026-09-30T11:24:36.143+0000] {manager.py:821} INFO - Searching for files in /opt/airflow/dags
[2026-09-30T11:24:36.155+0000] {manager.py:824} INFO - There are 0 files in /opt/airflow/dags
[2026-09-30T11:25:06.372+0000] {manager.py:821} INFO - Searching for files in /opt/airflow/dags
[2026-09-30T11:25:06.395+0000] {manager.py:824} INFO - There are 0 files in /opt/airflow/dags
[2026-09-30T11:25:36.611+0000] {manager.py:821} INFO - Searching for files in /opt/airflow/dags
[2026-09-30T11:25:36.625+0000] {manager.py:824} INFO - There are 0 files in /opt/airflow/dags
[2026-09-30T11:26:06.862+0000] {manager.py:821} INFO - Searching for files in /opt/airflow/dags
[2026-09-30T11:26:06.878+0000] {manager.py:824} INFO - There are 0 files in /opt/airflow/dags
[2026-09-30T11:26:37.126+0000] {manager.py:821} INFO - Searching for files in /opt/airflow/dags
[2026-09-30T11:26:37.141+0000] {manager.py:824} INFO - There are 0 files in /opt/airflow/dags
[2026-09-30T11:27:07.393+0000] {manager.py:821} INFO - Searching for files in /opt/airflow/dags
[2026-09-30T11:27:07.403+0000] {manager.py:824} INFO - There are 0 files in /opt/airflow/dags
[2026-09-30T11:27:37.656+0000] {manager.py:821} INFO - Searching for files in /opt/airflow/dags
[2026-09-30T11:27:37.692+0000] {manager.py:824} INFO - There are 0 files in /opt/airflow/dags
[2026-09-30T11:28:07.946+0000] {manager.py:821} INFO - Searching for files in /opt/airflow/dags
[2026-09-30T11:28:07.965+0000] {manager.py:824} INFO - There are 0 files in /opt/airflow/dags
[2026-09-30T11:28:38.212+0000] {manager.py:821} INFO - Searching for files in /opt/airflow/dags
[2026-09-30T11:28:38.222+0000] {manager.py:824} INFO - There are 0 files in /opt/airflow/dags
[2026-09-30T11:29:08.465+0000] {manager.py:821} INFO - Searching for files in /opt/airflow/dags
[2026-09-30T11:29:08.491+0000] {manager.py:824} INFO - There are 0 files in /opt/airflow/dags
[2026-09-30T11:29:38.737+0000] {manager.py:821} INFO - Searching for files in /opt/airflow/dags
[2026-09-30T11:29:38.744+0000] {manager.py:824} INFO - There are 0 files in /opt/airflow/dags
[2026-09-30T11:30:08.983+0000] {manager.py:821} INFO - Searching for files in /opt/airflow/dags
[2026-09-30T11:30:09.006+0000] {manager.py:824} INFO - There are 0 files in /opt/airflow/dags
[2026-09-30T11:30:39.228+0000] {manager.py:821} INFO - Searching for files in /opt/airflow/dags
[2026-09-30T11:30:39.237+0000] {manager.py:824} INFO - There are 0 files in /opt/airflow/dags
[2026-09-30T11:31:09.486+0000] {manager.py:821} INFO - Searching for files in /opt/airflow/dags
[2026-09-30T11:31:09.518+0000] {manager.py:824} INFO - There are 0 files in /opt/airflow/dags
[2026-09-30T11:31:39.777+0000] {manager.py:821} INFO - Searching for files in /opt/airflow/dags
[2026-09-30T11:31:39.792+0000] {manager.py:824} INFO - There are 0 files in /opt/airflow/dags
[2026-09-30T11:32:10.025+0000] {manager.py:821} INFO - Searching for files in /opt/airflow/dags
[2026-09-30T11:32:10.036+0000] {manager.py:824} INFO - There are 0 files in /opt/airflow/dags
[2026-09-30T11:32:40.268+0000] {manager.py:821} INFO - Searching for files in /opt/airflow/dags
[2026-09-30T11:32:40.275+0000] {manager.py:824} INFO - There are 0 files in /opt/airflow/dags
[2026-09-30T11:33:10.525+0000] {manager.py:821} INFO - Searching for files in /opt/airflow/dags
[2026-09-30T11:33:10.539+0000] {manager.py:824} INFO - There are 0 files in /opt/airflow/dags
[2026-09-30T11:33:40.779+0000] {manager.py:821} INFO - Searching for files in /opt/airflow/dags
[2026-09-30T11:33:40.785+0000] {manager.py:824} INFO - There are 0 files in /opt/airflow/dags
[2026-09-30T11:34:11.038+0000] {manager.py:821} INFO - Searching for files in /opt/airflow/dags
[2026-09-30T11:34:11.064+0000] {manager.py:824} INFO - There are 0 files in /opt/airflow/dags
[2026-09-30T11:34:41.300+0000] {manager.py:821} INFO - Searching for files in /opt/airflow/dags
[2026-09-30T11:34:41.313+0000] {manager.py:824} INFO - There are 0 files in /opt/airflow/dags
[2026-09-30T11:35:11.562+0000] {manager.py:821} INFO - Searching for files in /opt/airflow/dags
[2026-09-30T11:35:11.588+0000] {manager.py:824} INFO - There are 0 files in /opt/airflow/dags
[2026-09-30T11:35:41.823+0000] {manager.py:821} INFO - Searching for files in /opt/airflow/dags
[2026-09-30T11:35:41.830+0000] {manager.py:824} INFO - There are 0 files in /opt/airflow/dags
[2026-09-30T11:36:12.048+0000] {manager.py:821} INFO - Searching for files in /opt/airflow/dags
[2026-09-30T11:36:12.057+0000] {manager.py:824} INFO - There are 0 files in /opt/airflow/dags
[2026-09-30T11:36:42.267+0000] {manager.py:821} INFO - Searching for files in /opt/airflow/dags
[2026-09-30T11:36:42.297+0000] {manager.py:824} INFO - There are 0 files in /opt/airflow/dags
[2026-09-30T11:37:12.542+0000] {manager.py:821} INFO - Searching for files in /opt/airflow/dags
[2026-09-30T11:37:12.551+0000] {manager.py:824} INFO - There are 0 files in /opt/airflow/dags
[2026-09-30T11:37:42.781+0000] {manager.py:821} INFO - Searching for files in /opt/airflow/dags
[2026-09-30T11:37:42.816+0000] {manager.py:824} INFO - There are 0 files in /opt/airflow/dags
[2026-09-30T11:38:13.047+0000] {manager.py:821} INFO - Searching for files in /opt/airflow/dags
[2026-09-30T11:38:13.094+0000] {manager.py:824} INFO - There are 0 files in /opt/airflow/dags
[2026-09-30T11:38:43.323+0000] {manager.py:821} INFO - Searching for files in /opt/airflow/dags
[2026-09-30T11:38:43.332+0000] {manager.py:824} INFO - There are 0 files in /opt/airflow/dags
[2026-09-30T11:39:13.546+0000] {manager.py:821} INFO - Searching for files in /opt/airflow/dags
[2026-09-30T11:39:13.561+0000] {manager.py:824} INFO - There are 0 files in /opt/airflow/dags
[2026-09-30T11:39:43.788+0000] {manager.py:821} INFO - Searching for files in /opt/airflow/dags
[2026-09-30T11:39:43.816+0000] {manager.py:824} INFO - There are 0 files in /opt/airflow/dags
[2026-09-30T11:40:14.041+0000] {manager.py:821} INFO - Searching for files in /opt/airflow/dags
[2026-09-30T11:40:14.053+0000] {manager.py:824} INFO - There are 0 files in /opt/airflow/dags
[2026-09-30T11:40:44.284+0000] {manager.py:821} INFO - Searching for files in /opt/airflow/dags
[2026-09-30T11:40:44.324+0000] {manager.py:824} INFO - There are 0 files in /opt/airflow/dags
[2026-09-30T11:41:14.554+0000] {manager.py:821} INFO - Searching for files in /opt/airflow/dags
[2026-09-30T11:41:14.600+0000] {manager.py:824} INFO - There are 0 files in /opt/airflow/dags
[2026-09-30T11:41:44.836+0000] {manager.py:821} INFO - Searching for files in /opt/airflow/dags
[2026-09-30T11:41:44.866+0000] {manager.py:824} INFO - There are 0 files in /opt/airflow/dags
[2026-09-30T11:42:15.090+0000] {manager.py:821} INFO - Searching for files in /opt/airflow/dags
[2026-09-30T11:42:15.117+0000] {manager.py:824} INFO - There are 0 files in /opt/airflow/dags
[2026-09-30T11:42:45.337+0000] {manager.py:821} INFO - Searching for files in /opt/airflow/dags
[2026-09-30T11:42:45.345+0000] {manager.py:824} INFO - There are 0 files in /opt/airflow/dags
[2026-09-30T11:43:15.558+0000] {manager.py:821} INFO - Searching for files in /opt/airflow/dags
[2026-09-30T11:43:15.575+0000] {manager.py:824} INFO - There are 0 files in /opt/airflow/dags
[2026-09-30T11:43:45.810+0000] {manager.py:821} INFO - Searching for files in /opt/airflow/dags
[2026-09-30T11:43:45.837+0000] {manager.py:824} INFO - There are 0 files in /opt/airflow/dags
[2026-09-30T11:44:16.060+0000] {manager.py:821} INFO - Searching for files in /opt/airflow/dags
[2026-09-30T11:44:16.081+0000] {manager.py:824} INFO - There are 0 files in /opt/airflow/dags
[2026-09-30T11:44:46.301+0000] {manager.py:821} INFO - Searching for files in /opt/airflow/dags
[2026-09-30T11:44:46.331+0000] {manager.py:824} INFO - There are 0 files in /opt/airflow/dags
[2026-09-30T11:45:16.561+0000] {manager.py:821} INFO - Searching for files in /opt/airflow/dags
[2026-09-30T11:45:16.565+0000] {manager.py:824} INFO - There are 0 files in /opt/airflow/dags
[2026-09-30T11:45:46.776+0000] {manager.py:821} INFO - Searching for files in /opt/airflow/dags
[2026-09-30T11:45:46.799+0000] {manager.py:824} INFO - There are 0 files in /opt/airflow/dags
[2026-09-30T11:46:17.028+0000] {manager.py:821} INFO - Searching for files in /opt/airflow/dags
[2026-09-30T11:46:17.061+0000] {manager.py:824} INFO - There are 0 files in /opt/airflow/dags
[2026-09-30T11:46:47.288+0000] {manager.py:821} INFO - Searching for files in /opt/airflow/dags
[2026-09-30T11:46:47.329+0000] {manager.py:824} INFO - There are 0 files in /opt/airflow/dags
[2026-09-30T11:47:17.554+0000] {manager.py:821} INFO - Searching for files in /opt/airflow/dags
[2026-09-30T11:47:17.577+0000] {manager.py:824} INFO - There are 0 files in /opt/airflow/dags
[2026-09-30T11:47:47.817+0000] {manager.py:821} INFO - Searching for files in /opt/airflow/dags
[2026-09-30T11:47:47.828+0000] {manager.py:824} INFO - There are 0 files in /opt/airflow/dags
[2026-09-30T11:48:18.061+0000] {manager.py:821} INFO - Searching for files in /opt/airflow/dags
[2026-09-30T11:48:18.072+0000] {manager.py:824} INFO - There are 0 files in /opt/airflow/dags
[2026-09-30T11:48:48.302+0000] {manager.py:821} INFO - Searching for files in /opt/airflow/dags
[2026-09-30T11:48:48.330+0000] {manager.py:824} INFO - There are 0 files in /opt/airflow/dags
[2026-09-30T11:49:18.564+0000] {manager.py:821} INFO - Searching for files in /opt/airflow/dags
[2026-09-30T11:49:18.592+0000] {manager.py:824} INFO - There are 0 files in /opt/airflow/dags
[2026-09-30T11:49:48.821+0000] {manager.py:821} INFO - Searching for files in /opt/airflow/dags
[2026-09-30T11:49:48.828+0000] {manager.py:824} INFO - There are 0 files in /opt/airflow/dags
[2026-09-30T11:50:19.041+0000] {manager.py:821} INFO - Searching for files in /opt/airflow/dags
[2026-09-30T11:50:19.052+0000] {manager.py:824} INFO - There are 0 files in /opt/airflow/dags
[2026-09-30T11:50:49.288+0000] {manager.py:821} INFO - Searching for files in /opt/airflow/dags
[2026-09-30T11:50:49.360+0000] {manager.py:824} INFO - There are 0 files in /opt/airflow/dags
[2026-09-30T11:51:19.614+0000] {manager.py:821} INFO - Searching for files in /opt/airflow/dags
[2026-09-30T11:51:19.618+0000] {manager.py:824} INFO - There are 0 files in /opt/airflow/dags
[2026-09-30T11:51:49.842+0000] {manager.py:821} INFO - Searching for files in /opt/airflow/dags
[2026-09-30T11:51:49.850+0000] {manager.py:824} INFO - There are 0 files in /opt/airflow/dags
[2026-09-30T11:52:20.074+0000] {manager.py:821} INFO - Searching for files in /opt/airflow/dags
[2026-09-30T11:52:20.081+0000] {manager.py:824} INFO - There are 0 files in /opt/airflow/dags
[2026-09-30T11:52:50.322+0000] {manager.py:821} INFO - Searching for files in /opt/airflow/dags
[2026-09-30T11:52:50.330+0000] {manager.py:824} INFO - There are 0 files in /opt/airflow/dags
[2026-09-30T11:53:20.561+0000] {manager.py:821} INFO - Searching for files in /opt/airflow/dags
[2026-09-30T11:53:20.568+0000] {manager.py:824} INFO - There are 0 files in /opt/airflow/dags
[2026-09-30T11:53:50.780+0000] {manager.py:821} INFO - Searching for files in /opt/airflow/dags
[2026-09-30T11:53:50.785+0000] {manager.py:824} INFO - There are 0 files in /opt/airflow/dags
[2026-09-30T11:54:20.986+0000] {manager.py:821} INFO - Searching for files in /opt/airflow/dags
[2026-09-30T11:54:21.001+0000] {manager.py:824} INFO - There are 0 files in /opt/airflow/dags
[2026-09-30T11:54:51.229+0000] {manager.py:821} INFO - Searching for files in /opt/airflow/dags
[2026-09-30T11:54:51.235+0000] {manager.py:824} INFO - There are 0 files in /opt/airflow/dags
[2026-09-30T11:55:21.457+0000] {manager.py:821} INFO - Searching for files in /opt/airflow/dags
[2026-09-30T11:55:21.464+0000] {manager.py:824} INFO - There are 0 files in /opt/airflow/dags
[2026-09-30T11:55:51.693+0000] {manager.py:821} INFO - Searching for files in /opt/airflow/dags
[2026-09-30T11:55:51.721+0000] {manager.py:824} INFO - There are 0 files in /opt/airflow/dags
[2026-09-30T11:56:21.963+0000] {manager.py:821} INFO - Searching for files in /opt/airflow/dags
[2026-09-30T11:56:21.971+0000] {manager.py:824} INFO - There are 0 files in /opt/airflow/dags
[2026-09-30T11:56:52.206+0000] {manager.py:821} INFO - Searching for files in /opt/airflow/dags
[2026-09-30T11:56:52.218+0000] {manager.py:824} INFO - There are 0 files in /opt/airflow/dags
[2026-09-30T11:57:22.453+0000] {manager.py:821} INFO - Searching for files in /opt/airflow/dags
[2026-09-30T11:57:22.488+0000] {manager.py:824} INFO - There are 0 files in /opt/airflow/dags
[2026-09-30T11:57:52.721+0000] {manager.py:821} INFO - Searching for files in /opt/airflow/dags
[2026-09-30T11:57:52.730+0000] {manager.py:824} INFO - There are 0 files in /opt/airflow/dags
[2026-09-30T11:58:22.970+0000] {manager.py:821} INFO - Searching for files in /opt/airflow/dags
[2026-09-30T11:58:22.978+0000] {manager.py:824} INFO - There are 0 files in /opt/airflow/dags
[2026-09-30T11:58:53.205+0000] {manager.py:821} INFO - Searching for files in /opt/airflow/dags
[2026-09-30T11:58:53.240+0000] {manager.py:824} INFO - There are 0 files in /opt/airflow/dags
[2026-09-30T11:59:23.489+0000] {manager.py:821} INFO - Searching for files in /opt/airflow/dags
[2026-09-30T11:59:23.556+0000] {manager.py:824} INFO - There are 0 files in /opt/airflow/dags
[2026-09-30T11:59:53.798+0000] {manager.py:821} INFO - Searching for files in /opt/airflow/dags
[2026-09-30T11:59:53.845+0000] {manager.py:824} INFO - There are 0 files in /opt/airflow/dags
[2026-09-30T12:00:24.085+0000] {manager.py:821} INFO - Searching for files in /opt/airflow/dags
[2026-09-30T12:00:24.105+0000] {manager.py:824} INFO - There are 0 files in /opt/airflow/dags
[2026-09-30T12:00:54.343+0000] {manager.py:821} INFO - Searching for files in /opt/airflow/dags
[2026-09-30T12:00:54.388+0000] {manager.py:824} INFO - There are 0 files in /opt/airflow/dags
[2026-09-30T12:01:24.618+0000] {manager.py:821} INFO - Searching for files in /opt/airflow/dags
[2026-09-30T12:01:24.702+0000] {manager.py:824} INFO - There are 0 files in /opt/airflow/dags
[2026-09-30T12:01:54.939+0000] {manager.py:821} INFO - Searching for files in /opt/airflow/dags
[2026-09-30T12:01:54.989+0000] {manager.py:824} INFO - There are 0 files in /opt/airflow/dags
[2026-09-30T12:02:25.232+0000] {manager.py:821} INFO - Searching for files in /opt/airflow/dags
[2026-09-30T12:02:25.277+0000] {manager.py:824} INFO - There are 0 files in /opt/airflow/dags
[2026-09-30T12:02:55.500+0000] {manager.py:821} INFO - Searching for files in /opt/airflow/dags
[2026-09-30T12:02:55.523+0000] {manager.py:824} INFO - There are 0 files in /opt/airflow/dags
[2026-09-30T12:03:25.755+0000] {manager.py:821} INFO - Searching for files in /opt/airflow/dags
[2026-09-30T12:03:25.767+0000] {manager.py:824} INFO - There are 0 files in /opt/airflow/dags
[2026-09-30T12:03:55.998+0000] {manager.py:821} INFO - Searching for files in /opt/airflow/dags
[2026-09-30T12:03:56.016+0000] {manager.py:824} INFO - There are 0 files in /opt/airflow/dags
[2026-09-30T12:04:26.234+0000] {manager.py:821} INFO - Searching for files in /opt/airflow/dags
[2026-09-30T12:04:26.305+0000] {manager.py:824} INFO - There are 0 files in /opt/airflow/dags
[2026-09-30T12:04:56.544+0000] {manager.py:821} INFO - Searching for files in /opt/airflow/dags
[2026-09-30T12:04:56.581+0000] {manager.py:824} INFO - There are 0 files in /opt/airflow/dags
[2026-09-30T12:05:26.794+0000] {manager.py:821} INFO - Searching for files in /opt/airflow/dags
[2026-09-30T12:05:26.831+0000] {manager.py:824} INFO - There are 0 files in /opt/airflow/dags
[2026-09-30T12:05:57.067+0000] {manager.py:821} INFO - Searching for files in /opt/airflow/dags
[2026-09-30T12:05:57.081+0000] {manager.py:824} INFO - There are 0 files in /opt/airflow/dags
[2026-09-30T12:06:27.297+0000] {manager.py:821} INFO - Searching for files in /opt/airflow/dags
[2026-09-30T12:06:27.334+0000] {manager.py:824} INFO - There are 0 files in /opt/airflow/dags
[2026-09-30T12:06:57.559+0000] {manager.py:821} INFO - Searching for files in /opt/airflow/dags
[2026-09-30T12:06:57.567+0000] {manager.py:824} INFO - There are 0 files in /opt/airflow/dags
[2026-09-30T12:07:27.813+0000] {manager.py:821} INFO - Searching for files in /opt/airflow/dags
[2026-09-30T12:07:27.831+0000] {manager.py:824} INFO - There are 0 files in /opt/airflow/dags
[2026-09-30T12:07:58.083+0000] {manager.py:821} INFO - Searching for files in /opt/airflow/dags
[2026-09-30T12:07:58.118+0000] {manager.py:824} INFO - There are 0 files in /opt/airflow/dags
[2026-09-30T12:08:28.356+0000] {manager.py:821} INFO - Searching for files in /opt/airflow/dags
[2026-09-30T12:08:28.386+0000] {manager.py:824} INFO - There are 0 files in /opt/airflow/dags
[2026-09-30T12:08:58.630+0000] {manager.py:821} INFO - Searching for files in /opt/airflow/dags
[2026-09-30T12:08:58.656+0000] {manager.py:824} INFO - There are 0 files in /opt/airflow/dags
[2026-09-30T12:09:28.892+0000] {manager.py:821} INFO - Searching for files in /opt/airflow/dags
[2026-09-30T12:09:28.937+0000] {manager.py:824} INFO - There are 0 files in /opt/airflow/dags
[2026-09-30T12:09:59.165+0000] {manager.py:821} INFO - Searching for files in /opt/airflow/dags
[2026-09-30T12:09:59.180+0000] {manager.py:824} INFO - There are 0 files in /opt/airflow/dags
[2026-09-30T12:10:29.414+0000] {manager.py:821} INFO - Searching for files in /opt/airflow/dags
[2026-09-30T12:10:29.435+0000] {manager.py:824} INFO - There are 0 files in /opt/airflow/dags
[2026-09-30T12:10:59.676+0000] {manager.py:821} INFO - Searching for files in /opt/airflow/dags
[2026-09-30T12:10:59.692+0000] {manager.py:824} INFO - There are 0 files in /opt/airflow/dags
[2026-09-30T12:11:29.926+0000] {manager.py:821} INFO - Searching for files in /opt/airflow/dags
[2026-09-30T12:11:29.936+0000] {manager.py:824} INFO - There are 0 files in /opt/airflow/dags
[2026-09-30T12:12:00.167+0000] {manager.py:821} INFO - Searching for files in /opt/airflow/dags
[2026-09-30T12:12:00.213+0000] {manager.py:824} INFO - There are 0 files in /opt/airflow/dags
[2026-09-30T12:12:30.450+0000] {manager.py:821} INFO - Searching for files in /opt/airflow/dags
[2026-09-30T12:12:30.458+0000] {manager.py:824} INFO - There are 0 files in /opt/airflow/dags
[2026-09-30T12:13:00.707+0000] {manager.py:821} INFO - Searching for files in /opt/airflow/dags
[2026-09-30T12:13:00.722+0000] {manager.py:824} INFO - There are 0 files in /opt/airflow/dags
[2026-09-30T12:13:30.957+0000] {manager.py:821} INFO - Searching for files in /opt/airflow/dags
[2026-09-30T12:13:30.967+0000] {manager.py:824} INFO - There are 0 files in /opt/airflow/dags
[2026-09-30T12:14:01.204+0000] {manager.py:821} INFO - Searching for files in /opt/airflow/dags
[2026-09-30T12:14:01.215+0000] {manager.py:824} INFO - There are 0 files in /opt/airflow/dags
[2026-09-30T12:14:31.463+0000] {manager.py:821} INFO - Searching for files in /opt/airflow/dags
[2026-09-30T12:14:31.483+0000] {manager.py:824} INFO - There are 0 files in /opt/airflow/dags
[2026-09-30T12:15:01.753+0000] {manager.py:821} INFO - Searching for files in /opt/airflow/dags
[2026-09-30T12:15:01.824+0000] {manager.py:824} INFO - There are 0 files in /opt/airflow/dags
[2026-09-30T12:15:32.053+0000] {manager.py:821} INFO - Searching for files in /opt/airflow/dags
[2026-09-30T12:15:32.063+0000] {manager.py:824} INFO - There are 0 files in /opt/airflow/dags
[2026-09-30T12:16:02.297+0000] {manager.py:821} INFO - Searching for files in /opt/airflow/dags
[2026-09-30T12:16:02.414+0000] {manager.py:824} INFO - There are 0 files in /opt/airflow/dags
[2026-09-30T12:16:32.687+0000] {manager.py:821} INFO - Searching for files in /opt/airflow/dags
[2026-09-30T12:16:32.700+0000] {manager.py:824} INFO - There are 0 files in /opt/airflow/dags
[2026-09-30T12:17:02.939+0000] {manager.py:821} INFO - Searching for files in /opt/airflow/dags
[2026-09-30T12:17:02.951+0000] {manager.py:824} INFO - There are 0 files in /opt/airflow/dags
[2026-09-30T12:17:33.205+0000] {manager.py:821} INFO - Searching for files in /opt/airflow/dags
[2026-09-30T12:17:33.219+0000] {manager.py:824} INFO - There are 0 files in /opt/airflow/dags
[2026-09-30T12:18:03.518+0000] {manager.py:821} INFO - Searching for files in /opt/airflow/dags
[2026-09-30T12:18:03.536+0000] {manager.py:824} INFO - There are 0 files in /opt/airflow/dags
[2026-09-30T12:18:33.796+0000] {manager.py:821} INFO - Searching for files in /opt/airflow/dags
[2026-09-30T12:18:33.812+0000] {manager.py:824} INFO - There are 0 files in /opt/airflow/dags
[2026-09-30T12:19:04.078+0000] {manager.py:821} INFO - Searching for files in /opt/airflow/dags
[2026-09-30T12:19:04.088+0000] {manager.py:824} INFO - There are 0 files in /opt/airflow/dags
[2026-09-30T12:19:34.355+0000] {manager.py:821} INFO - Searching for files in /opt/airflow/dags
[2026-09-30T12:19:34.360+0000] {manager.py:824} INFO - There are 0 files in /opt/airflow/dags
[2026-09-30T12:20:04.601+0000] {manager.py:821} INFO - Searching for files in /opt/airflow/dags
[2026-09-30T12:20:04.625+0000] {manager.py:824} INFO - There are 0 files in /opt/airflow/dags
[2026-09-30T12:20:34.887+0000] {manager.py:821} INFO - Searching for files in /opt/airflow/dags
[2026-09-30T12:20:34.897+0000] {manager.py:824} INFO - There are 0 files in /opt/airflow/dags
[2026-09-30T12:21:05.146+0000] {manager.py:821} INFO - Searching for files in /opt/airflow/dags
[2026-09-30T12:21:05.156+0000] {manager.py:824} INFO - There are 0 files in /opt/airflow/dags
[2026-09-30T12:21:35.384+0000] {manager.py:821} INFO - Searching for files in /opt/airflow/dags
[2026-09-30T12:21:35.394+0000] {manager.py:824} INFO - There are 0 files in /opt/airflow/dags
[2026-09-30T12:22:05.626+0000] {manager.py:821} INFO - Searching for files in /opt/airflow/dags
[2026-09-30T12:22:05.635+0000] {manager.py:824} INFO - There are 0 files in /opt/airflow/dags
[2026-09-30T12:22:35.875+0000] {manager.py:821} INFO - Searching for files in /opt/airflow/dags
[2026-09-30T12:22:35.887+0000] {manager.py:824} INFO - There are 0 files in /opt/airflow/dags
[2026-09-30T12:23:06.132+0000] {manager.py:821} INFO - Searching for files in /opt/airflow/dags
[2026-09-30T12:23:06.142+0000] {manager.py:824} INFO - There are 0 files in /opt/airflow/dags
[2026-09-30T12:23:36.389+0000] {manager.py:821} INFO - Searching for files in /opt/airflow/dags
[2026-09-30T12:23:36.400+0000] {manager.py:824} INFO - There are 0 files in /opt/airflow/dags
[2026-09-30T12:24:06.639+0000] {manager.py:821} INFO - Searching for files in /opt/airflow/dags
[2026-09-30T12:24:06.644+0000] {manager.py:824} INFO - There are 0 files in /opt/airflow/dags
[2026-09-30T12:24:36.887+0000] {manager.py:821} INFO - Searching for files in /opt/airflow/dags
[2026-09-30T12:24:36.899+0000] {manager.py:824} INFO - There are 0 files in /opt/airflow/dags
[2026-09-30T12:25:07.205+0000] {manager.py:821} INFO - Searching for files in /opt/airflow/dags
[2026-09-30T12:25:07.219+0000] {manager.py:824} INFO - There are 0 files in /opt/airflow/dags
[2026-09-30T12:25:37.515+0000] {manager.py:821} INFO - Searching for files in /opt/airflow/dags
[2026-09-30T12:25:37.531+0000] {manager.py:824} INFO - There are 0 files in /opt/airflow/dags
[2026-09-30T12:26:07.782+0000] {manager.py:821} INFO - Searching for files in /opt/airflow/dags
[2026-09-30T12:26:07.794+0000] {manager.py:824} INFO - There are 0 files in /opt/airflow/dags
[2026-09-30T12:26:38.042+0000] {manager.py:821} INFO - Searching for files in /opt/airflow/dags
[2026-09-30T12:26:38.062+0000] {manager.py:824} INFO - There are 0 files in /opt/airflow/dags
[2026-09-30T12:27:08.294+0000] {manager.py:821} INFO - Searching for files in /opt/airflow/dags
[2026-09-30T12:27:08.301+0000] {manager.py:824} INFO - There are 0 files in /opt/airflow/dags
[2026-09-30T12:27:38.564+0000] {manager.py:821} INFO - Searching for files in /opt/airflow/dags
[2026-09-30T12:27:38.572+0000] {manager.py:824} INFO - There are 0 files in /opt/airflow/dags
[2026-09-30T12:28:08.849+0000] {manager.py:821} INFO - Searching for files in /opt/airflow/dags
[2026-09-30T12:28:08.863+0000] {manager.py:824} INFO - There are 0 files in /opt/airflow/dags
[2026-09-30T12:28:39.138+0000] {manager.py:821} INFO - Searching for files in /opt/airflow/dags
[2026-09-30T12:28:39.149+0000] {manager.py:824} INFO - There are 0 files in /opt/airflow/dags
[2026-09-30T12:29:09.400+0000] {manager.py:821} INFO - Searching for files in /opt/airflow/dags
[2026-09-30T12:29:09.407+0000] {manager.py:824} INFO - There are 0 files in /opt/airflow/dags
[2026-09-30T12:29:39.655+0000] {manager.py:821} INFO - Searching for files in /opt/airflow/dags
[2026-09-30T12:29:39.669+0000] {manager.py:824} INFO - There are 0 files in /opt/airflow/dags
[2026-09-30T12:30:09.931+0000] {manager.py:821} INFO - Searching for files in /opt/airflow/dags
[2026-09-30T12:30:09.950+0000] {manager.py:824} INFO - There are 0 files in /opt/airflow/dags
[2026-09-30T12:30:40.207+0000] {manager.py:821} INFO - Searching for files in /opt/airflow/dags
[2026-09-30T12:30:40.220+0000] {manager.py:824} INFO - There are 0 files in /opt/airflow/dags
[2026-09-30T12:31:10.491+0000] {manager.py:821} INFO - Searching for files in /opt/airflow/dags
[2026-09-30T12:31:10.511+0000] {manager.py:824} INFO - There are 0 files in /opt/airflow/dags
[2026-09-30T12:31:40.805+0000] {manager.py:821} INFO - Searching for files in /opt/airflow/dags
[2026-09-30T12:31:40.817+0000] {manager.py:824} INFO - There are 0 files in /opt/airflow/dags
[2026-09-30T12:32:11.081+0000] {manager.py:821} INFO - Searching for files in /opt/airflow/dags
[2026-09-30T12:32:11.109+0000] {manager.py:824} INFO - There are 0 files in /opt/airflow/dags
[2026-09-30T12:32:41.364+0000] {manager.py:821} INFO - Searching for files in /opt/airflow/dags
[2026-09-30T12:32:41.380+0000] {manager.py:824} INFO - There are 0 files in /opt/airflow/dags
[2026-09-30T12:33:11.667+0000] {manager.py:821} INFO - Searching for files in /opt/airflow/dags
[2026-09-30T12:33:11.680+0000] {manager.py:824} INFO - There are 0 files in /opt/airflow/dags
[2026-09-30T12:33:41.945+0000] {manager.py:821} INFO - Searching for files in /opt/airflow/dags
[2026-09-30T12:33:41.956+0000] {manager.py:824} INFO - There are 0 files in /opt/airflow/dags
[2026-09-30T12:34:12.218+0000] {manager.py:821} INFO - Searching for files in /opt/airflow/dags
[2026-09-30T12:34:12.225+0000] {manager.py:824} INFO - There are 0 files in /opt/airflow/dags
[2026-09-30T12:34:42.490+0000] {manager.py:821} INFO - Searching for files in /opt/airflow/dags
[2026-09-30T12:34:42.505+0000] {manager.py:824} INFO - There are 0 files in /opt/airflow/dags
[2026-09-30T12:35:12.760+0000] {manager.py:821} INFO - Searching for files in /opt/airflow/dags
[2026-09-30T12:35:12.777+0000] {manager.py:824} INFO - There are 0 files in /opt/airflow/dags
[2026-09-30T12:35:43.021+0000] {manager.py:821} INFO - Searching for files in /opt/airflow/dags
[2026-09-30T12:35:43.054+0000] {manager.py:824} INFO - There are 0 files in /opt/airflow/dags
[2026-09-30T12:36:13.317+0000] {manager.py:821} INFO - Searching for files in /opt/airflow/dags
[2026-09-30T12:36:13.326+0000] {manager.py:824} INFO - There are 0 files in /opt/airflow/dags
[2026-09-30T12:36:43.577+0000] {manager.py:821} INFO - Searching for files in /opt/airflow/dags
[2026-09-30T12:36:43.587+0000] {manager.py:824} INFO - There are 0 files in /opt/airflow/dags
[2026-09-30T12:37:13.877+0000] {manager.py:821} INFO - Searching for files in /opt/airflow/dags
[2026-09-30T12:37:13.883+0000] {manager.py:824} INFO - There are 0 files in /opt/airflow/dags
[2026-09-30T12:37:44.126+0000] {manager.py:821} INFO - Searching for files in /opt/airflow/dags
[2026-09-30T12:37:44.135+0000] {manager.py:824} INFO - There are 0 files in /opt/airflow/dags
[2026-09-30T12:38:14.380+0000] {manager.py:821} INFO - Searching for files in /opt/airflow/dags
[2026-09-30T12:38:14.390+0000] {manager.py:824} INFO - There are 0 files in /opt/airflow/dags
[2026-09-30T12:38:44.644+0000] {manager.py:821} INFO - Searching for files in /opt/airflow/dags
[2026-09-30T12:38:44.655+0000] {manager.py:824} INFO - There are 0 files in /opt/airflow/dags
[2026-09-30T12:39:14.893+0000] {manager.py:821} INFO - Searching for files in /opt/airflow/dags
[2026-09-30T12:39:14.901+0000] {manager.py:824} INFO - There are 0 files in /opt/airflow/dags
[2026-09-30T12:39:45.138+0000] {manager.py:821} INFO - Searching for files in /opt/airflow/dags
[2026-09-30T12:39:45.161+0000] {manager.py:824} INFO - There are 0 files in /opt/airflow/dags
[2026-09-30T12:40:15.409+0000] {manager.py:821} INFO - Searching for files in /opt/airflow/dags
[2026-09-30T12:40:15.429+0000] {manager.py:824} INFO - There are 0 files in /opt/airflow/dags
[2026-09-30T12:40:45.665+0000] {manager.py:821} INFO - Searching for files in /opt/airflow/dags
[2026-09-30T12:40:45.700+0000] {manager.py:824} INFO - There are 0 files in /opt/airflow/dags
[2026-09-30T12:41:15.931+0000] {manager.py:821} INFO - Searching for files in /opt/airflow/dags
[2026-09-30T12:41:15.942+0000] {manager.py:824} INFO - There are 0 files in /opt/airflow/dags
[2026-09-30T12:41:46.174+0000] {manager.py:821} INFO - Searching for files in /opt/airflow/dags
[2026-09-30T12:41:46.201+0000] {manager.py:824} INFO - There are 0 files in /opt/airflow/dags
[2026-09-30T12:42:16.455+0000] {manager.py:821} INFO - Searching for files in /opt/airflow/dags
[2026-09-30T12:42:16.462+0000] {manager.py:824} INFO - There are 0 files in /opt/airflow/dags
[2026-09-30T12:42:46.710+0000] {manager.py:821} INFO - Searching for files in /opt/airflow/dags
[2026-09-30T12:42:46.719+0000] {manager.py:824} INFO - There are 0 files in /opt/airflow/dags
[2026-09-30T12:43:16.960+0000] {manager.py:821} INFO - Searching for files in /opt/airflow/dags
[2026-09-30T12:43:16.976+0000] {manager.py:824} INFO - There are 0 files in /opt/airflow/dags
[2026-09-30T12:43:47.215+0000] {manager.py:821} INFO - Searching for files in /opt/airflow/dags
[2026-09-30T12:43:47.227+0000] {manager.py:824} INFO - There are 0 files in /opt/airflow/dags
[2026-09-30T12:44:17.468+0000] {manager.py:821} INFO - Searching for files in /opt/airflow/dags
[2026-09-30T12:44:17.475+0000] {manager.py:824} INFO - There are 0 files in /opt/airflow/dags
[2026-09-30T12:44:47.737+0000] {manager.py:821} INFO - Searching for files in /opt/airflow/dags
[2026-09-30T12:44:47.759+0000] {manager.py:824} INFO - There are 0 files in /opt/airflow/dags
[2026-09-30T12:45:17.987+0000] {manager.py:821} INFO - Searching for files in /opt/airflow/dags
[2026-09-30T12:45:17.998+0000] {manager.py:824} INFO - There are 0 files in /opt/airflow/dags
[2026-09-30T12:45:48.230+0000] {manager.py:821} INFO - Searching for files in /opt/airflow/dags
[2026-09-30T12:45:48.250+0000] {manager.py:824} INFO - There are 0 files in /opt/airflow/dags
[2026-09-30T12:46:18.475+0000] {manager.py:821} INFO - Searching for files in /opt/airflow/dags
[2026-09-30T12:46:18.484+0000] {manager.py:824} INFO - There are 0 files in /opt/airflow/dags
[2026-09-30T12:46:48.712+0000] {manager.py:821} INFO - Searching for files in /opt/airflow/dags
[2026-09-30T12:46:48.720+0000] {manager.py:824} INFO - There are 0 files in /opt/airflow/dags
[2026-09-30T12:47:18.956+0000] {manager.py:821} INFO - Searching for files in /opt/airflow/dags
[2026-09-30T12:47:18.965+0000] {manager.py:824} INFO - There are 0 files in /opt/airflow/dags
[2026-09-30T12:47:49.209+0000] {manager.py:821} INFO - Searching for files in /opt/airflow/dags
[2026-09-30T12:47:49.218+0000] {manager.py:824} INFO - There are 0 files in /opt/airflow/dags
[2026-09-30T12:48:19.434+0000] {manager.py:821} INFO - Searching for files in /opt/airflow/dags
[2026-09-30T12:48:19.438+0000] {manager.py:824} INFO - There are 0 files in /opt/airflow/dags
[2026-09-30T12:48:49.659+0000] {manager.py:821} INFO - Searching for files in /opt/airflow/dags
[2026-09-30T12:48:49.668+0000] {manager.py:824} INFO - There are 0 files in /opt/airflow/dags
[2026-09-30T12:49:19.912+0000] {manager.py:821} INFO - Searching for files in /opt/airflow/dags
[2026-09-30T12:49:19.919+0000] {manager.py:824} INFO - There are 0 files in /opt/airflow/dags
[2026-09-30T12:49:50.154+0000] {manager.py:821} INFO - Searching for files in /opt/airflow/dags
[2026-09-30T12:49:50.162+0000] {manager.py:824} INFO - There are 0 files in /opt/airflow/dags
[2026-09-30T12:50:20.412+0000] {manager.py:821} INFO - Searching for files in /opt/airflow/dags
[2026-09-30T12:50:20.432+0000] {manager.py:824} INFO - There are 0 files in /opt/airflow/dags
[2026-09-30T12:50:50.658+0000] {manager.py:821} INFO - Searching for files in /opt/airflow/dags
[2026-09-30T12:50:50.677+0000] {manager.py:824} INFO - There are 0 files in /opt/airflow/dags
[2026-09-30T22:26:13.456+0000] {manager.py:483} INFO - Processing files using up to 2 processes at a time 
[2026-09-30T22:26:13.814+0000] {manager.py:484} INFO - Process each file at most once every 30 seconds
[2026-09-30T22:26:13.960+0000] {manager.py:485} INFO - Checking for new files in /opt/airflow/dags every 30 seconds
[2026-09-30T22:26:14.287+0000] {manager.py:821} INFO - Searching for files in /opt/airflow/dags
[2026-09-30T22:26:14.612+0000] {manager.py:824} INFO - There are 0 files in /opt/airflow/dags
[2026-09-30T22:26:44.289+0000] {manager.py:821} INFO - Searching for files in /opt/airflow/dags
[2026-09-30T22:26:44.391+0000] {manager.py:824} INFO - There are 0 files in /opt/airflow/dags
[2026-09-30T22:27:14.629+0000] {manager.py:821} INFO - Searching for files in /opt/airflow/dags
[2026-09-30T22:27:14.699+0000] {manager.py:824} INFO - There are 0 files in /opt/airflow/dags
[2026-09-30T22:27:44.929+0000] {manager.py:821} INFO - Searching for files in /opt/airflow/dags
[2026-09-30T22:27:44.954+0000] {manager.py:824} INFO - There are 0 files in /opt/airflow/dags
[2026-09-30T22:28:15.167+0000] {manager.py:821} INFO - Searching for files in /opt/airflow/dags
[2026-09-30T22:28:15.260+0000] {manager.py:824} INFO - There are 0 files in /opt/airflow/dags
[2026-09-30T22:28:45.510+0000] {manager.py:821} INFO - Searching for files in /opt/airflow/dags
[2026-09-30T22:28:45.531+0000] {manager.py:824} INFO - There are 0 files in /opt/airflow/dags
[2026-09-30T22:29:15.751+0000] {manager.py:821} INFO - Searching for files in /opt/airflow/dags
[2026-09-30T22:29:15.772+0000] {manager.py:824} INFO - There are 0 files in /opt/airflow/dags
[2026-09-30T22:29:45.997+0000] {manager.py:821} INFO - Searching for files in /opt/airflow/dags
[2026-09-30T22:29:46.017+0000] {manager.py:824} INFO - There are 0 files in /opt/airflow/dags
[2026-09-30T22:30:16.242+0000] {manager.py:821} INFO - Searching for files in /opt/airflow/dags
[2026-09-30T22:30:16.261+0000] {manager.py:824} INFO - There are 0 files in /opt/airflow/dags
[2026-09-30T22:30:46.494+0000] {manager.py:821} INFO - Searching for files in /opt/airflow/dags
[2026-09-30T22:30:46.514+0000] {manager.py:824} INFO - There are 0 files in /opt/airflow/dags
[2026-09-30T22:31:16.742+0000] {manager.py:821} INFO - Searching for files in /opt/airflow/dags
[2026-09-30T22:31:16.776+0000] {manager.py:824} INFO - There are 0 files in /opt/airflow/dags
[2026-09-30T22:31:46.998+0000] {manager.py:821} INFO - Searching for files in /opt/airflow/dags
[2026-09-30T22:31:47.009+0000] {manager.py:824} INFO - There are 0 files in /opt/airflow/dags
[2026-09-30T22:32:17.237+0000] {manager.py:821} INFO - Searching for files in /opt/airflow/dags
[2026-09-30T22:32:17.259+0000] {manager.py:824} INFO - There are 0 files in /opt/airflow/dags
[2026-09-30T22:32:47.476+0000] {manager.py:821} INFO - Searching for files in /opt/airflow/dags
[2026-09-30T22:32:47.496+0000] {manager.py:824} INFO - There are 0 files in /opt/airflow/dags
[2026-09-30T22:33:17.716+0000] {manager.py:821} INFO - Searching for files in /opt/airflow/dags
[2026-09-30T22:33:17.736+0000] {manager.py:824} INFO - There are 0 files in /opt/airflow/dags
[2026-09-30T22:33:47.957+0000] {manager.py:821} INFO - Searching for files in /opt/airflow/dags
[2026-09-30T22:33:48.135+0000] {manager.py:824} INFO - There are 0 files in /opt/airflow/dags
[2026-09-30T22:34:18.412+0000] {manager.py:821} INFO - Searching for files in /opt/airflow/dags
[2026-09-30T22:34:18.447+0000] {manager.py:824} INFO - There are 0 files in /opt/airflow/dags
[2026-09-30T22:34:48.687+0000] {manager.py:821} INFO - Searching for files in /opt/airflow/dags
[2026-09-30T22:34:48.708+0000] {manager.py:824} INFO - There are 0 files in /opt/airflow/dags
[2026-09-30T22:35:18.954+0000] {manager.py:821} INFO - Searching for files in /opt/airflow/dags
[2026-09-30T22:35:18.972+0000] {manager.py:824} INFO - There are 0 files in /opt/airflow/dags
[2026-09-30T22:35:49.210+0000] {manager.py:821} INFO - Searching for files in /opt/airflow/dags
[2026-09-30T22:35:49.242+0000] {manager.py:824} INFO - There are 0 files in /opt/airflow/dags
[2026-09-30T22:36:19.481+0000] {manager.py:821} INFO - Searching for files in /opt/airflow/dags
[2026-09-30T22:36:19.512+0000] {manager.py:824} INFO - There are 0 files in /opt/airflow/dags
[2026-09-30T22:36:49.738+0000] {manager.py:821} INFO - Searching for files in /opt/airflow/dags
[2026-09-30T22:36:49.794+0000] {manager.py:824} INFO - There are 0 files in /opt/airflow/dags
[2026-09-30T22:37:20.017+0000] {manager.py:821} INFO - Searching for files in /opt/airflow/dags
[2026-09-30T22:37:20.055+0000] {manager.py:824} INFO - There are 0 files in /opt/airflow/dags
[2026-09-30T22:37:50.305+0000] {manager.py:821} INFO - Searching for files in /opt/airflow/dags
[2026-09-30T22:37:50.382+0000] {manager.py:824} INFO - There are 0 files in /opt/airflow/dags
[2026-09-30T22:40:35.528+0000] {manager.py:821} INFO - Searching for files in /opt/airflow/dags
[2026-09-30T22:40:35.565+0000] {manager.py:824} INFO - There are 0 files in /opt/airflow/dags
[2026-09-30T22:41:05.817+0000] {manager.py:821} INFO - Searching for files in /opt/airflow/dags
[2026-09-30T22:41:05.829+0000] {manager.py:824} INFO - There are 0 files in /opt/airflow/dags
[2026-09-30T22:41:36.122+0000] {manager.py:821} INFO - Searching for files in /opt/airflow/dags
[2026-09-30T22:41:36.138+0000] {manager.py:824} INFO - There are 0 files in /opt/airflow/dags
[2026-09-30T22:42:06.429+0000] {manager.py:821} INFO - Searching for files in /opt/airflow/dags
[2026-09-30T22:42:06.446+0000] {manager.py:824} INFO - There are 0 files in /opt/airflow/dags
[2026-09-30T22:42:36.713+0000] {manager.py:821} INFO - Searching for files in /opt/airflow/dags
[2026-09-30T22:42:36.724+0000] {manager.py:824} INFO - There are 0 files in /opt/airflow/dags
[2026-09-30T22:43:06.996+0000] {manager.py:821} INFO - Searching for files in /opt/airflow/dags
[2026-09-30T22:43:07.014+0000] {manager.py:824} INFO - There are 0 files in /opt/airflow/dags
[2026-09-30T22:43:37.300+0000] {manager.py:821} INFO - Searching for files in /opt/airflow/dags
[2026-09-30T22:43:37.312+0000] {manager.py:824} INFO - There are 0 files in /opt/airflow/dags
[2026-09-30T22:44:07.588+0000] {manager.py:821} INFO - Searching for files in /opt/airflow/dags
[2026-09-30T22:44:07.604+0000] {manager.py:824} INFO - There are 0 files in /opt/airflow/dags
[2026-09-30T22:44:37.897+0000] {manager.py:821} INFO - Searching for files in /opt/airflow/dags
[2026-09-30T22:44:37.914+0000] {manager.py:824} INFO - There are 0 files in /opt/airflow/dags
[2026-09-30T22:45:08.212+0000] {manager.py:821} INFO - Searching for files in /opt/airflow/dags
[2026-09-30T22:45:08.229+0000] {manager.py:824} INFO - There are 0 files in /opt/airflow/dags
[2026-09-30T22:45:38.503+0000] {manager.py:821} INFO - Searching for files in /opt/airflow/dags
[2026-09-30T22:45:38.518+0000] {manager.py:824} INFO - There are 0 files in /opt/airflow/dags
[2026-09-30T22:46:08.782+0000] {manager.py:821} INFO - Searching for files in /opt/airflow/dags
[2026-09-30T22:46:08.796+0000] {manager.py:824} INFO - There are 0 files in /opt/airflow/dags
[2026-09-30T22:46:39.090+0000] {manager.py:821} INFO - Searching for files in /opt/airflow/dags
[2026-09-30T22:46:39.109+0000] {manager.py:824} INFO - There are 0 files in /opt/airflow/dags
[2026-09-30T22:47:09.401+0000] {manager.py:821} INFO - Searching for files in /opt/airflow/dags
[2026-09-30T22:47:09.417+0000] {manager.py:824} INFO - There are 0 files in /opt/airflow/dags
[2026-09-30T22:47:39.688+0000] {manager.py:821} INFO - Searching for files in /opt/airflow/dags
[2026-09-30T22:47:39.696+0000] {manager.py:824} INFO - There are 0 files in /opt/airflow/dags
[2026-09-30T22:48:09.940+0000] {manager.py:821} INFO - Searching for files in /opt/airflow/dags
[2026-09-30T22:48:09.970+0000] {manager.py:824} INFO - There are 0 files in /opt/airflow/dags
[2026-09-30T22:48:40.204+0000] {manager.py:821} INFO - Searching for files in /opt/airflow/dags
[2026-09-30T22:48:40.235+0000] {manager.py:824} INFO - There are 0 files in /opt/airflow/dags
[2026-09-30T22:49:10.510+0000] {manager.py:821} INFO - Searching for files in /opt/airflow/dags
[2026-09-30T22:49:10.518+0000] {manager.py:824} INFO - There are 0 files in /opt/airflow/dags
[2026-09-30T22:49:40.797+0000] {manager.py:821} INFO - Searching for files in /opt/airflow/dags
[2026-09-30T22:49:40.808+0000] {manager.py:824} INFO - There are 0 files in /opt/airflow/dags
[2026-09-30T22:50:11.087+0000] {manager.py:821} INFO - Searching for files in /opt/airflow/dags
[2026-09-30T22:50:11.103+0000] {manager.py:824} INFO - There are 0 files in /opt/airflow/dags
[2026-09-30T22:50:41.387+0000] {manager.py:821} INFO - Searching for files in /opt/airflow/dags
[2026-09-30T22:50:41.402+0000] {manager.py:824} INFO - There are 0 files in /opt/airflow/dags
[2026-09-30T22:51:11.666+0000] {manager.py:821} INFO - Searching for files in /opt/airflow/dags
[2026-09-30T22:51:11.682+0000] {manager.py:824} INFO - There are 0 files in /opt/airflow/dags
[2026-09-30T22:51:41.975+0000] {manager.py:821} INFO - Searching for files in /opt/airflow/dags
[2026-09-30T22:51:41.989+0000] {manager.py:824} INFO - There are 0 files in /opt/airflow/dags
[2026-09-30T22:52:12.303+0000] {manager.py:821} INFO - Searching for files in /opt/airflow/dags
[2026-09-30T22:52:12.320+0000] {manager.py:824} INFO - There are 0 files in /opt/airflow/dags
[2026-09-30T22:52:42.619+0000] {manager.py:821} INFO - Searching for files in /opt/airflow/dags
[2026-09-30T22:52:42.638+0000] {manager.py:824} INFO - There are 0 files in /opt/airflow/dags
[2026-09-30T22:53:12.943+0000] {manager.py:821} INFO - Searching for files in /opt/airflow/dags
[2026-09-30T22:53:12.957+0000] {manager.py:824} INFO - There are 0 files in /opt/airflow/dags
[2026-09-30T22:53:43.257+0000] {manager.py:821} INFO - Searching for files in /opt/airflow/dags
[2026-09-30T22:53:43.278+0000] {manager.py:824} INFO - There are 0 files in /opt/airflow/dags
[2026-09-30T22:54:13.577+0000] {manager.py:821} INFO - Searching for files in /opt/airflow/dags
[2026-09-30T22:54:13.598+0000] {manager.py:824} INFO - There are 0 files in /opt/airflow/dags
[2026-09-30T22:54:43.893+0000] {manager.py:821} INFO - Searching for files in /opt/airflow/dags
[2026-09-30T22:54:43.900+0000] {manager.py:824} INFO - There are 0 files in /opt/airflow/dags
[2026-09-30T22:55:14.197+0000] {manager.py:821} INFO - Searching for files in /opt/airflow/dags
[2026-09-30T22:55:14.210+0000] {manager.py:824} INFO - There are 0 files in /opt/airflow/dags
[2026-09-30T22:55:44.485+0000] {manager.py:821} INFO - Searching for files in /opt/airflow/dags
[2026-09-30T22:55:44.500+0000] {manager.py:824} INFO - There are 0 files in /opt/airflow/dags
[2026-09-30T22:56:14.809+0000] {manager.py:821} INFO - Searching for files in /opt/airflow/dags
[2026-09-30T22:56:14.822+0000] {manager.py:824} INFO - There are 0 files in /opt/airflow/dags
[2026-09-30T22:56:45.180+0000] {manager.py:821} INFO - Searching for files in /opt/airflow/dags
[2026-09-30T22:56:45.192+0000] {manager.py:824} INFO - There are 0 files in /opt/airflow/dags
[2026-09-30T22:57:15.547+0000] {manager.py:821} INFO - Searching for files in /opt/airflow/dags
[2026-09-30T22:57:15.565+0000] {manager.py:824} INFO - There are 0 files in /opt/airflow/dags
[2026-09-30T22:57:45.870+0000] {manager.py:821} INFO - Searching for files in /opt/airflow/dags
[2026-09-30T22:57:45.881+0000] {manager.py:824} INFO - There are 0 files in /opt/airflow/dags
[2026-09-30T22:58:16.158+0000] {manager.py:821} INFO - Searching for files in /opt/airflow/dags
[2026-09-30T22:58:16.171+0000] {manager.py:824} INFO - There are 0 files in /opt/airflow/dags
[2026-09-30T22:58:46.458+0000] {manager.py:821} INFO - Searching for files in /opt/airflow/dags
[2026-09-30T22:58:46.476+0000] {manager.py:824} INFO - There are 0 files in /opt/airflow/dags
[2026-09-30T22:59:16.789+0000] {manager.py:821} INFO - Searching for files in /opt/airflow/dags
[2026-09-30T22:59:16.801+0000] {manager.py:824} INFO - There are 0 files in /opt/airflow/dags
[2026-09-30T22:59:47.092+0000] {manager.py:821} INFO - Searching for files in /opt/airflow/dags
[2026-09-30T22:59:47.104+0000] {manager.py:824} INFO - There are 0 files in /opt/airflow/dags
[2026-09-30T23:00:17.392+0000] {manager.py:821} INFO - Searching for files in /opt/airflow/dags
[2026-09-30T23:00:17.414+0000] {manager.py:824} INFO - There are 0 files in /opt/airflow/dags
[2026-09-30T23:00:47.706+0000] {manager.py:821} INFO - Searching for files in /opt/airflow/dags
[2026-09-30T23:00:47.724+0000] {manager.py:824} INFO - There are 0 files in /opt/airflow/dags
[2026-09-30T23:01:17.995+0000] {manager.py:821} INFO - Searching for files in /opt/airflow/dags
[2026-09-30T23:01:18.053+0000] {manager.py:824} INFO - There are 0 files in /opt/airflow/dags
[2026-09-30T23:01:48.363+0000] {manager.py:821} INFO - Searching for files in /opt/airflow/dags
[2026-09-30T23:01:48.380+0000] {manager.py:824} INFO - There are 0 files in /opt/airflow/dags
[2026-09-30T23:02:18.643+0000] {manager.py:821} INFO - Searching for files in /opt/airflow/dags
[2026-09-30T23:02:18.659+0000] {manager.py:824} INFO - There are 0 files in /opt/airflow/dags
[2026-09-30T23:02:48.922+0000] {manager.py:821} INFO - Searching for files in /opt/airflow/dags
[2026-09-30T23:02:48.945+0000] {manager.py:824} INFO - There are 0 files in /opt/airflow/dags
[2026-09-30T23:03:19.197+0000] {manager.py:821} INFO - Searching for files in /opt/airflow/dags
[2026-09-30T23:03:19.214+0000] {manager.py:824} INFO - There are 0 files in /opt/airflow/dags
[2026-09-30T23:03:49.472+0000] {manager.py:821} INFO - Searching for files in /opt/airflow/dags
[2026-09-30T23:03:49.586+0000] {manager.py:824} INFO - There are 0 files in /opt/airflow/dags
[2026-09-30T23:04:19.876+0000] {manager.py:821} INFO - Searching for files in /opt/airflow/dags
[2026-09-30T23:04:19.962+0000] {manager.py:824} INFO - There are 0 files in /opt/airflow/dags
[2026-09-30T23:04:50.242+0000] {manager.py:821} INFO - Searching for files in /opt/airflow/dags
[2026-09-30T23:04:50.265+0000] {manager.py:824} INFO - There are 0 files in /opt/airflow/dags
[2026-09-30T23:05:20.535+0000] {manager.py:821} INFO - Searching for files in /opt/airflow/dags
[2026-09-30T23:05:20.638+0000] {manager.py:824} INFO - There are 0 files in /opt/airflow/dags
[2026-09-30T23:05:50.941+0000] {manager.py:821} INFO - Searching for files in /opt/airflow/dags
[2026-09-30T23:05:51.029+0000] {manager.py:824} INFO - There are 0 files in /opt/airflow/dags
[2026-09-30T23:06:21.299+0000] {manager.py:821} INFO - Searching for files in /opt/airflow/dags
[2026-09-30T23:06:21.365+0000] {manager.py:824} INFO - There are 0 files in /opt/airflow/dags
[2026-09-30T23:06:51.633+0000] {manager.py:821} INFO - Searching for files in /opt/airflow/dags
[2026-09-30T23:06:51.645+0000] {manager.py:824} INFO - There are 0 files in /opt/airflow/dags
[2026-09-30T23:07:21.934+0000] {manager.py:821} INFO - Searching for files in /opt/airflow/dags
[2026-09-30T23:07:21.952+0000] {manager.py:824} INFO - There are 0 files in /opt/airflow/dags
[2026-09-30T23:07:52.257+0000] {manager.py:821} INFO - Searching for files in /opt/airflow/dags
[2026-09-30T23:07:52.274+0000] {manager.py:824} INFO - There are 0 files in /opt/airflow/dags
[2026-09-30T23:08:22.573+0000] {manager.py:821} INFO - Searching for files in /opt/airflow/dags
[2026-09-30T23:08:22.587+0000] {manager.py:824} INFO - There are 0 files in /opt/airflow/dags
[2026-09-30T23:08:52.824+0000] {manager.py:821} INFO - Searching for files in /opt/airflow/dags
[2026-09-30T23:08:52.837+0000] {manager.py:824} INFO - There are 0 files in /opt/airflow/dags
[2026-09-30T23:09:23.111+0000] {manager.py:821} INFO - Searching for files in /opt/airflow/dags
[2026-09-30T23:09:23.140+0000] {manager.py:824} INFO - There are 0 files in /opt/airflow/dags
[2026-09-30T23:09:53.378+0000] {manager.py:821} INFO - Searching for files in /opt/airflow/dags
[2026-09-30T23:09:53.391+0000] {manager.py:824} INFO - There are 0 files in /opt/airflow/dags
[2026-09-30T23:10:23.619+0000] {manager.py:821} INFO - Searching for files in /opt/airflow/dags
[2026-09-30T23:10:23.636+0000] {manager.py:824} INFO - There are 0 files in /opt/airflow/dags
[2026-09-30T23:10:53.878+0000] {manager.py:821} INFO - Searching for files in /opt/airflow/dags
[2026-09-30T23:10:54.110+0000] {manager.py:824} INFO - There are 0 files in /opt/airflow/dags
[2026-09-30T23:11:24.388+0000] {manager.py:821} INFO - Searching for files in /opt/airflow/dags
[2026-09-30T23:11:24.405+0000] {manager.py:824} INFO - There are 0 files in /opt/airflow/dags
[2026-09-30T23:11:54.672+0000] {manager.py:821} INFO - Searching for files in /opt/airflow/dags
[2026-09-30T23:11:54.688+0000] {manager.py:824} INFO - There are 0 files in /opt/airflow/dags
[2026-09-30T23:12:24.916+0000] {manager.py:821} INFO - Searching for files in /opt/airflow/dags
[2026-09-30T23:12:24.933+0000] {manager.py:824} INFO - There are 0 files in /opt/airflow/dags
[2026-09-30T23:12:55.204+0000] {manager.py:821} INFO - Searching for files in /opt/airflow/dags
[2026-09-30T23:12:55.219+0000] {manager.py:824} INFO - There are 0 files in /opt/airflow/dags
[2026-09-30T23:13:25.483+0000] {manager.py:821} INFO - Searching for files in /opt/airflow/dags
[2026-09-30T23:13:25.517+0000] {manager.py:824} INFO - There are 0 files in /opt/airflow/dags
[2026-09-30T23:13:55.753+0000] {manager.py:821} INFO - Searching for files in /opt/airflow/dags
[2026-09-30T23:13:55.771+0000] {manager.py:824} INFO - There are 0 files in /opt/airflow/dags
[2026-09-30T23:14:26.031+0000] {manager.py:821} INFO - Searching for files in /opt/airflow/dags
[2026-09-30T23:14:26.043+0000] {manager.py:824} INFO - There are 0 files in /opt/airflow/dags
[2026-09-30T23:14:56.281+0000] {manager.py:821} INFO - Searching for files in /opt/airflow/dags
[2026-09-30T23:14:56.318+0000] {manager.py:824} INFO - There are 0 files in /opt/airflow/dags
[2026-09-30T23:15:26.582+0000] {manager.py:821} INFO - Searching for files in /opt/airflow/dags
[2026-09-30T23:15:26.621+0000] {manager.py:824} INFO - There are 0 files in /opt/airflow/dags
[2026-09-30T23:15:56.914+0000] {manager.py:821} INFO - Searching for files in /opt/airflow/dags
[2026-09-30T23:15:56.927+0000] {manager.py:824} INFO - There are 0 files in /opt/airflow/dags
[2026-09-30T23:16:27.189+0000] {manager.py:821} INFO - Searching for files in /opt/airflow/dags
[2026-09-30T23:16:27.203+0000] {manager.py:824} INFO - There are 0 files in /opt/airflow/dags
[2026-09-30T23:16:57.505+0000] {manager.py:821} INFO - Searching for files in /opt/airflow/dags
[2026-09-30T23:16:57.521+0000] {manager.py:824} INFO - There are 0 files in /opt/airflow/dags
[2026-09-30T23:17:27.804+0000] {manager.py:821} INFO - Searching for files in /opt/airflow/dags
[2026-09-30T23:17:27.818+0000] {manager.py:824} INFO - There are 0 files in /opt/airflow/dags
[2026-09-30T23:17:58.101+0000] {manager.py:821} INFO - Searching for files in /opt/airflow/dags
[2026-09-30T23:17:58.115+0000] {manager.py:824} INFO - There are 0 files in /opt/airflow/dags
[2026-09-30T23:18:28.390+0000] {manager.py:821} INFO - Searching for files in /opt/airflow/dags
[2026-09-30T23:18:28.408+0000] {manager.py:824} INFO - There are 0 files in /opt/airflow/dags
[2026-09-30T23:18:58.671+0000] {manager.py:821} INFO - Searching for files in /opt/airflow/dags
[2026-09-30T23:18:58.696+0000] {manager.py:824} INFO - There are 0 files in /opt/airflow/dags
[2026-09-30T23:19:28.916+0000] {manager.py:821} INFO - Searching for files in /opt/airflow/dags
[2026-09-30T23:19:29.018+0000] {manager.py:824} INFO - There are 0 files in /opt/airflow/dags
[2026-09-30T23:19:59.310+0000] {manager.py:821} INFO - Searching for files in /opt/airflow/dags
[2026-09-30T23:19:59.326+0000] {manager.py:824} INFO - There are 0 files in /opt/airflow/dags
[2026-09-30T23:20:29.541+0000] {manager.py:821} INFO - Searching for files in /opt/airflow/dags
[2026-09-30T23:20:29.757+0000] {manager.py:824} INFO - There are 0 files in /opt/airflow/dags
[2026-09-30T23:21:00.032+0000] {manager.py:821} INFO - Searching for files in /opt/airflow/dags
[2026-09-30T23:21:00.069+0000] {manager.py:824} INFO - There are 0 files in /opt/airflow/dags
[2026-09-30T23:21:30.306+0000] {manager.py:821} INFO - Searching for files in /opt/airflow/dags
[2026-09-30T23:21:30.342+0000] {manager.py:824} INFO - There are 0 files in /opt/airflow/dags
[2026-09-30T23:22:00.571+0000] {manager.py:821} INFO - Searching for files in /opt/airflow/dags
[2026-09-30T23:22:00.594+0000] {manager.py:824} INFO - There are 0 files in /opt/airflow/dags
[2026-09-30T23:22:30.812+0000] {manager.py:821} INFO - Searching for files in /opt/airflow/dags
[2026-09-30T23:22:30.839+0000] {manager.py:824} INFO - There are 0 files in /opt/airflow/dags
[2026-09-30T23:23:01.078+0000] {manager.py:821} INFO - Searching for files in /opt/airflow/dags
[2026-09-30T23:23:01.107+0000] {manager.py:824} INFO - There are 0 files in /opt/airflow/dags
[2026-09-30T23:23:31.332+0000] {manager.py:821} INFO - Searching for files in /opt/airflow/dags
[2026-09-30T23:23:31.500+0000] {manager.py:824} INFO - There are 0 files in /opt/airflow/dags
[2026-09-30T23:24:01.756+0000] {manager.py:821} INFO - Searching for files in /opt/airflow/dags
[2026-09-30T23:24:01.824+0000] {manager.py:824} INFO - There are 0 files in /opt/airflow/dags
[2026-09-30T23:24:32.066+0000] {manager.py:821} INFO - Searching for files in /opt/airflow/dags
[2026-09-30T23:24:32.085+0000] {manager.py:824} INFO - There are 0 files in /opt/airflow/dags
[2026-10-01T07:04:00.980+0000] {manager.py:483} INFO - Processing files using up to 2 processes at a time 
[2026-10-01T07:04:01.369+0000] {manager.py:484} INFO - Process each file at most once every 30 seconds
[2026-10-01T07:04:01.767+0000] {manager.py:485} INFO - Checking for new files in /opt/airflow/dags every 30 seconds
[2026-10-01T07:04:02.005+0000] {manager.py:821} INFO - Searching for files in /opt/airflow/dags
[2026-10-01T07:04:02.662+0000] {manager.py:824} INFO - There are 0 files in /opt/airflow/dags
[2026-10-01T07:04:32.318+0000] {manager.py:821} INFO - Searching for files in /opt/airflow/dags
[2026-10-01T07:04:32.743+0000] {manager.py:824} INFO - There are 0 files in /opt/airflow/dags
[2026-10-01T07:05:03.188+0000] {manager.py:821} INFO - Searching for files in /opt/airflow/dags
[2026-10-01T07:05:03.373+0000] {manager.py:824} INFO - There are 0 files in /opt/airflow/dags
[2026-10-01T07:05:33.635+0000] {manager.py:821} INFO - Searching for files in /opt/airflow/dags
[2026-10-01T07:05:33.705+0000] {manager.py:824} INFO - There are 0 files in /opt/airflow/dags
[2026-10-01T07:06:03.929+0000] {manager.py:821} INFO - Searching for files in /opt/airflow/dags
[2026-10-01T07:06:03.986+0000] {manager.py:824} INFO - There are 0 files in /opt/airflow/dags
[2026-10-01T07:06:34.237+0000] {manager.py:821} INFO - Searching for files in /opt/airflow/dags
[2026-10-01T07:06:34.318+0000] {manager.py:824} INFO - There are 0 files in /opt/airflow/dags
[2026-10-01T07:07:04.579+0000] {manager.py:821} INFO - Searching for files in /opt/airflow/dags
[2026-10-01T07:07:04.598+0000] {manager.py:824} INFO - There are 0 files in /opt/airflow/dags
[2026-10-01T07:07:34.844+0000] {manager.py:821} INFO - Searching for files in /opt/airflow/dags
[2026-10-01T07:07:34.863+0000] {manager.py:824} INFO - There are 0 files in /opt/airflow/dags
[2026-10-01T07:08:05.110+0000] {manager.py:821} INFO - Searching for files in /opt/airflow/dags
[2026-10-01T07:08:05.132+0000] {manager.py:824} INFO - There are 0 files in /opt/airflow/dags
[2026-10-01T07:08:35.350+0000] {manager.py:821} INFO - Searching for files in /opt/airflow/dags
[2026-10-01T07:08:35.371+0000] {manager.py:824} INFO - There are 0 files in /opt/airflow/dags
[2026-10-01T07:09:05.600+0000] {manager.py:821} INFO - Searching for files in /opt/airflow/dags
[2026-10-01T07:09:05.619+0000] {manager.py:824} INFO - There are 0 files in /opt/airflow/dags
[2026-10-01T07:09:35.844+0000] {manager.py:821} INFO - Searching for files in /opt/airflow/dags
[2026-10-01T07:09:35.863+0000] {manager.py:824} INFO - There are 0 files in /opt/airflow/dags
[2026-10-01T07:10:06.084+0000] {manager.py:821} INFO - Searching for files in /opt/airflow/dags
[2026-10-01T07:10:06.104+0000] {manager.py:824} INFO - There are 0 files in /opt/airflow/dags
[2026-10-01T07:10:36.342+0000] {manager.py:821} INFO - Searching for files in /opt/airflow/dags
[2026-10-01T07:10:36.376+0000] {manager.py:824} INFO - There are 0 files in /opt/airflow/dags
[2026-10-01T07:11:06.604+0000] {manager.py:821} INFO - Searching for files in /opt/airflow/dags
[2026-10-01T07:11:06.655+0000] {manager.py:824} INFO - There are 0 files in /opt/airflow/dags
[2026-10-01T07:11:36.875+0000] {manager.py:821} INFO - Searching for files in /opt/airflow/dags
[2026-10-01T07:11:36.908+0000] {manager.py:824} INFO - There are 0 files in /opt/airflow/dags
[2026-10-01T07:12:07.131+0000] {manager.py:821} INFO - Searching for files in /opt/airflow/dags
[2026-10-01T07:12:07.163+0000] {manager.py:824} INFO - There are 0 files in /opt/airflow/dags
[2026-10-01T07:12:37.398+0000] {manager.py:821} INFO - Searching for files in /opt/airflow/dags
[2026-10-01T07:12:37.414+0000] {manager.py:824} INFO - There are 0 files in /opt/airflow/dags
[2026-10-01T07:13:07.647+0000] {manager.py:821} INFO - Searching for files in /opt/airflow/dags
[2026-10-01T07:13:07.668+0000] {manager.py:824} INFO - There are 0 files in /opt/airflow/dags
[2026-10-01T07:13:37.895+0000] {manager.py:821} INFO - Searching for files in /opt/airflow/dags
[2026-10-01T07:13:37.928+0000] {manager.py:824} INFO - There are 0 files in /opt/airflow/dags
[2026-10-01T07:14:08.168+0000] {manager.py:821} INFO - Searching for files in /opt/airflow/dags
[2026-10-01T07:14:08.186+0000] {manager.py:824} INFO - There are 0 files in /opt/airflow/dags
[2026-10-01T07:14:38.427+0000] {manager.py:821} INFO - Searching for files in /opt/airflow/dags
[2026-10-01T07:14:38.444+0000] {manager.py:824} INFO - There are 0 files in /opt/airflow/dags
[2026-10-01T07:15:08.649+0000] {manager.py:821} INFO - Searching for files in /opt/airflow/dags
[2026-10-01T07:15:08.668+0000] {manager.py:824} INFO - There are 0 files in /opt/airflow/dags
[2026-10-01T07:15:38.889+0000] {manager.py:821} INFO - Searching for files in /opt/airflow/dags
[2026-10-01T07:15:38.907+0000] {manager.py:824} INFO - There are 0 files in /opt/airflow/dags
[2026-10-01T07:16:09.142+0000] {manager.py:821} INFO - Searching for files in /opt/airflow/dags
[2026-10-01T07:16:09.156+0000] {manager.py:824} INFO - There are 0 files in /opt/airflow/dags
[2026-10-01T07:16:39.377+0000] {manager.py:821} INFO - Searching for files in /opt/airflow/dags
[2026-10-01T07:16:39.401+0000] {manager.py:824} INFO - There are 0 files in /opt/airflow/dags
[2026-10-01T07:17:09.649+0000] {manager.py:821} INFO - Searching for files in /opt/airflow/dags
[2026-10-01T07:17:09.663+0000] {manager.py:824} INFO - There are 0 files in /opt/airflow/dags
[2026-10-01T07:17:39.882+0000] {manager.py:821} INFO - Searching for files in /opt/airflow/dags
[2026-10-01T07:17:39.987+0000] {manager.py:824} INFO - There are 0 files in /opt/airflow/dags
[2026-10-01T07:18:10.243+0000] {manager.py:821} INFO - Searching for files in /opt/airflow/dags
[2026-10-01T07:18:10.263+0000] {manager.py:824} INFO - There are 0 files in /opt/airflow/dags
[2026-10-01T07:18:40.508+0000] {manager.py:821} INFO - Searching for files in /opt/airflow/dags
[2026-10-01T07:18:40.545+0000] {manager.py:824} INFO - There are 0 files in /opt/airflow/dags
[2026-10-01T07:19:10.804+0000] {manager.py:821} INFO - Searching for files in /opt/airflow/dags
[2026-10-01T07:19:10.817+0000] {manager.py:824} INFO - There are 0 files in /opt/airflow/dags
[2026-10-01T07:19:41.054+0000] {manager.py:821} INFO - Searching for files in /opt/airflow/dags
[2026-10-01T07:19:41.066+0000] {manager.py:824} INFO - There are 0 files in /opt/airflow/dags
[2026-10-01T07:20:11.319+0000] {manager.py:821} INFO - Searching for files in /opt/airflow/dags
[2026-10-01T07:20:11.347+0000] {manager.py:824} INFO - There are 0 files in /opt/airflow/dags
[2026-10-01T07:20:41.589+0000] {manager.py:821} INFO - Searching for files in /opt/airflow/dags
[2026-10-01T07:20:41.609+0000] {manager.py:824} INFO - There are 0 files in /opt/airflow/dags
[2026-10-01T07:21:11.864+0000] {manager.py:821} INFO - Searching for files in /opt/airflow/dags
[2026-10-01T07:21:11.882+0000] {manager.py:824} INFO - There are 0 files in /opt/airflow/dags
[2026-10-01T07:21:42.129+0000] {manager.py:821} INFO - Searching for files in /opt/airflow/dags
[2026-10-01T07:21:42.144+0000] {manager.py:824} INFO - There are 0 files in /opt/airflow/dags
[2026-10-01T07:22:12.390+0000] {manager.py:821} INFO - Searching for files in /opt/airflow/dags
[2026-10-01T07:22:12.405+0000] {manager.py:824} INFO - There are 0 files in /opt/airflow/dags
[2026-10-01T07:22:42.653+0000] {manager.py:821} INFO - Searching for files in /opt/airflow/dags
[2026-10-01T07:22:42.670+0000] {manager.py:824} INFO - There are 0 files in /opt/airflow/dags
[2026-10-01T07:23:12.927+0000] {manager.py:821} INFO - Searching for files in /opt/airflow/dags
[2026-10-01T07:23:12.947+0000] {manager.py:824} INFO - There are 0 files in /opt/airflow/dags
[2026-10-01T07:23:43.194+0000] {manager.py:821} INFO - Searching for files in /opt/airflow/dags
[2026-10-01T07:23:43.211+0000] {manager.py:824} INFO - There are 0 files in /opt/airflow/dags
[2026-10-01T07:24:13.472+0000] {manager.py:821} INFO - Searching for files in /opt/airflow/dags
[2026-10-01T07:24:13.506+0000] {manager.py:824} INFO - There are 0 files in /opt/airflow/dags
[2026-10-01T07:24:43.774+0000] {manager.py:821} INFO - Searching for files in /opt/airflow/dags
[2026-10-01T07:24:43.799+0000] {manager.py:824} INFO - There are 0 files in /opt/airflow/dags
[2026-10-01T07:25:14.065+0000] {manager.py:821} INFO - Searching for files in /opt/airflow/dags
[2026-10-01T07:25:14.086+0000] {manager.py:824} INFO - There are 0 files in /opt/airflow/dags
[2026-10-01T07:25:44.331+0000] {manager.py:821} INFO - Searching for files in /opt/airflow/dags
[2026-10-01T07:25:44.358+0000] {manager.py:824} INFO - There are 0 files in /opt/airflow/dags
[2026-10-01T07:26:14.615+0000] {manager.py:821} INFO - Searching for files in /opt/airflow/dags
[2026-10-01T07:26:14.630+0000] {manager.py:824} INFO - There are 0 files in /opt/airflow/dags
[2026-10-01T07:26:44.886+0000] {manager.py:821} INFO - Searching for files in /opt/airflow/dags
[2026-10-01T07:26:44.913+0000] {manager.py:824} INFO - There are 0 files in /opt/airflow/dags
[2026-10-01T07:27:15.169+0000] {manager.py:821} INFO - Searching for files in /opt/airflow/dags
[2026-10-01T07:27:15.199+0000] {manager.py:824} INFO - There are 0 files in /opt/airflow/dags
[2026-10-01T07:27:45.445+0000] {manager.py:821} INFO - Searching for files in /opt/airflow/dags
[2026-10-01T07:27:45.473+0000] {manager.py:824} INFO - There are 0 files in /opt/airflow/dags
[2026-10-01T07:28:15.710+0000] {manager.py:821} INFO - Searching for files in /opt/airflow/dags
[2026-10-01T07:28:15.733+0000] {manager.py:824} INFO - There are 0 files in /opt/airflow/dags
[2026-10-01T07:28:45.986+0000] {manager.py:821} INFO - Searching for files in /opt/airflow/dags
[2026-10-01T07:28:45.999+0000] {manager.py:824} INFO - There are 0 files in /opt/airflow/dags
[2026-10-01T07:29:16.244+0000] {manager.py:821} INFO - Searching for files in /opt/airflow/dags
[2026-10-01T07:29:16.282+0000] {manager.py:824} INFO - There are 0 files in /opt/airflow/dags
[2026-10-01T07:29:46.547+0000] {manager.py:821} INFO - Searching for files in /opt/airflow/dags
[2026-10-01T07:29:46.569+0000] {manager.py:824} INFO - There are 0 files in /opt/airflow/dags
[2026-10-01T07:30:16.818+0000] {manager.py:821} INFO - Searching for files in /opt/airflow/dags
[2026-10-01T07:30:16.848+0000] {manager.py:824} INFO - There are 0 files in /opt/airflow/dags
[2026-10-01T07:30:47.135+0000] {manager.py:821} INFO - Searching for files in /opt/airflow/dags
[2026-10-01T07:30:47.176+0000] {manager.py:824} INFO - There are 0 files in /opt/airflow/dags
[2026-10-01T07:31:17.460+0000] {manager.py:821} INFO - Searching for files in /opt/airflow/dags
[2026-10-01T07:31:17.484+0000] {manager.py:824} INFO - There are 0 files in /opt/airflow/dags
[2026-10-01T07:31:47.733+0000] {manager.py:821} INFO - Searching for files in /opt/airflow/dags
[2026-10-01T07:31:47.763+0000] {manager.py:824} INFO - There are 0 files in /opt/airflow/dags
[2026-10-01T07:32:18.005+0000] {manager.py:821} INFO - Searching for files in /opt/airflow/dags
[2026-10-01T07:32:18.033+0000] {manager.py:824} INFO - There are 0 files in /opt/airflow/dags
[2026-10-01T07:32:48.288+0000] {manager.py:821} INFO - Searching for files in /opt/airflow/dags
[2026-10-01T07:32:48.313+0000] {manager.py:824} INFO - There are 0 files in /opt/airflow/dags
[2026-10-01T07:33:18.558+0000] {manager.py:821} INFO - Searching for files in /opt/airflow/dags
[2026-10-01T07:33:18.576+0000] {manager.py:824} INFO - There are 0 files in /opt/airflow/dags
[2026-10-01T07:33:48.841+0000] {manager.py:821} INFO - Searching for files in /opt/airflow/dags
[2026-10-01T07:33:48.878+0000] {manager.py:824} INFO - There are 0 files in /opt/airflow/dags
[2026-10-01T07:34:19.133+0000] {manager.py:821} INFO - Searching for files in /opt/airflow/dags
[2026-10-01T07:34:19.162+0000] {manager.py:824} INFO - There are 0 files in /opt/airflow/dags
[2026-10-01T07:34:49.403+0000] {manager.py:821} INFO - Searching for files in /opt/airflow/dags
[2026-10-01T07:34:49.425+0000] {manager.py:824} INFO - There are 0 files in /opt/airflow/dags
[2026-10-01T07:35:19.671+0000] {manager.py:821} INFO - Searching for files in /opt/airflow/dags
[2026-10-01T07:35:19.697+0000] {manager.py:824} INFO - There are 0 files in /opt/airflow/dags
[2026-10-01T07:35:49.949+0000] {manager.py:821} INFO - Searching for files in /opt/airflow/dags
[2026-10-01T07:35:49.962+0000] {manager.py:824} INFO - There are 0 files in /opt/airflow/dags
[2026-10-01T07:36:20.205+0000] {manager.py:821} INFO - Searching for files in /opt/airflow/dags
[2026-10-01T07:36:20.232+0000] {manager.py:824} INFO - There are 0 files in /opt/airflow/dags
[2026-10-01T07:36:50.490+0000] {manager.py:821} INFO - Searching for files in /opt/airflow/dags
[2026-10-01T07:36:50.496+0000] {manager.py:824} INFO - There are 0 files in /opt/airflow/dags
[2026-10-01T07:37:20.774+0000] {manager.py:821} INFO - Searching for files in /opt/airflow/dags
[2026-10-01T07:37:20.818+0000] {manager.py:824} INFO - There are 0 files in /opt/airflow/dags
[2026-10-01T07:37:51.061+0000] {manager.py:821} INFO - Searching for files in /opt/airflow/dags
[2026-10-01T07:37:51.075+0000] {manager.py:824} INFO - There are 0 files in /opt/airflow/dags
[2026-10-01T07:38:21.331+0000] {manager.py:821} INFO - Searching for files in /opt/airflow/dags
[2026-10-01T07:38:21.343+0000] {manager.py:824} INFO - There are 0 files in /opt/airflow/dags
[2026-10-01T07:38:51.600+0000] {manager.py:821} INFO - Searching for files in /opt/airflow/dags
[2026-10-01T07:38:51.612+0000] {manager.py:824} INFO - There are 0 files in /opt/airflow/dags
[2026-10-01T07:39:21.877+0000] {manager.py:821} INFO - Searching for files in /opt/airflow/dags
[2026-10-01T07:39:21.890+0000] {manager.py:824} INFO - There are 0 files in /opt/airflow/dags
[2026-10-01T07:39:52.137+0000] {manager.py:821} INFO - Searching for files in /opt/airflow/dags
[2026-10-01T07:39:52.155+0000] {manager.py:824} INFO - There are 0 files in /opt/airflow/dags
[2026-10-01T07:40:22.419+0000] {manager.py:821} INFO - Searching for files in /opt/airflow/dags
[2026-10-01T07:40:22.430+0000] {manager.py:824} INFO - There are 0 files in /opt/airflow/dags
[2026-10-01T07:40:52.677+0000] {manager.py:821} INFO - Searching for files in /opt/airflow/dags
[2026-10-01T07:40:52.691+0000] {manager.py:824} INFO - There are 0 files in /opt/airflow/dags
[2026-10-01T07:41:22.947+0000] {manager.py:821} INFO - Searching for files in /opt/airflow/dags
[2026-10-01T07:41:22.968+0000] {manager.py:824} INFO - There are 0 files in /opt/airflow/dags
[2026-10-01T07:41:53.225+0000] {manager.py:821} INFO - Searching for files in /opt/airflow/dags
[2026-10-01T07:41:53.260+0000] {manager.py:824} INFO - There are 0 files in /opt/airflow/dags
[2026-10-01T07:42:23.508+0000] {manager.py:821} INFO - Searching for files in /opt/airflow/dags
[2026-10-01T07:42:23.524+0000] {manager.py:824} INFO - There are 0 files in /opt/airflow/dags
[2026-10-01T07:42:53.787+0000] {manager.py:821} INFO - Searching for files in /opt/airflow/dags
[2026-10-01T07:42:53.810+0000] {manager.py:824} INFO - There are 0 files in /opt/airflow/dags
[2026-10-01T07:43:24.056+0000] {manager.py:821} INFO - Searching for files in /opt/airflow/dags
[2026-10-01T07:43:24.093+0000] {manager.py:824} INFO - There are 0 files in /opt/airflow/dags
[2026-10-01T07:43:54.346+0000] {manager.py:821} INFO - Searching for files in /opt/airflow/dags
[2026-10-01T07:43:54.367+0000] {manager.py:824} INFO - There are 0 files in /opt/airflow/dags
[2026-10-01T07:44:24.630+0000] {manager.py:821} INFO - Searching for files in /opt/airflow/dags
[2026-10-01T07:44:24.645+0000] {manager.py:824} INFO - There are 0 files in /opt/airflow/dags
[2026-10-01T07:44:54.900+0000] {manager.py:821} INFO - Searching for files in /opt/airflow/dags
[2026-10-01T07:44:54.913+0000] {manager.py:824} INFO - There are 0 files in /opt/airflow/dags
[2026-10-01T07:45:25.158+0000] {manager.py:821} INFO - Searching for files in /opt/airflow/dags
[2026-10-01T07:45:25.175+0000] {manager.py:824} INFO - There are 0 files in /opt/airflow/dags
[2026-10-01T07:45:55.410+0000] {manager.py:821} INFO - Searching for files in /opt/airflow/dags
[2026-10-01T07:45:55.455+0000] {manager.py:824} INFO - There are 0 files in /opt/airflow/dags
[2026-10-01T07:46:25.719+0000] {manager.py:821} INFO - Searching for files in /opt/airflow/dags
[2026-10-01T07:46:25.737+0000] {manager.py:824} INFO - There are 0 files in /opt/airflow/dags
[2026-10-01T07:46:56.028+0000] {manager.py:821} INFO - Searching for files in /opt/airflow/dags
[2026-10-01T07:46:56.065+0000] {manager.py:824} INFO - There are 0 files in /opt/airflow/dags
[2026-10-01T07:47:26.341+0000] {manager.py:821} INFO - Searching for files in /opt/airflow/dags
[2026-10-01T07:47:26.360+0000] {manager.py:824} INFO - There are 0 files in /opt/airflow/dags
[2026-10-01T07:47:56.614+0000] {manager.py:821} INFO - Searching for files in /opt/airflow/dags
[2026-10-01T07:47:56.633+0000] {manager.py:824} INFO - There are 0 files in /opt/airflow/dags
[2026-10-01T07:48:26.891+0000] {manager.py:821} INFO - Searching for files in /opt/airflow/dags
[2026-10-01T07:48:26.911+0000] {manager.py:824} INFO - There are 0 files in /opt/airflow/dags
[2026-10-01T07:48:57.191+0000] {manager.py:821} INFO - Searching for files in /opt/airflow/dags
[2026-10-01T07:48:57.212+0000] {manager.py:824} INFO - There are 0 files in /opt/airflow/dags
[2026-10-01T07:49:27.419+0000] {manager.py:821} INFO - Searching for files in /opt/airflow/dags
[2026-10-01T07:49:27.432+0000] {manager.py:824} INFO - There are 0 files in /opt/airflow/dags
[2026-10-01T07:49:57.645+0000] {manager.py:821} INFO - Searching for files in /opt/airflow/dags
[2026-10-01T07:49:57.683+0000] {manager.py:824} INFO - There are 0 files in /opt/airflow/dags
[2026-10-01T07:50:27.928+0000] {manager.py:821} INFO - Searching for files in /opt/airflow/dags
[2026-10-01T07:50:27.942+0000] {manager.py:824} INFO - There are 0 files in /opt/airflow/dags
[2026-10-01T07:50:58.165+0000] {manager.py:821} INFO - Searching for files in /opt/airflow/dags
[2026-10-01T07:50:58.177+0000] {manager.py:824} INFO - There are 0 files in /opt/airflow/dags
[2026-10-01T07:51:28.397+0000] {manager.py:821} INFO - Searching for files in /opt/airflow/dags
[2026-10-01T07:51:28.401+0000] {manager.py:824} INFO - There are 0 files in /opt/airflow/dags
[2026-10-01T07:51:58.628+0000] {manager.py:821} INFO - Searching for files in /opt/airflow/dags
[2026-10-01T07:51:58.637+0000] {manager.py:824} INFO - There are 0 files in /opt/airflow/dags
[2026-10-01T07:52:28.827+0000] {manager.py:821} INFO - Searching for files in /opt/airflow/dags
[2026-10-01T07:52:28.838+0000] {manager.py:824} INFO - There are 0 files in /opt/airflow/dags
[2026-10-01T07:52:59.005+0000] {manager.py:821} INFO - Searching for files in /opt/airflow/dags
[2026-10-01T07:52:59.014+0000] {manager.py:824} INFO - There are 0 files in /opt/airflow/dags
[2026-10-01T07:53:29.234+0000] {manager.py:821} INFO - Searching for files in /opt/airflow/dags
[2026-10-01T07:53:29.258+0000] {manager.py:824} INFO - There are 0 files in /opt/airflow/dags
[2026-10-01T07:53:59.489+0000] {manager.py:821} INFO - Searching for files in /opt/airflow/dags
[2026-10-01T07:53:59.609+0000] {manager.py:824} INFO - There are 0 files in /opt/airflow/dags
[2026-10-01T07:54:29.851+0000] {manager.py:821} INFO - Searching for files in /opt/airflow/dags
[2026-10-01T07:54:29.864+0000] {manager.py:824} INFO - There are 0 files in /opt/airflow/dags
[2026-10-01T07:55:00.101+0000] {manager.py:821} INFO - Searching for files in /opt/airflow/dags
[2026-10-01T07:55:00.108+0000] {manager.py:824} INFO - There are 0 files in /opt/airflow/dags
[2026-10-01T07:55:30.354+0000] {manager.py:821} INFO - Searching for files in /opt/airflow/dags
[2026-10-01T07:55:30.364+0000] {manager.py:824} INFO - There are 0 files in /opt/airflow/dags
[2026-10-01T07:56:00.588+0000] {manager.py:821} INFO - Searching for files in /opt/airflow/dags
[2026-10-01T07:56:00.596+0000] {manager.py:824} INFO - There are 0 files in /opt/airflow/dags
[2026-10-01T07:56:30.831+0000] {manager.py:821} INFO - Searching for files in /opt/airflow/dags
[2026-10-01T07:56:30.838+0000] {manager.py:824} INFO - There are 0 files in /opt/airflow/dags
[2026-10-01T07:57:01.063+0000] {manager.py:821} INFO - Searching for files in /opt/airflow/dags
[2026-10-01T07:57:01.076+0000] {manager.py:824} INFO - There are 0 files in /opt/airflow/dags
[2026-10-01T07:57:31.299+0000] {manager.py:821} INFO - Searching for files in /opt/airflow/dags
[2026-10-01T07:57:31.307+0000] {manager.py:824} INFO - There are 0 files in /opt/airflow/dags
[2026-10-01T07:58:01.543+0000] {manager.py:821} INFO - Searching for files in /opt/airflow/dags
[2026-10-01T07:58:01.551+0000] {manager.py:824} INFO - There are 0 files in /opt/airflow/dags
[2026-10-01T07:58:31.773+0000] {manager.py:821} INFO - Searching for files in /opt/airflow/dags
[2026-10-01T07:58:31.793+0000] {manager.py:824} INFO - There are 0 files in /opt/airflow/dags
[2026-10-01T07:59:02.032+0000] {manager.py:821} INFO - Searching for files in /opt/airflow/dags
[2026-10-01T07:59:02.051+0000] {manager.py:824} INFO - There are 0 files in /opt/airflow/dags
[2026-10-01T07:59:32.262+0000] {manager.py:821} INFO - Searching for files in /opt/airflow/dags
[2026-10-01T07:59:32.310+0000] {manager.py:824} INFO - There are 0 files in /opt/airflow/dags
[2026-10-01T08:00:02.522+0000] {manager.py:821} INFO - Searching for files in /opt/airflow/dags
[2026-10-01T08:00:02.534+0000] {manager.py:824} INFO - There are 0 files in /opt/airflow/dags
[2026-10-01T08:00:32.744+0000] {manager.py:821} INFO - Searching for files in /opt/airflow/dags
[2026-10-01T08:00:32.770+0000] {manager.py:824} INFO - There are 0 files in /opt/airflow/dags
[2026-10-01T08:01:02.993+0000] {manager.py:821} INFO - Searching for files in /opt/airflow/dags
[2026-10-01T08:01:03.009+0000] {manager.py:824} INFO - There are 0 files in /opt/airflow/dags
[2026-10-01T08:01:33.234+0000] {manager.py:821} INFO - Searching for files in /opt/airflow/dags
[2026-10-01T08:01:33.243+0000] {manager.py:824} INFO - There are 0 files in /opt/airflow/dags
[2026-10-01T08:02:03.460+0000] {manager.py:821} INFO - Searching for files in /opt/airflow/dags
[2026-10-01T08:02:03.471+0000] {manager.py:824} INFO - There are 0 files in /opt/airflow/dags
[2026-10-01T08:02:33.677+0000] {manager.py:821} INFO - Searching for files in /opt/airflow/dags
[2026-10-01T08:02:33.692+0000] {manager.py:824} INFO - There are 0 files in /opt/airflow/dags
[2026-10-01T08:03:03.905+0000] {manager.py:821} INFO - Searching for files in /opt/airflow/dags
[2026-10-01T08:03:03.919+0000] {manager.py:824} INFO - There are 0 files in /opt/airflow/dags
[2026-10-01T08:03:34.145+0000] {manager.py:821} INFO - Searching for files in /opt/airflow/dags
[2026-10-01T08:03:34.170+0000] {manager.py:824} INFO - There are 0 files in /opt/airflow/dags
[2026-10-01T08:04:04.389+0000] {manager.py:821} INFO - Searching for files in /opt/airflow/dags
[2026-10-01T08:04:04.505+0000] {manager.py:824} INFO - There are 0 files in /opt/airflow/dags
[2026-10-01T08:04:34.752+0000] {manager.py:821} INFO - Searching for files in /opt/airflow/dags
[2026-10-01T08:04:34.768+0000] {manager.py:824} INFO - There are 0 files in /opt/airflow/dags
[2026-10-01T08:05:04.990+0000] {manager.py:821} INFO - Searching for files in /opt/airflow/dags
[2026-10-01T08:05:05.073+0000] {manager.py:824} INFO - There are 0 files in /opt/airflow/dags
[2026-10-01T08:05:35.285+0000] {manager.py:821} INFO - Searching for files in /opt/airflow/dags
[2026-10-01T08:05:35.294+0000] {manager.py:824} INFO - There are 0 files in /opt/airflow/dags
[2026-10-01T08:06:05.527+0000] {manager.py:821} INFO - Searching for files in /opt/airflow/dags
[2026-10-01T08:06:05.534+0000] {manager.py:824} INFO - There are 0 files in /opt/airflow/dags
[2026-10-01T08:06:35.749+0000] {manager.py:821} INFO - Searching for files in /opt/airflow/dags
[2026-10-01T08:06:35.782+0000] {manager.py:824} INFO - There are 0 files in /opt/airflow/dags
[2026-10-01T08:07:06.013+0000] {manager.py:821} INFO - Searching for files in /opt/airflow/dags
[2026-10-01T08:07:06.049+0000] {manager.py:824} INFO - There are 0 files in /opt/airflow/dags
[2026-10-01T08:07:36.258+0000] {manager.py:821} INFO - Searching for files in /opt/airflow/dags
[2026-10-01T08:07:36.267+0000] {manager.py:824} INFO - There are 0 files in /opt/airflow/dags
[2026-10-01T08:08:06.501+0000] {manager.py:821} INFO - Searching for files in /opt/airflow/dags
[2026-10-01T08:08:06.521+0000] {manager.py:824} INFO - There are 0 files in /opt/airflow/dags
[2026-10-01T08:08:36.763+0000] {manager.py:821} INFO - Searching for files in /opt/airflow/dags
[2026-10-01T08:08:36.781+0000] {manager.py:824} INFO - There are 0 files in /opt/airflow/dags
[2026-10-01T08:09:07.014+0000] {manager.py:821} INFO - Searching for files in /opt/airflow/dags
[2026-10-01T08:09:07.022+0000] {manager.py:824} INFO - There are 0 files in /opt/airflow/dags
[2026-10-01T08:09:37.246+0000] {manager.py:821} INFO - Searching for files in /opt/airflow/dags
[2026-10-01T08:09:37.253+0000] {manager.py:824} INFO - There are 0 files in /opt/airflow/dags
[2026-10-01T08:10:07.477+0000] {manager.py:821} INFO - Searching for files in /opt/airflow/dags
[2026-10-01T08:10:07.489+0000] {manager.py:824} INFO - There are 0 files in /opt/airflow/dags
[2026-10-01T08:10:37.722+0000] {manager.py:821} INFO - Searching for files in /opt/airflow/dags
[2026-10-01T08:10:37.734+0000] {manager.py:824} INFO - There are 0 files in /opt/airflow/dags
[2026-10-01T08:11:07.952+0000] {manager.py:821} INFO - Searching for files in /opt/airflow/dags
[2026-10-01T08:11:07.963+0000] {manager.py:824} INFO - There are 0 files in /opt/airflow/dags
[2026-10-01T08:11:38.201+0000] {manager.py:821} INFO - Searching for files in /opt/airflow/dags
[2026-10-01T08:11:38.209+0000] {manager.py:824} INFO - There are 0 files in /opt/airflow/dags
[2026-10-01T08:12:08.426+0000] {manager.py:821} INFO - Searching for files in /opt/airflow/dags
[2026-10-01T08:12:08.439+0000] {manager.py:824} INFO - There are 0 files in /opt/airflow/dags
[2026-10-01T08:12:38.632+0000] {manager.py:821} INFO - Searching for files in /opt/airflow/dags
[2026-10-01T08:12:38.642+0000] {manager.py:824} INFO - There are 0 files in /opt/airflow/dags
[2026-10-01T08:13:08.866+0000] {manager.py:821} INFO - Searching for files in /opt/airflow/dags
[2026-10-01T08:13:08.882+0000] {manager.py:824} INFO - There are 0 files in /opt/airflow/dags
[2026-10-01T08:13:39.101+0000] {manager.py:821} INFO - Searching for files in /opt/airflow/dags
[2026-10-01T08:13:39.110+0000] {manager.py:824} INFO - There are 0 files in /opt/airflow/dags
[2026-10-01T08:14:09.348+0000] {manager.py:821} INFO - Searching for files in /opt/airflow/dags
[2026-10-01T08:14:09.366+0000] {manager.py:824} INFO - There are 0 files in /opt/airflow/dags
[2026-10-01T08:14:39.603+0000] {manager.py:821} INFO - Searching for files in /opt/airflow/dags
[2026-10-01T08:14:39.621+0000] {manager.py:824} INFO - There are 0 files in /opt/airflow/dags
[2026-10-01T08:15:09.853+0000] {manager.py:821} INFO - Searching for files in /opt/airflow/dags
[2026-10-01T08:15:09.862+0000] {manager.py:824} INFO - There are 0 files in /opt/airflow/dags
[2026-10-01T08:15:40.108+0000] {manager.py:821} INFO - Searching for files in /opt/airflow/dags
[2026-10-01T08:15:40.120+0000] {manager.py:824} INFO - There are 0 files in /opt/airflow/dags
[2026-10-01T08:16:10.345+0000] {manager.py:821} INFO - Searching for files in /opt/airflow/dags
[2026-10-01T08:16:10.355+0000] {manager.py:824} INFO - There are 0 files in /opt/airflow/dags
[2026-10-01T08:16:40.585+0000] {manager.py:821} INFO - Searching for files in /opt/airflow/dags
[2026-10-01T08:16:40.610+0000] {manager.py:824} INFO - There are 0 files in /opt/airflow/dags
[2026-10-01T08:17:10.841+0000] {manager.py:821} INFO - Searching for files in /opt/airflow/dags
[2026-10-01T08:17:10.846+0000] {manager.py:824} INFO - There are 0 files in /opt/airflow/dags
[2026-10-01T08:17:41.085+0000] {manager.py:821} INFO - Searching for files in /opt/airflow/dags
[2026-10-01T08:17:41.093+0000] {manager.py:824} INFO - There are 0 files in /opt/airflow/dags
[2026-10-01T08:18:11.311+0000] {manager.py:821} INFO - Searching for files in /opt/airflow/dags
[2026-10-01T08:18:11.335+0000] {manager.py:824} INFO - There are 0 files in /opt/airflow/dags
[2026-10-01T08:18:41.577+0000] {manager.py:821} INFO - Searching for files in /opt/airflow/dags
[2026-10-01T08:18:41.597+0000] {manager.py:824} INFO - There are 0 files in /opt/airflow/dags
[2026-10-01T08:19:11.820+0000] {manager.py:821} INFO - Searching for files in /opt/airflow/dags
[2026-10-01T08:19:11.903+0000] {manager.py:824} INFO - There are 0 files in /opt/airflow/dags
[2026-10-01T08:19:42.181+0000] {manager.py:821} INFO - Searching for files in /opt/airflow/dags
[2026-10-01T08:19:42.189+0000] {manager.py:824} INFO - There are 0 files in /opt/airflow/dags
[2026-10-01T08:20:12.422+0000] {manager.py:821} INFO - Searching for files in /opt/airflow/dags
[2026-10-01T08:20:12.429+0000] {manager.py:824} INFO - There are 0 files in /opt/airflow/dags
[2026-10-01T08:20:42.639+0000] {manager.py:821} INFO - Searching for files in /opt/airflow/dags
[2026-10-01T08:20:42.650+0000] {manager.py:824} INFO - There are 0 files in /opt/airflow/dags
[2026-10-01T08:21:12.878+0000] {manager.py:821} INFO - Searching for files in /opt/airflow/dags
[2026-10-01T08:21:12.886+0000] {manager.py:824} INFO - There are 0 files in /opt/airflow/dags
[2026-10-01T08:21:43.123+0000] {manager.py:821} INFO - Searching for files in /opt/airflow/dags
[2026-10-01T08:21:43.140+0000] {manager.py:824} INFO - There are 0 files in /opt/airflow/dags
[2026-10-01T08:22:13.366+0000] {manager.py:821} INFO - Searching for files in /opt/airflow/dags
[2026-10-01T08:22:13.380+0000] {manager.py:824} INFO - There are 0 files in /opt/airflow/dags
[2026-10-01T08:22:43.607+0000] {manager.py:821} INFO - Searching for files in /opt/airflow/dags
[2026-10-01T08:22:43.617+0000] {manager.py:824} INFO - There are 0 files in /opt/airflow/dags
[2026-10-01T08:23:13.858+0000] {manager.py:821} INFO - Searching for files in /opt/airflow/dags
[2026-10-01T08:23:13.870+0000] {manager.py:824} INFO - There are 0 files in /opt/airflow/dags
[2026-10-01T08:23:44.096+0000] {manager.py:821} INFO - Searching for files in /opt/airflow/dags
[2026-10-01T08:23:44.105+0000] {manager.py:824} INFO - There are 0 files in /opt/airflow/dags
[2026-10-01T08:24:14.326+0000] {manager.py:821} INFO - Searching for files in /opt/airflow/dags
[2026-10-01T08:24:14.333+0000] {manager.py:824} INFO - There are 0 files in /opt/airflow/dags
[2026-10-01T08:24:44.551+0000] {manager.py:821} INFO - Searching for files in /opt/airflow/dags
[2026-10-01T08:24:44.556+0000] {manager.py:824} INFO - There are 0 files in /opt/airflow/dags
[2026-10-01T08:25:14.792+0000] {manager.py:821} INFO - Searching for files in /opt/airflow/dags
[2026-10-01T08:25:14.804+0000] {manager.py:824} INFO - There are 0 files in /opt/airflow/dags
[2026-10-01T08:25:45.037+0000] {manager.py:821} INFO - Searching for files in /opt/airflow/dags
[2026-10-01T08:25:45.044+0000] {manager.py:824} INFO - There are 0 files in /opt/airflow/dags
[2026-10-01T08:26:15.268+0000] {manager.py:821} INFO - Searching for files in /opt/airflow/dags
[2026-10-01T08:26:15.276+0000] {manager.py:824} INFO - There are 0 files in /opt/airflow/dags
[2026-10-01T08:26:45.495+0000] {manager.py:821} INFO - Searching for files in /opt/airflow/dags
[2026-10-01T08:26:45.504+0000] {manager.py:824} INFO - There are 0 files in /opt/airflow/dags
[2026-10-01T08:27:15.734+0000] {manager.py:821} INFO - Searching for files in /opt/airflow/dags
[2026-10-01T08:27:15.744+0000] {manager.py:824} INFO - There are 0 files in /opt/airflow/dags
[2026-10-01T08:27:45.980+0000] {manager.py:821} INFO - Searching for files in /opt/airflow/dags
[2026-10-01T08:27:45.997+0000] {manager.py:824} INFO - There are 0 files in /opt/airflow/dags
[2026-10-01T08:28:16.228+0000] {manager.py:821} INFO - Searching for files in /opt/airflow/dags
[2026-10-01T08:28:16.234+0000] {manager.py:824} INFO - There are 0 files in /opt/airflow/dags
[2026-10-01T08:28:46.456+0000] {manager.py:821} INFO - Searching for files in /opt/airflow/dags
[2026-10-01T08:28:46.536+0000] {manager.py:824} INFO - There are 0 files in /opt/airflow/dags
[2026-10-01T08:29:16.762+0000] {manager.py:821} INFO - Searching for files in /opt/airflow/dags
[2026-10-01T08:29:16.791+0000] {manager.py:824} INFO - There are 0 files in /opt/airflow/dags
[2026-10-01T08:29:47.029+0000] {manager.py:821} INFO - Searching for files in /opt/airflow/dags
[2026-10-01T08:29:47.041+0000] {manager.py:824} INFO - There are 0 files in /opt/airflow/dags
[2026-10-01T08:30:17.270+0000] {manager.py:821} INFO - Searching for files in /opt/airflow/dags
[2026-10-01T08:30:17.293+0000] {manager.py:824} INFO - There are 0 files in /opt/airflow/dags
[2026-10-01T08:30:47.524+0000] {manager.py:821} INFO - Searching for files in /opt/airflow/dags
[2026-10-01T08:30:47.613+0000] {manager.py:824} INFO - There are 0 files in /opt/airflow/dags
[2026-10-01T08:31:17.858+0000] {manager.py:821} INFO - Searching for files in /opt/airflow/dags
[2026-10-01T08:31:17.875+0000] {manager.py:824} INFO - There are 0 files in /opt/airflow/dags
[2026-10-01T08:31:48.108+0000] {manager.py:821} INFO - Searching for files in /opt/airflow/dags
[2026-10-01T08:31:48.121+0000] {manager.py:824} INFO - There are 0 files in /opt/airflow/dags
[2026-10-01T08:32:18.289+0000] {manager.py:821} INFO - Searching for files in /opt/airflow/dags
[2026-10-01T08:32:18.296+0000] {manager.py:824} INFO - There are 0 files in /opt/airflow/dags
[2026-10-01T08:32:48.525+0000] {manager.py:821} INFO - Searching for files in /opt/airflow/dags
[2026-10-01T08:32:48.534+0000] {manager.py:824} INFO - There are 0 files in /opt/airflow/dags
[2026-10-01T08:33:18.768+0000] {manager.py:821} INFO - Searching for files in /opt/airflow/dags
[2026-10-01T08:33:18.778+0000] {manager.py:824} INFO - There are 0 files in /opt/airflow/dags
[2026-10-01T08:33:49.023+0000] {manager.py:821} INFO - Searching for files in /opt/airflow/dags
[2026-10-01T08:33:49.029+0000] {manager.py:824} INFO - There are 0 files in /opt/airflow/dags
[2026-10-01T08:34:19.293+0000] {manager.py:821} INFO - Searching for files in /opt/airflow/dags
[2026-10-01T08:34:19.300+0000] {manager.py:824} INFO - There are 0 files in /opt/airflow/dags
[2026-10-01T08:34:49.533+0000] {manager.py:821} INFO - Searching for files in /opt/airflow/dags
[2026-10-01T08:34:49.542+0000] {manager.py:824} INFO - There are 0 files in /opt/airflow/dags
[2026-10-01T08:35:19.762+0000] {manager.py:821} INFO - Searching for files in /opt/airflow/dags
[2026-10-01T08:35:19.771+0000] {manager.py:824} INFO - There are 0 files in /opt/airflow/dags
[2026-10-01T08:35:50.001+0000] {manager.py:821} INFO - Searching for files in /opt/airflow/dags
[2026-10-01T08:35:50.016+0000] {manager.py:824} INFO - There are 0 files in /opt/airflow/dags
[2026-10-01T08:36:20.228+0000] {manager.py:821} INFO - Searching for files in /opt/airflow/dags
[2026-10-01T08:36:20.240+0000] {manager.py:824} INFO - There are 0 files in /opt/airflow/dags
[2026-10-01T08:36:50.467+0000] {manager.py:821} INFO - Searching for files in /opt/airflow/dags
[2026-10-01T08:36:50.490+0000] {manager.py:824} INFO - There are 0 files in /opt/airflow/dags
[2026-10-01T08:37:20.699+0000] {manager.py:821} INFO - Searching for files in /opt/airflow/dags
[2026-10-01T08:37:20.720+0000] {manager.py:824} INFO - There are 0 files in /opt/airflow/dags
[2026-10-01T08:37:50.935+0000] {manager.py:821} INFO - Searching for files in /opt/airflow/dags
[2026-10-01T08:37:50.982+0000] {manager.py:824} INFO - There are 0 files in /opt/airflow/dags
[2026-10-01T08:38:21.214+0000] {manager.py:821} INFO - Searching for files in /opt/airflow/dags
[2026-10-01T08:38:21.244+0000] {manager.py:824} INFO - There are 0 files in /opt/airflow/dags
[2026-10-01T08:38:51.459+0000] {manager.py:821} INFO - Searching for files in /opt/airflow/dags
[2026-10-01T08:38:51.493+0000] {manager.py:824} INFO - There are 0 files in /opt/airflow/dags
[2026-10-01T08:39:21.696+0000] {manager.py:821} INFO - Searching for files in /opt/airflow/dags
[2026-10-01T08:39:21.731+0000] {manager.py:824} INFO - There are 0 files in /opt/airflow/dags
[2026-10-01T08:39:51.947+0000] {manager.py:821} INFO - Searching for files in /opt/airflow/dags
[2026-10-01T08:39:51.991+0000] {manager.py:824} INFO - There are 0 files in /opt/airflow/dags
[2026-10-01T08:40:22.208+0000] {manager.py:821} INFO - Searching for files in /opt/airflow/dags
[2026-10-01T08:40:22.320+0000] {manager.py:824} INFO - There are 0 files in /opt/airflow/dags
[2026-10-01T08:40:52.541+0000] {manager.py:821} INFO - Searching for files in /opt/airflow/dags
[2026-10-01T08:40:52.558+0000] {manager.py:824} INFO - There are 0 files in /opt/airflow/dags
[2026-10-01T08:41:22.772+0000] {manager.py:821} INFO - Searching for files in /opt/airflow/dags
[2026-10-01T08:41:22.779+0000] {manager.py:824} INFO - There are 0 files in /opt/airflow/dags
[2026-10-01T08:41:53.012+0000] {manager.py:821} INFO - Searching for files in /opt/airflow/dags
[2026-10-01T08:41:53.049+0000] {manager.py:824} INFO - There are 0 files in /opt/airflow/dags
[2026-10-01T08:42:23.291+0000] {manager.py:821} INFO - Searching for files in /opt/airflow/dags
[2026-10-01T08:42:23.297+0000] {manager.py:824} INFO - There are 0 files in /opt/airflow/dags
[2026-10-01T08:42:53.526+0000] {manager.py:821} INFO - Searching for files in /opt/airflow/dags
[2026-10-01T08:42:53.538+0000] {manager.py:824} INFO - There are 0 files in /opt/airflow/dags
[2026-10-01T08:43:23.775+0000] {manager.py:821} INFO - Searching for files in /opt/airflow/dags
[2026-10-01T08:43:23.782+0000] {manager.py:824} INFO - There are 0 files in /opt/airflow/dags
[2026-10-01T08:43:54.013+0000] {manager.py:821} INFO - Searching for files in /opt/airflow/dags
[2026-10-01T08:43:54.026+0000] {manager.py:824} INFO - There are 0 files in /opt/airflow/dags
[2026-10-01T08:44:24.250+0000] {manager.py:821} INFO - Searching for files in /opt/airflow/dags
[2026-10-01T08:44:24.258+0000] {manager.py:824} INFO - There are 0 files in /opt/airflow/dags
[2026-10-01T08:44:54.485+0000] {manager.py:821} INFO - Searching for files in /opt/airflow/dags
[2026-10-01T08:44:54.492+0000] {manager.py:824} INFO - There are 0 files in /opt/airflow/dags
[2026-10-01T08:45:24.725+0000] {manager.py:821} INFO - Searching for files in /opt/airflow/dags
[2026-10-01T08:45:24.743+0000] {manager.py:824} INFO - There are 0 files in /opt/airflow/dags
[2026-10-01T08:45:54.983+0000] {manager.py:821} INFO - Searching for files in /opt/airflow/dags
[2026-10-01T08:45:54.997+0000] {manager.py:824} INFO - There are 0 files in /opt/airflow/dags
[2026-10-01T08:46:25.226+0000] {manager.py:821} INFO - Searching for files in /opt/airflow/dags
[2026-10-01T08:46:25.250+0000] {manager.py:824} INFO - There are 0 files in /opt/airflow/dags
[2026-10-01T08:46:55.481+0000] {manager.py:821} INFO - Searching for files in /opt/airflow/dags
[2026-10-01T08:46:55.488+0000] {manager.py:824} INFO - There are 0 files in /opt/airflow/dags
[2026-10-01T08:47:25.715+0000] {manager.py:821} INFO - Searching for files in /opt/airflow/dags
[2026-10-01T08:47:25.727+0000] {manager.py:824} INFO - There are 0 files in /opt/airflow/dags
[2026-10-01T08:47:55.955+0000] {manager.py:821} INFO - Searching for files in /opt/airflow/dags
[2026-10-01T08:47:55.971+0000] {manager.py:824} INFO - There are 0 files in /opt/airflow/dags
[2026-10-01T08:48:26.196+0000] {manager.py:821} INFO - Searching for files in /opt/airflow/dags
[2026-10-01T08:48:26.201+0000] {manager.py:824} INFO - There are 0 files in /opt/airflow/dags
[2026-10-01T08:48:56.425+0000] {manager.py:821} INFO - Searching for files in /opt/airflow/dags
[2026-10-01T08:48:56.445+0000] {manager.py:824} INFO - There are 0 files in /opt/airflow/dags
[2026-10-01T08:49:26.665+0000] {manager.py:821} INFO - Searching for files in /opt/airflow/dags
[2026-10-01T08:49:26.674+0000] {manager.py:824} INFO - There are 0 files in /opt/airflow/dags
[2026-10-01T08:49:56.905+0000] {manager.py:821} INFO - Searching for files in /opt/airflow/dags
[2026-10-01T08:49:56.912+0000] {manager.py:824} INFO - There are 0 files in /opt/airflow/dags
[2026-10-01T08:50:27.142+0000] {manager.py:821} INFO - Searching for files in /opt/airflow/dags
[2026-10-01T08:50:27.149+0000] {manager.py:824} INFO - There are 0 files in /opt/airflow/dags
[2026-10-01T08:50:57.369+0000] {manager.py:821} INFO - Searching for files in /opt/airflow/dags
[2026-10-01T08:50:57.375+0000] {manager.py:824} INFO - There are 0 files in /opt/airflow/dags
[2026-10-01T08:51:27.619+0000] {manager.py:821} INFO - Searching for files in /opt/airflow/dags
[2026-10-01T08:51:27.627+0000] {manager.py:824} INFO - There are 0 files in /opt/airflow/dags
[2026-10-01T08:51:57.866+0000] {manager.py:821} INFO - Searching for files in /opt/airflow/dags
[2026-10-01T08:51:57.876+0000] {manager.py:824} INFO - There are 0 files in /opt/airflow/dags
[2026-10-01T08:52:28.116+0000] {manager.py:821} INFO - Searching for files in /opt/airflow/dags
[2026-10-01T08:52:28.142+0000] {manager.py:824} INFO - There are 0 files in /opt/airflow/dags
[2026-10-01T08:52:58.389+0000] {manager.py:821} INFO - Searching for files in /opt/airflow/dags
[2026-10-01T08:52:58.402+0000] {manager.py:824} INFO - There are 0 files in /opt/airflow/dags
[2026-10-01T08:53:28.628+0000] {manager.py:821} INFO - Searching for files in /opt/airflow/dags
[2026-10-01T08:53:28.640+0000] {manager.py:824} INFO - There are 0 files in /opt/airflow/dags
[2026-10-01T08:53:58.854+0000] {manager.py:821} INFO - Searching for files in /opt/airflow/dags
[2026-10-01T08:53:58.890+0000] {manager.py:824} INFO - There are 0 files in /opt/airflow/dags
[2026-10-01T08:54:29.134+0000] {manager.py:821} INFO - Searching for files in /opt/airflow/dags
[2026-10-01T08:54:29.140+0000] {manager.py:824} INFO - There are 0 files in /opt/airflow/dags
[2026-10-01T08:54:59.369+0000] {manager.py:821} INFO - Searching for files in /opt/airflow/dags
[2026-10-01T08:54:59.386+0000] {manager.py:824} INFO - There are 0 files in /opt/airflow/dags
[2026-10-01T08:55:29.622+0000] {manager.py:821} INFO - Searching for files in /opt/airflow/dags
[2026-10-01T08:55:29.643+0000] {manager.py:824} INFO - There are 0 files in /opt/airflow/dags
[2026-10-01T08:55:59.870+0000] {manager.py:821} INFO - Searching for files in /opt/airflow/dags
[2026-10-01T08:55:59.880+0000] {manager.py:824} INFO - There are 0 files in /opt/airflow/dags
[2026-10-01T08:56:30.108+0000] {manager.py:821} INFO - Searching for files in /opt/airflow/dags
[2026-10-01T08:56:30.115+0000] {manager.py:824} INFO - There are 0 files in /opt/airflow/dags
[2026-10-01T08:57:00.345+0000] {manager.py:821} INFO - Searching for files in /opt/airflow/dags
[2026-10-01T08:57:00.352+0000] {manager.py:824} INFO - There are 0 files in /opt/airflow/dags
[2026-10-01T08:57:30.551+0000] {manager.py:821} INFO - Searching for files in /opt/airflow/dags
[2026-10-01T08:57:30.564+0000] {manager.py:824} INFO - There are 0 files in /opt/airflow/dags
[2026-10-01T08:58:00.806+0000] {manager.py:821} INFO - Searching for files in /opt/airflow/dags
[2026-10-01T08:58:00.814+0000] {manager.py:824} INFO - There are 0 files in /opt/airflow/dags
[2026-10-01T08:58:31.037+0000] {manager.py:821} INFO - Searching for files in /opt/airflow/dags
[2026-10-01T08:58:31.053+0000] {manager.py:824} INFO - There are 0 files in /opt/airflow/dags
[2026-10-01T08:59:01.275+0000] {manager.py:821} INFO - Searching for files in /opt/airflow/dags
[2026-10-01T08:59:01.281+0000] {manager.py:824} INFO - There are 0 files in /opt/airflow/dags
[2026-10-01T08:59:31.512+0000] {manager.py:821} INFO - Searching for files in /opt/airflow/dags
[2026-10-01T08:59:31.556+0000] {manager.py:824} INFO - There are 0 files in /opt/airflow/dags
[2026-10-01T09:00:01.785+0000] {manager.py:821} INFO - Searching for files in /opt/airflow/dags
[2026-10-01T09:00:01.807+0000] {manager.py:824} INFO - There are 0 files in /opt/airflow/dags
[2026-10-01T09:00:32.036+0000] {manager.py:821} INFO - Searching for files in /opt/airflow/dags
[2026-10-01T09:00:32.046+0000] {manager.py:824} INFO - There are 0 files in /opt/airflow/dags
[2026-10-01T09:01:02.287+0000] {manager.py:821} INFO - Searching for files in /opt/airflow/dags
[2026-10-01T09:01:02.305+0000] {manager.py:824} INFO - There are 0 files in /opt/airflow/dags
[2026-10-01T09:01:32.542+0000] {manager.py:821} INFO - Searching for files in /opt/airflow/dags
[2026-10-01T09:01:32.584+0000] {manager.py:824} INFO - There are 0 files in /opt/airflow/dags
[2026-10-01T09:02:02.832+0000] {manager.py:821} INFO - Searching for files in /opt/airflow/dags
[2026-10-01T09:02:02.840+0000] {manager.py:824} INFO - There are 0 files in /opt/airflow/dags
[2026-10-01T09:02:33.069+0000] {manager.py:821} INFO - Searching for files in /opt/airflow/dags
[2026-10-01T09:02:33.080+0000] {manager.py:824} INFO - There are 0 files in /opt/airflow/dags
[2026-10-01T09:03:03.318+0000] {manager.py:821} INFO - Searching for files in /opt/airflow/dags
[2026-10-01T09:03:03.341+0000] {manager.py:824} INFO - There are 0 files in /opt/airflow/dags
[2026-10-01T09:03:33.577+0000] {manager.py:821} INFO - Searching for files in /opt/airflow/dags
[2026-10-01T09:03:33.585+0000] {manager.py:824} INFO - There are 0 files in /opt/airflow/dags
[2026-10-01T09:04:03.813+0000] {manager.py:821} INFO - Searching for files in /opt/airflow/dags
[2026-10-01T09:04:03.857+0000] {manager.py:824} INFO - There are 0 files in /opt/airflow/dags
[2026-10-01T09:04:34.114+0000] {manager.py:821} INFO - Searching for files in /opt/airflow/dags
[2026-10-01T09:04:34.123+0000] {manager.py:824} INFO - There are 0 files in /opt/airflow/dags
[2026-10-01T09:05:04.363+0000] {manager.py:821} INFO - Searching for files in /opt/airflow/dags
[2026-10-01T09:05:04.381+0000] {manager.py:824} INFO - There are 0 files in /opt/airflow/dags
[2026-10-01T09:05:34.597+0000] {manager.py:821} INFO - Searching for files in /opt/airflow/dags
[2026-10-01T09:05:34.619+0000] {manager.py:824} INFO - There are 0 files in /opt/airflow/dags
[2026-10-01T09:06:04.863+0000] {manager.py:821} INFO - Searching for files in /opt/airflow/dags
[2026-10-01T09:06:04.873+0000] {manager.py:824} INFO - There are 0 files in /opt/airflow/dags
[2026-10-01T09:06:35.092+0000] {manager.py:821} INFO - Searching for files in /opt/airflow/dags
[2026-10-01T09:06:35.100+0000] {manager.py:824} INFO - There are 0 files in /opt/airflow/dags
[2026-10-01T09:07:05.326+0000] {manager.py:821} INFO - Searching for files in /opt/airflow/dags
[2026-10-01T09:07:05.338+0000] {manager.py:824} INFO - There are 0 files in /opt/airflow/dags
[2026-10-01T09:07:35.561+0000] {manager.py:821} INFO - Searching for files in /opt/airflow/dags
[2026-10-01T09:07:35.573+0000] {manager.py:824} INFO - There are 0 files in /opt/airflow/dags
[2026-10-01T09:08:05.787+0000] {manager.py:821} INFO - Searching for files in /opt/airflow/dags
[2026-10-01T09:08:05.799+0000] {manager.py:824} INFO - There are 0 files in /opt/airflow/dags
[2026-10-01T09:08:36.019+0000] {manager.py:821} INFO - Searching for files in /opt/airflow/dags
[2026-10-01T09:08:36.038+0000] {manager.py:824} INFO - There are 0 files in /opt/airflow/dags
[2026-10-01T09:09:06.272+0000] {manager.py:821} INFO - Searching for files in /opt/airflow/dags
[2026-10-01T09:09:06.290+0000] {manager.py:824} INFO - There are 0 files in /opt/airflow/dags
[2026-10-01T09:09:36.525+0000] {manager.py:821} INFO - Searching for files in /opt/airflow/dags
[2026-10-01T09:09:36.533+0000] {manager.py:824} INFO - There are 0 files in /opt/airflow/dags
[2026-10-01T09:10:06.783+0000] {manager.py:821} INFO - Searching for files in /opt/airflow/dags
[2026-10-01T09:10:06.790+0000] {manager.py:824} INFO - There are 0 files in /opt/airflow/dags
[2026-10-01T09:10:37.030+0000] {manager.py:821} INFO - Searching for files in /opt/airflow/dags
[2026-10-01T09:10:37.037+0000] {manager.py:824} INFO - There are 0 files in /opt/airflow/dags
[2026-10-01T09:11:07.296+0000] {manager.py:821} INFO - Searching for files in /opt/airflow/dags
[2026-10-01T09:11:07.303+0000] {manager.py:824} INFO - There are 0 files in /opt/airflow/dags
[2026-10-01T09:11:37.529+0000] {manager.py:821} INFO - Searching for files in /opt/airflow/dags
[2026-10-01T09:11:37.541+0000] {manager.py:824} INFO - There are 0 files in /opt/airflow/dags
[2026-10-01T09:12:07.785+0000] {manager.py:821} INFO - Searching for files in /opt/airflow/dags
[2026-10-01T09:12:07.795+0000] {manager.py:824} INFO - There are 0 files in /opt/airflow/dags
[2026-10-01T09:12:38.043+0000] {manager.py:821} INFO - Searching for files in /opt/airflow/dags
[2026-10-01T09:12:38.055+0000] {manager.py:824} INFO - There are 0 files in /opt/airflow/dags
[2026-10-01T09:13:08.279+0000] {manager.py:821} INFO - Searching for files in /opt/airflow/dags
[2026-10-01T09:13:08.287+0000] {manager.py:824} INFO - There are 0 files in /opt/airflow/dags
[2026-10-01T09:13:38.518+0000] {manager.py:821} INFO - Searching for files in /opt/airflow/dags
[2026-10-01T09:13:38.524+0000] {manager.py:824} INFO - There are 0 files in /opt/airflow/dags
[2026-10-01T09:14:08.747+0000] {manager.py:821} INFO - Searching for files in /opt/airflow/dags
[2026-10-01T09:14:08.762+0000] {manager.py:824} INFO - There are 0 files in /opt/airflow/dags
[2026-10-01T09:14:39.003+0000] {manager.py:821} INFO - Searching for files in /opt/airflow/dags
[2026-10-01T09:14:39.014+0000] {manager.py:824} INFO - There are 0 files in /opt/airflow/dags
[2026-10-01T09:15:09.254+0000] {manager.py:821} INFO - Searching for files in /opt/airflow/dags
[2026-10-01T09:15:09.264+0000] {manager.py:824} INFO - There are 0 files in /opt/airflow/dags
[2026-10-01T09:15:39.492+0000] {manager.py:821} INFO - Searching for files in /opt/airflow/dags
[2026-10-01T09:15:39.509+0000] {manager.py:824} INFO - There are 0 files in /opt/airflow/dags
[2026-10-01T09:16:09.744+0000] {manager.py:821} INFO - Searching for files in /opt/airflow/dags
[2026-10-01T09:16:09.751+0000] {manager.py:824} INFO - There are 0 files in /opt/airflow/dags
[2026-10-01T09:16:39.991+0000] {manager.py:821} INFO - Searching for files in /opt/airflow/dags
[2026-10-01T09:16:39.999+0000] {manager.py:824} INFO - There are 0 files in /opt/airflow/dags
[2026-10-01T09:17:10.231+0000] {manager.py:821} INFO - Searching for files in /opt/airflow/dags
[2026-10-01T09:17:10.237+0000] {manager.py:824} INFO - There are 0 files in /opt/airflow/dags
[2026-10-01T09:17:40.487+0000] {manager.py:821} INFO - Searching for files in /opt/airflow/dags
[2026-10-01T09:17:40.496+0000] {manager.py:824} INFO - There are 0 files in /opt/airflow/dags
[2026-10-01T09:18:10.741+0000] {manager.py:821} INFO - Searching for files in /opt/airflow/dags
[2026-10-01T09:18:10.762+0000] {manager.py:824} INFO - There are 0 files in /opt/airflow/dags
[2026-10-01T09:18:41.004+0000] {manager.py:821} INFO - Searching for files in /opt/airflow/dags
[2026-10-01T09:18:41.033+0000] {manager.py:824} INFO - There are 0 files in /opt/airflow/dags
[2026-10-01T09:19:11.282+0000] {manager.py:821} INFO - Searching for files in /opt/airflow/dags
[2026-10-01T09:19:11.293+0000] {manager.py:824} INFO - There are 0 files in /opt/airflow/dags
[2026-10-01T09:19:41.542+0000] {manager.py:821} INFO - Searching for files in /opt/airflow/dags
[2026-10-01T09:19:41.555+0000] {manager.py:824} INFO - There are 0 files in /opt/airflow/dags
[2026-10-01T09:20:11.801+0000] {manager.py:821} INFO - Searching for files in /opt/airflow/dags
[2026-10-01T09:20:11.815+0000] {manager.py:824} INFO - There are 0 files in /opt/airflow/dags
[2026-10-01T09:20:42.056+0000] {manager.py:821} INFO - Searching for files in /opt/airflow/dags
[2026-10-01T09:20:42.067+0000] {manager.py:824} INFO - There are 0 files in /opt/airflow/dags
[2026-10-01T09:21:12.297+0000] {manager.py:821} INFO - Searching for files in /opt/airflow/dags
[2026-10-01T09:21:12.305+0000] {manager.py:824} INFO - There are 0 files in /opt/airflow/dags
[2026-10-01T09:21:42.550+0000] {manager.py:821} INFO - Searching for files in /opt/airflow/dags
[2026-10-01T09:21:42.574+0000] {manager.py:824} INFO - There are 0 files in /opt/airflow/dags
[2026-10-01T09:22:12.793+0000] {manager.py:821} INFO - Searching for files in /opt/airflow/dags
[2026-10-01T09:22:12.819+0000] {manager.py:824} INFO - There are 0 files in /opt/airflow/dags
[2026-10-01T09:22:43.050+0000] {manager.py:821} INFO - Searching for files in /opt/airflow/dags
[2026-10-01T09:22:43.063+0000] {manager.py:824} INFO - There are 0 files in /opt/airflow/dags
[2026-10-01T09:23:13.294+0000] {manager.py:821} INFO - Searching for files in /opt/airflow/dags
[2026-10-01T09:23:13.306+0000] {manager.py:824} INFO - There are 0 files in /opt/airflow/dags
[2026-10-01T09:23:43.555+0000] {manager.py:821} INFO - Searching for files in /opt/airflow/dags
[2026-10-01T09:23:43.571+0000] {manager.py:824} INFO - There are 0 files in /opt/airflow/dags
[2026-10-01T09:24:13.798+0000] {manager.py:821} INFO - Searching for files in /opt/airflow/dags
[2026-10-01T09:24:13.805+0000] {manager.py:824} INFO - There are 0 files in /opt/airflow/dags
[2026-10-01T09:24:44.043+0000] {manager.py:821} INFO - Searching for files in /opt/airflow/dags
[2026-10-01T09:24:44.053+0000] {manager.py:824} INFO - There are 0 files in /opt/airflow/dags
[2026-10-01T09:25:14.285+0000] {manager.py:821} INFO - Searching for files in /opt/airflow/dags
[2026-10-01T09:25:14.293+0000] {manager.py:824} INFO - There are 0 files in /opt/airflow/dags
[2026-10-01T09:25:44.539+0000] {manager.py:821} INFO - Searching for files in /opt/airflow/dags
[2026-10-01T09:25:44.560+0000] {manager.py:824} INFO - There are 0 files in /opt/airflow/dags
[2026-10-01T09:26:14.795+0000] {manager.py:821} INFO - Searching for files in /opt/airflow/dags
[2026-10-01T09:26:14.829+0000] {manager.py:824} INFO - There are 0 files in /opt/airflow/dags
[2026-10-01T09:26:45.085+0000] {manager.py:821} INFO - Searching for files in /opt/airflow/dags
[2026-10-01T09:26:45.106+0000] {manager.py:824} INFO - There are 0 files in /opt/airflow/dags
[2026-10-01T09:27:15.349+0000] {manager.py:821} INFO - Searching for files in /opt/airflow/dags
[2026-10-01T09:27:15.356+0000] {manager.py:824} INFO - There are 0 files in /opt/airflow/dags
[2026-10-01T09:27:45.603+0000] {manager.py:821} INFO - Searching for files in /opt/airflow/dags
[2026-10-01T09:27:45.614+0000] {manager.py:824} INFO - There are 0 files in /opt/airflow/dags
[2026-10-01T09:28:15.856+0000] {manager.py:821} INFO - Searching for files in /opt/airflow/dags
[2026-10-01T09:28:15.873+0000] {manager.py:824} INFO - There are 0 files in /opt/airflow/dags
[2026-10-01T09:28:46.111+0000] {manager.py:821} INFO - Searching for files in /opt/airflow/dags
[2026-10-01T09:28:46.137+0000] {manager.py:824} INFO - There are 0 files in /opt/airflow/dags
[2026-10-01T09:29:16.392+0000] {manager.py:821} INFO - Searching for files in /opt/airflow/dags
[2026-10-01T09:29:16.403+0000] {manager.py:824} INFO - There are 0 files in /opt/airflow/dags
[2026-10-01T09:29:46.642+0000] {manager.py:821} INFO - Searching for files in /opt/airflow/dags
[2026-10-01T09:29:46.650+0000] {manager.py:824} INFO - There are 0 files in /opt/airflow/dags
[2026-10-01T09:30:16.894+0000] {manager.py:821} INFO - Searching for files in /opt/airflow/dags
[2026-10-01T09:30:16.901+0000] {manager.py:824} INFO - There are 0 files in /opt/airflow/dags
[2026-10-01T09:30:47.139+0000] {manager.py:821} INFO - Searching for files in /opt/airflow/dags
[2026-10-01T09:30:47.145+0000] {manager.py:824} INFO - There are 0 files in /opt/airflow/dags
[2026-10-01T09:31:17.372+0000] {manager.py:821} INFO - Searching for files in /opt/airflow/dags
[2026-10-01T09:31:17.379+0000] {manager.py:824} INFO - There are 0 files in /opt/airflow/dags
[2026-10-01T09:31:47.599+0000] {manager.py:821} INFO - Searching for files in /opt/airflow/dags
[2026-10-01T09:31:47.611+0000] {manager.py:824} INFO - There are 0 files in /opt/airflow/dags
[2026-10-01T09:32:17.832+0000] {manager.py:821} INFO - Searching for files in /opt/airflow/dags
[2026-10-01T09:32:17.848+0000] {manager.py:824} INFO - There are 0 files in /opt/airflow/dags
[2026-10-01T09:32:48.098+0000] {manager.py:821} INFO - Searching for files in /opt/airflow/dags
[2026-10-01T09:32:48.108+0000] {manager.py:824} INFO - There are 0 files in /opt/airflow/dags
[2026-10-01T09:33:18.347+0000] {manager.py:821} INFO - Searching for files in /opt/airflow/dags
[2026-10-01T09:33:18.356+0000] {manager.py:824} INFO - There are 0 files in /opt/airflow/dags
[2026-10-01T09:33:48.580+0000] {manager.py:821} INFO - Searching for files in /opt/airflow/dags
[2026-10-01T09:33:48.589+0000] {manager.py:824} INFO - There are 0 files in /opt/airflow/dags
[2026-10-01T09:34:18.857+0000] {manager.py:821} INFO - Searching for files in /opt/airflow/dags
[2026-10-01T09:34:18.869+0000] {manager.py:824} INFO - There are 0 files in /opt/airflow/dags
[2026-10-01T09:34:49.105+0000] {manager.py:821} INFO - Searching for files in /opt/airflow/dags
[2026-10-01T09:34:49.148+0000] {manager.py:824} INFO - There are 0 files in /opt/airflow/dags
[2026-10-01T09:35:19.403+0000] {manager.py:821} INFO - Searching for files in /opt/airflow/dags
[2026-10-01T09:35:19.410+0000] {manager.py:824} INFO - There are 0 files in /opt/airflow/dags
[2026-10-01T09:35:49.662+0000] {manager.py:821} INFO - Searching for files in /opt/airflow/dags
[2026-10-01T09:35:49.691+0000] {manager.py:824} INFO - There are 0 files in /opt/airflow/dags
[2026-10-01T09:36:19.938+0000] {manager.py:821} INFO - Searching for files in /opt/airflow/dags
[2026-10-01T09:36:19.951+0000] {manager.py:824} INFO - There are 0 files in /opt/airflow/dags
[2026-10-01T09:36:50.190+0000] {manager.py:821} INFO - Searching for files in /opt/airflow/dags
[2026-10-01T09:36:50.208+0000] {manager.py:824} INFO - There are 0 files in /opt/airflow/dags
[2026-10-01T09:37:20.444+0000] {manager.py:821} INFO - Searching for files in /opt/airflow/dags
[2026-10-01T09:37:20.461+0000] {manager.py:824} INFO - There are 0 files in /opt/airflow/dags
[2026-10-01T10:26:46.925+0000] {manager.py:821} INFO - Searching for files in /opt/airflow/dags
[2026-10-01T10:26:47.150+0000] {manager.py:824} INFO - There are 0 files in /opt/airflow/dags
[2026-10-01T10:27:17.363+0000] {manager.py:821} INFO - Searching for files in /opt/airflow/dags
[2026-10-01T10:27:17.382+0000] {manager.py:824} INFO - There are 0 files in /opt/airflow/dags
[2026-10-01T10:27:47.603+0000] {manager.py:821} INFO - Searching for files in /opt/airflow/dags
[2026-10-01T10:27:47.640+0000] {manager.py:824} INFO - There are 0 files in /opt/airflow/dags
[2026-10-01T10:28:17.846+0000] {manager.py:821} INFO - Searching for files in /opt/airflow/dags
[2026-10-01T10:28:17.865+0000] {manager.py:824} INFO - There are 0 files in /opt/airflow/dags
[2026-10-01T10:28:48.108+0000] {manager.py:821} INFO - Searching for files in /opt/airflow/dags
[2026-10-01T10:28:48.248+0000] {manager.py:824} INFO - There are 0 files in /opt/airflow/dags
[2026-10-01T10:29:18.487+0000] {manager.py:821} INFO - Searching for files in /opt/airflow/dags
[2026-10-01T10:29:18.512+0000] {manager.py:824} INFO - There are 0 files in /opt/airflow/dags
[2026-10-01T10:29:48.727+0000] {manager.py:821} INFO - Searching for files in /opt/airflow/dags
[2026-10-01T10:29:48.754+0000] {manager.py:824} INFO - There are 0 files in /opt/airflow/dags
[2026-10-01T10:30:18.972+0000] {manager.py:821} INFO - Searching for files in /opt/airflow/dags
[2026-10-01T10:30:19.007+0000] {manager.py:824} INFO - There are 0 files in /opt/airflow/dags
[2026-10-01T10:30:49.223+0000] {manager.py:821} INFO - Searching for files in /opt/airflow/dags
[2026-10-01T10:30:49.264+0000] {manager.py:824} INFO - There are 0 files in /opt/airflow/dags
[2026-10-01T10:31:19.481+0000] {manager.py:821} INFO - Searching for files in /opt/airflow/dags
[2026-10-01T10:31:19.489+0000] {manager.py:824} INFO - There are 0 files in /opt/airflow/dags
[2026-10-01T10:31:49.707+0000] {manager.py:821} INFO - Searching for files in /opt/airflow/dags
[2026-10-01T10:31:49.718+0000] {manager.py:824} INFO - There are 0 files in /opt/airflow/dags
[2026-10-01T10:32:19.964+0000] {manager.py:821} INFO - Searching for files in /opt/airflow/dags
[2026-10-01T10:32:19.974+0000] {manager.py:824} INFO - There are 0 files in /opt/airflow/dags
[2026-10-01T10:32:50.194+0000] {manager.py:821} INFO - Searching for files in /opt/airflow/dags
[2026-10-01T10:32:50.202+0000] {manager.py:824} INFO - There are 0 files in /opt/airflow/dags
[2026-10-01T10:33:20.444+0000] {manager.py:821} INFO - Searching for files in /opt/airflow/dags
[2026-10-01T10:33:20.453+0000] {manager.py:824} INFO - There are 0 files in /opt/airflow/dags
[2026-10-01T10:33:50.668+0000] {manager.py:821} INFO - Searching for files in /opt/airflow/dags
[2026-10-01T10:33:50.678+0000] {manager.py:824} INFO - There are 0 files in /opt/airflow/dags
[2026-10-01T10:34:20.892+0000] {manager.py:821} INFO - Searching for files in /opt/airflow/dags
[2026-10-01T10:34:20.898+0000] {manager.py:824} INFO - There are 0 files in /opt/airflow/dags
[2026-10-01T10:34:51.134+0000] {manager.py:821} INFO - Searching for files in /opt/airflow/dags
[2026-10-01T10:34:51.141+0000] {manager.py:824} INFO - There are 0 files in /opt/airflow/dags
[2026-10-01T10:35:21.367+0000] {manager.py:821} INFO - Searching for files in /opt/airflow/dags
[2026-10-01T10:35:21.374+0000] {manager.py:824} INFO - There are 0 files in /opt/airflow/dags
[2026-10-01T10:35:51.608+0000] {manager.py:821} INFO - Searching for files in /opt/airflow/dags
[2026-10-01T10:35:51.617+0000] {manager.py:824} INFO - There are 0 files in /opt/airflow/dags
[2026-10-01T10:36:21.842+0000] {manager.py:821} INFO - Searching for files in /opt/airflow/dags
[2026-10-01T10:36:21.865+0000] {manager.py:824} INFO - There are 0 files in /opt/airflow/dags
[2026-10-01T10:36:52.090+0000] {manager.py:821} INFO - Searching for files in /opt/airflow/dags
[2026-10-01T10:36:52.100+0000] {manager.py:824} INFO - There are 0 files in /opt/airflow/dags
[2026-10-01T10:37:22.310+0000] {manager.py:821} INFO - Searching for files in /opt/airflow/dags
[2026-10-01T10:37:22.426+0000] {manager.py:824} INFO - There are 0 files in /opt/airflow/dags
[2026-10-01T10:37:52.688+0000] {manager.py:821} INFO - Searching for files in /opt/airflow/dags
[2026-10-01T10:37:52.708+0000] {manager.py:824} INFO - There are 0 files in /opt/airflow/dags
[2026-10-01T10:38:22.946+0000] {manager.py:821} INFO - Searching for files in /opt/airflow/dags
[2026-10-01T10:38:22.951+0000] {manager.py:824} INFO - There are 0 files in /opt/airflow/dags
[2026-10-01T10:38:53.174+0000] {manager.py:821} INFO - Searching for files in /opt/airflow/dags
[2026-10-01T10:38:53.196+0000] {manager.py:824} INFO - There are 0 files in /opt/airflow/dags
[2026-10-01T10:39:23.434+0000] {manager.py:821} INFO - Searching for files in /opt/airflow/dags
[2026-10-01T10:39:23.459+0000] {manager.py:824} INFO - There are 0 files in /opt/airflow/dags
[2026-10-01T10:39:53.685+0000] {manager.py:821} INFO - Searching for files in /opt/airflow/dags
[2026-10-01T10:39:53.699+0000] {manager.py:824} INFO - There are 0 files in /opt/airflow/dags
[2026-10-01T10:40:23.922+0000] {manager.py:821} INFO - Searching for files in /opt/airflow/dags
[2026-10-01T10:40:23.942+0000] {manager.py:824} INFO - There are 0 files in /opt/airflow/dags
[2026-10-01T10:40:54.170+0000] {manager.py:821} INFO - Searching for files in /opt/airflow/dags
[2026-10-01T10:40:54.180+0000] {manager.py:824} INFO - There are 0 files in /opt/airflow/dags
[2026-10-01T10:41:24.403+0000] {manager.py:821} INFO - Searching for files in /opt/airflow/dags
[2026-10-01T10:41:24.432+0000] {manager.py:824} INFO - There are 0 files in /opt/airflow/dags
[2026-10-01T10:41:54.658+0000] {manager.py:821} INFO - Searching for files in /opt/airflow/dags
[2026-10-01T10:41:54.667+0000] {manager.py:824} INFO - There are 0 files in /opt/airflow/dags
[2026-10-01T10:42:24.875+0000] {manager.py:821} INFO - Searching for files in /opt/airflow/dags
[2026-10-01T10:42:24.892+0000] {manager.py:824} INFO - There are 0 files in /opt/airflow/dags
[2026-10-01T10:42:55.114+0000] {manager.py:821} INFO - Searching for files in /opt/airflow/dags
[2026-10-01T10:42:55.127+0000] {manager.py:824} INFO - There are 0 files in /opt/airflow/dags
[2026-10-01T10:43:25.342+0000] {manager.py:821} INFO - Searching for files in /opt/airflow/dags
[2026-10-01T10:43:25.351+0000] {manager.py:824} INFO - There are 0 files in /opt/airflow/dags
[2026-10-01T10:43:55.576+0000] {manager.py:821} INFO - Searching for files in /opt/airflow/dags
[2026-10-01T10:43:55.597+0000] {manager.py:824} INFO - There are 0 files in /opt/airflow/dags
[2026-10-01T10:44:25.831+0000] {manager.py:821} INFO - Searching for files in /opt/airflow/dags
[2026-10-01T10:44:25.849+0000] {manager.py:824} INFO - There are 0 files in /opt/airflow/dags
[2026-10-01T10:44:56.097+0000] {manager.py:821} INFO - Searching for files in /opt/airflow/dags
[2026-10-01T10:44:56.109+0000] {manager.py:824} INFO - There are 0 files in /opt/airflow/dags
[2026-10-01T10:45:26.324+0000] {manager.py:821} INFO - Searching for files in /opt/airflow/dags
[2026-10-01T10:45:26.352+0000] {manager.py:824} INFO - There are 0 files in /opt/airflow/dags
[2026-10-01T10:45:56.573+0000] {manager.py:821} INFO - Searching for files in /opt/airflow/dags
[2026-10-01T10:45:56.585+0000] {manager.py:824} INFO - There are 0 files in /opt/airflow/dags
[2026-10-01T10:46:26.805+0000] {manager.py:821} INFO - Searching for files in /opt/airflow/dags
[2026-10-01T10:46:26.827+0000] {manager.py:824} INFO - There are 0 files in /opt/airflow/dags
[2026-10-01T10:46:57.047+0000] {manager.py:821} INFO - Searching for files in /opt/airflow/dags
[2026-10-01T10:46:57.063+0000] {manager.py:824} INFO - There are 0 files in /opt/airflow/dags
[2026-10-01T10:47:27.277+0000] {manager.py:821} INFO - Searching for files in /opt/airflow/dags
[2026-10-01T10:47:27.354+0000] {manager.py:824} INFO - There are 0 files in /opt/airflow/dags
[2026-10-01T10:47:57.580+0000] {manager.py:821} INFO - Searching for files in /opt/airflow/dags
[2026-10-01T10:47:57.616+0000] {manager.py:824} INFO - There are 0 files in /opt/airflow/dags
[2026-10-01T10:48:27.841+0000] {manager.py:821} INFO - Searching for files in /opt/airflow/dags
[2026-10-01T10:48:27.855+0000] {manager.py:824} INFO - There are 0 files in /opt/airflow/dags
[2026-10-01T10:48:58.076+0000] {manager.py:821} INFO - Searching for files in /opt/airflow/dags
[2026-10-01T10:48:58.096+0000] {manager.py:824} INFO - There are 0 files in /opt/airflow/dags
[2026-10-01T10:49:28.313+0000] {manager.py:821} INFO - Searching for files in /opt/airflow/dags
[2026-10-01T10:49:28.323+0000] {manager.py:824} INFO - There are 0 files in /opt/airflow/dags
[2026-10-01T10:49:58.556+0000] {manager.py:821} INFO - Searching for files in /opt/airflow/dags
[2026-10-01T10:49:58.571+0000] {manager.py:824} INFO - There are 0 files in /opt/airflow/dags
[2026-10-01T10:50:28.799+0000] {manager.py:821} INFO - Searching for files in /opt/airflow/dags
[2026-10-01T10:50:28.857+0000] {manager.py:824} INFO - There are 1 files in /opt/airflow/dags
[2026-10-01T10:50:47.939+0000] {manager.py:997} INFO - 
================================================================================
DAG File Processing Stats

File Path                             PID    Runtime      # DAGs    # Errors  Last Runtime    Last Run               Last # of DB Queries
------------------------------------  -----  ---------  --------  ----------  --------------  -------------------  ----------------------
/opt/airflow/dags/01_triaje_clean.py                           1           0  5.61s           2026-10-01T10:50:34                      45
================================================================================
[2026-10-01T10:50:59.043+0000] {manager.py:821} INFO - Searching for files in /opt/airflow/dags
[2026-10-01T10:50:59.124+0000] {manager.py:824} INFO - There are 1 files in /opt/airflow/dags
[2026-10-01T10:51:18.364+0000] {manager.py:997} INFO - 
================================================================================
DAG File Processing Stats

File Path                             PID    Runtime      # DAGs    # Errors  Last Runtime    Last Run               Last # of DB Queries
------------------------------------  -----  ---------  --------  ----------  --------------  -------------------  ----------------------
/opt/airflow/dags/01_triaje_clean.py                           1           0  1.33s           2026-10-01T10:51:06                      12
================================================================================
[2026-10-01T10:51:25.735+0000] {manager.py:1288} WARNING - Skipping processing of missing file: /opt/airflow/dags/01_triaje_clean.py
[2026-10-01T10:51:29.455+0000] {manager.py:821} INFO - Searching for files in /opt/airflow/dags
[2026-10-01T10:51:29.499+0000] {manager.py:824} INFO - There are 0 files in /opt/airflow/dags
[2026-10-01T10:51:59.718+0000] {manager.py:821} INFO - Searching for files in /opt/airflow/dags
[2026-10-01T10:51:59.750+0000] {manager.py:824} INFO - There are 1 files in /opt/airflow/dags
[2026-10-01T10:52:19.282+0000] {manager.py:997} INFO - 
================================================================================
DAG File Processing Stats

File Path                             PID    Runtime      # DAGs    # Errors  Last Runtime    Last Run               Last # of DB Queries
------------------------------------  -----  ---------  --------  ----------  --------------  -------------------  ----------------------
/opt/airflow/dags/01_triaje_clean.py                           1           0  1.38s           2026-10-01T10:52:01                      45
================================================================================
[2026-10-01T10:52:30.382+0000] {manager.py:821} INFO - Searching for files in /opt/airflow/dags
[2026-10-01T10:52:30.448+0000] {manager.py:824} INFO - There are 1 files in /opt/airflow/dags
[2026-10-01T10:52:49.683+0000] {manager.py:997} INFO - 
================================================================================
DAG File Processing Stats

File Path                             PID    Runtime      # DAGs    # Errors  Last Runtime    Last Run               Last # of DB Queries
------------------------------------  -----  ---------  --------  ----------  --------------  -------------------  ----------------------
/opt/airflow/dags/01_triaje_clean.py                           1           0  1.09s           2026-10-01T10:52:32                      12
================================================================================
[2026-10-01T10:53:00.787+0000] {manager.py:821} INFO - Searching for files in /opt/airflow/dags
[2026-10-01T10:53:00.833+0000] {manager.py:824} INFO - There are 1 files in /opt/airflow/dags
[2026-10-01T10:53:19.990+0000] {manager.py:997} INFO - 
================================================================================
DAG File Processing Stats

File Path                             PID    Runtime      # DAGs    # Errors  Last Runtime    Last Run               Last # of DB Queries
------------------------------------  -----  ---------  --------  ----------  --------------  -------------------  ----------------------
/opt/airflow/dags/01_triaje_clean.py                           1           0  0.93s           2026-10-01T10:53:03                      12
================================================================================
[2026-10-01T10:53:31.165+0000] {manager.py:821} INFO - Searching for files in /opt/airflow/dags
[2026-10-01T10:53:31.226+0000] {manager.py:824} INFO - There are 1 files in /opt/airflow/dags
[2026-10-01T10:53:50.479+0000] {manager.py:997} INFO - 
================================================================================
DAG File Processing Stats

File Path                             PID    Runtime      # DAGs    # Errors  Last Runtime    Last Run               Last # of DB Queries
------------------------------------  -----  ---------  --------  ----------  --------------  -------------------  ----------------------
/opt/airflow/dags/01_triaje_clean.py                           1           0  1.06s           2026-10-01T10:53:35                      12
================================================================================
[2026-10-01T10:54:01.579+0000] {manager.py:821} INFO - Searching for files in /opt/airflow/dags
[2026-10-01T10:54:01.625+0000] {manager.py:824} INFO - There are 1 files in /opt/airflow/dags
[2026-10-01T10:54:20.862+0000] {manager.py:997} INFO - 
================================================================================
DAG File Processing Stats

File Path                             PID    Runtime      # DAGs    # Errors  Last Runtime    Last Run               Last # of DB Queries
------------------------------------  -----  ---------  --------  ----------  --------------  -------------------  ----------------------
/opt/airflow/dags/01_triaje_clean.py                           1           0  1.41s           2026-10-01T10:54:07                      12
================================================================================
[2026-10-01T10:54:31.946+0000] {manager.py:821} INFO - Searching for files in /opt/airflow/dags
[2026-10-01T10:54:32.000+0000] {manager.py:824} INFO - There are 1 files in /opt/airflow/dags
[2026-10-01T10:54:51.517+0000] {manager.py:997} INFO - 
================================================================================
DAG File Processing Stats

File Path                             PID    Runtime      # DAGs    # Errors  Last Runtime    Last Run               Last # of DB Queries
------------------------------------  -----  ---------  --------  ----------  --------------  -------------------  ----------------------
/opt/airflow/dags/01_triaje_clean.py                           1           0  2.05s           2026-10-01T10:54:39                      12
================================================================================
[2026-10-01T10:55:02.630+0000] {manager.py:821} INFO - Searching for files in /opt/airflow/dags
[2026-10-01T10:55:02.691+0000] {manager.py:824} INFO - There are 1 files in /opt/airflow/dags
[2026-10-01T10:55:21.937+0000] {manager.py:997} INFO - 
================================================================================
DAG File Processing Stats

File Path                             PID    Runtime      # DAGs    # Errors  Last Runtime    Last Run               Last # of DB Queries
------------------------------------  -----  ---------  --------  ----------  --------------  -------------------  ----------------------
/opt/airflow/dags/01_triaje_clean.py                           1           0  1.21s           2026-10-01T10:55:11                      12
================================================================================
[2026-10-01T10:55:33.067+0000] {manager.py:821} INFO - Searching for files in /opt/airflow/dags
[2026-10-01T10:55:33.128+0000] {manager.py:824} INFO - There are 1 files in /opt/airflow/dags
[2026-10-01T10:55:52.417+0000] {manager.py:997} INFO - 
================================================================================
DAG File Processing Stats

File Path                             PID    Runtime      # DAGs    # Errors  Last Runtime    Last Run               Last # of DB Queries
------------------------------------  -----  ---------  --------  ----------  --------------  -------------------  ----------------------
/opt/airflow/dags/01_triaje_clean.py                           1           0  1.23s           2026-10-01T10:55:42                      12
================================================================================
[2026-10-01T10:56:03.535+0000] {manager.py:821} INFO - Searching for files in /opt/airflow/dags
[2026-10-01T10:56:03.604+0000] {manager.py:824} INFO - There are 1 files in /opt/airflow/dags
[2026-10-01T10:56:22.879+0000] {manager.py:997} INFO - 
================================================================================
DAG File Processing Stats

File Path                             PID    Runtime      # DAGs    # Errors  Last Runtime    Last Run               Last # of DB Queries
------------------------------------  -----  ---------  --------  ----------  --------------  -------------------  ----------------------
/opt/airflow/dags/01_triaje_clean.py                           1           0  1.23s           2026-10-01T10:56:13                      12
================================================================================
[2026-10-01T10:56:33.994+0000] {manager.py:821} INFO - Searching for files in /opt/airflow/dags
[2026-10-01T10:56:34.056+0000] {manager.py:824} INFO - There are 1 files in /opt/airflow/dags
[2026-10-01T10:56:53.257+0000] {manager.py:997} INFO - 
================================================================================
DAG File Processing Stats

File Path                             PID    Runtime      # DAGs    # Errors  Last Runtime    Last Run               Last # of DB Queries
------------------------------------  -----  ---------  --------  ----------  --------------  -------------------  ----------------------
/opt/airflow/dags/01_triaje_clean.py                           1           0  0.94s           2026-10-01T10:56:45                      12
================================================================================
[2026-10-01T10:56:59.390+0000] {manager.py:1288} WARNING - Skipping processing of missing file: /opt/airflow/dags/01_triaje_clean.py
[2026-10-01T10:57:04.359+0000] {manager.py:821} INFO - Searching for files in /opt/airflow/dags
[2026-10-01T10:57:04.371+0000] {manager.py:824} INFO - There are 0 files in /opt/airflow/dags
[2026-10-01T10:57:34.599+0000] {manager.py:821} INFO - Searching for files in /opt/airflow/dags
[2026-10-01T10:57:34.631+0000] {manager.py:824} INFO - There are 1 files in /opt/airflow/dags
[2026-10-01T10:57:53.864+0000] {manager.py:997} INFO - 
================================================================================
DAG File Processing Stats

File Path                             PID    Runtime      # DAGs    # Errors  Last Runtime    Last Run               Last # of DB Queries
------------------------------------  -----  ---------  --------  ----------  --------------  -------------------  ----------------------
/opt/airflow/dags/01_triaje_clean.py                           1           0  1.09s           2026-10-01T10:57:35                      33
================================================================================
[2026-10-01T10:58:04.985+0000] {manager.py:821} INFO - Searching for files in /opt/airflow/dags
[2026-10-01T10:58:05.037+0000] {manager.py:824} INFO - There are 1 files in /opt/airflow/dags
[2026-10-01T10:58:24.287+0000] {manager.py:997} INFO - 
================================================================================
DAG File Processing Stats

File Path                             PID    Runtime      # DAGs    # Errors  Last Runtime    Last Run               Last # of DB Queries
------------------------------------  -----  ---------  --------  ----------  --------------  -------------------  ----------------------
/opt/airflow/dags/01_triaje_clean.py                           1           0  1.01s           2026-10-01T10:58:07                      12
================================================================================
[2026-10-01T10:58:35.406+0000] {manager.py:821} INFO - Searching for files in /opt/airflow/dags
[2026-10-01T10:58:35.466+0000] {manager.py:824} INFO - There are 1 files in /opt/airflow/dags
[2026-10-01T10:58:54.637+0000] {manager.py:997} INFO - 
================================================================================
DAG File Processing Stats

File Path                             PID    Runtime      # DAGs    # Errors  Last Runtime    Last Run               Last # of DB Queries
------------------------------------  -----  ---------  --------  ----------  --------------  -------------------  ----------------------
/opt/airflow/dags/01_triaje_clean.py                           1           0  0.95s           2026-10-01T10:58:38                      12
================================================================================
[2026-10-01T10:59:05.763+0000] {manager.py:821} INFO - Searching for files in /opt/airflow/dags
[2026-10-01T10:59:05.817+0000] {manager.py:824} INFO - There are 1 files in /opt/airflow/dags
[2026-10-01T10:59:25.093+0000] {manager.py:997} INFO - 
================================================================================
DAG File Processing Stats

File Path                             PID    Runtime      # DAGs    # Errors  Last Runtime    Last Run               Last # of DB Queries
------------------------------------  -----  ---------  --------  ----------  --------------  -------------------  ----------------------
/opt/airflow/dags/01_triaje_clean.py                           1           0  1.12s           2026-10-01T10:59:10                      12
================================================================================
[2026-10-01T10:59:36.192+0000] {manager.py:821} INFO - Searching for files in /opt/airflow/dags
[2026-10-01T10:59:36.324+0000] {manager.py:824} INFO - There are 1 files in /opt/airflow/dags
[2026-10-01T10:59:55.569+0000] {manager.py:997} INFO - 
================================================================================
DAG File Processing Stats

File Path                             PID    Runtime      # DAGs    # Errors  Last Runtime    Last Run               Last # of DB Queries
------------------------------------  -----  ---------  --------  ----------  --------------  -------------------  ----------------------
/opt/airflow/dags/01_triaje_clean.py                           1           0  1.01s           2026-10-01T10:59:41                      12
================================================================================
[2026-10-01T11:00:06.688+0000] {manager.py:821} INFO - Searching for files in /opt/airflow/dags
[2026-10-01T11:00:06.723+0000] {manager.py:824} INFO - There are 1 files in /opt/airflow/dags
[2026-10-01T11:00:25.899+0000] {manager.py:997} INFO - 
================================================================================
DAG File Processing Stats

File Path                             PID    Runtime      # DAGs    # Errors  Last Runtime    Last Run               Last # of DB Queries
------------------------------------  -----  ---------  --------  ----------  --------------  -------------------  ----------------------
/opt/airflow/dags/01_triaje_clean.py                           1           0  0.97s           2026-10-01T11:00:12                      12
================================================================================
[2026-10-01T11:00:37.017+0000] {manager.py:821} INFO - Searching for files in /opt/airflow/dags
[2026-10-01T11:00:37.068+0000] {manager.py:824} INFO - There are 1 files in /opt/airflow/dags
[2026-10-01T11:00:56.309+0000] {manager.py:997} INFO - 
================================================================================
DAG File Processing Stats

File Path                             PID    Runtime      # DAGs    # Errors  Last Runtime    Last Run               Last # of DB Queries
------------------------------------  -----  ---------  --------  ----------  --------------  -------------------  ----------------------
/opt/airflow/dags/01_triaje_clean.py                           1           0  1.11s           2026-10-01T11:00:44                      33
================================================================================
[2026-10-01T11:01:07.421+0000] {manager.py:821} INFO - Searching for files in /opt/airflow/dags
[2026-10-01T11:01:07.461+0000] {manager.py:824} INFO - There are 1 files in /opt/airflow/dags
[2026-10-01T11:01:26.545+0000] {manager.py:997} INFO - 
================================================================================
DAG File Processing Stats

File Path                             PID    Runtime      # DAGs    # Errors  Last Runtime    Last Run               Last # of DB Queries
------------------------------------  -----  ---------  --------  ----------  --------------  -------------------  ----------------------
/opt/airflow/dags/01_triaje_clean.py                           1           0  0.86s           2026-10-01T11:01:15                      12
================================================================================
[2026-10-01T11:01:37.660+0000] {manager.py:821} INFO - Searching for files in /opt/airflow/dags
[2026-10-01T11:01:37.717+0000] {manager.py:824} INFO - There are 1 files in /opt/airflow/dags
[2026-10-01T11:01:56.791+0000] {manager.py:997} INFO - 
================================================================================
DAG File Processing Stats

File Path                             PID    Runtime      # DAGs    # Errors  Last Runtime    Last Run               Last # of DB Queries
------------------------------------  -----  ---------  --------  ----------  --------------  -------------------  ----------------------
/opt/airflow/dags/01_triaje_clean.py                           1           0  0.86s           2026-10-01T11:01:46                      12
================================================================================
[2026-10-01T11:02:07.894+0000] {manager.py:821} INFO - Searching for files in /opt/airflow/dags
[2026-10-01T11:02:07.938+0000] {manager.py:824} INFO - There are 1 files in /opt/airflow/dags
[2026-10-01T11:02:27.083+0000] {manager.py:997} INFO - 
================================================================================
DAG File Processing Stats

File Path                             PID    Runtime      # DAGs    # Errors  Last Runtime    Last Run               Last # of DB Queries
------------------------------------  -----  ---------  --------  ----------  --------------  -------------------  ----------------------
/opt/airflow/dags/01_triaje_clean.py                           1           0  0.90s           2026-10-01T11:02:17                      12
================================================================================
[2026-10-01T11:02:38.202+0000] {manager.py:821} INFO - Searching for files in /opt/airflow/dags
[2026-10-01T11:02:38.266+0000] {manager.py:824} INFO - There are 1 files in /opt/airflow/dags
[2026-10-01T11:02:57.337+0000] {manager.py:997} INFO - 
================================================================================
DAG File Processing Stats

File Path                             PID    Runtime      # DAGs    # Errors  Last Runtime    Last Run               Last # of DB Queries
------------------------------------  -----  ---------  --------  ----------  --------------  -------------------  ----------------------
/opt/airflow/dags/01_triaje_clean.py                           1           0  0.85s           2026-10-01T11:02:49                      12
================================================================================
[2026-10-01T11:03:08.449+0000] {manager.py:821} INFO - Searching for files in /opt/airflow/dags
[2026-10-01T11:03:08.686+0000] {manager.py:824} INFO - There are 1 files in /opt/airflow/dags
[2026-10-01T11:03:27.863+0000] {manager.py:997} INFO - 
================================================================================
DAG File Processing Stats

File Path                             PID    Runtime      # DAGs    # Errors  Last Runtime    Last Run               Last # of DB Queries
------------------------------------  -----  ---------  --------  ----------  --------------  -------------------  ----------------------
/opt/airflow/dags/01_triaje_clean.py                           1           0  0.85s           2026-10-01T11:03:20                      12
================================================================================
[2026-10-01T11:03:38.983+0000] {manager.py:821} INFO - Searching for files in /opt/airflow/dags
[2026-10-01T11:03:39.025+0000] {manager.py:824} INFO - There are 1 files in /opt/airflow/dags
[2026-10-01T11:03:58.156+0000] {manager.py:997} INFO - 
================================================================================
DAG File Processing Stats

File Path                             PID    Runtime      # DAGs    # Errors  Last Runtime    Last Run               Last # of DB Queries
------------------------------------  -----  ---------  --------  ----------  --------------  -------------------  ----------------------
/opt/airflow/dags/01_triaje_clean.py                           1           0  0.91s           2026-10-01T11:03:52                      12
================================================================================
[2026-10-01T11:04:09.283+0000] {manager.py:821} INFO - Searching for files in /opt/airflow/dags
[2026-10-01T11:04:09.345+0000] {manager.py:824} INFO - There are 1 files in /opt/airflow/dags
[2026-10-01T11:04:28.426+0000] {manager.py:997} INFO - 
================================================================================
DAG File Processing Stats

File Path                             PID    Runtime      # DAGs    # Errors  Last Runtime    Last Run               Last # of DB Queries
------------------------------------  -----  ---------  --------  ----------  --------------  -------------------  ----------------------
/opt/airflow/dags/01_triaje_clean.py                           1           0  0.84s           2026-10-01T11:04:23                      12
================================================================================
[2026-10-01T11:04:39.558+0000] {manager.py:821} INFO - Searching for files in /opt/airflow/dags
[2026-10-01T11:04:39.605+0000] {manager.py:824} INFO - There are 1 files in /opt/airflow/dags
[2026-10-01T11:04:57.092+0000] {manager.py:1288} WARNING - Skipping processing of missing file: /opt/airflow/dags/01_triaje_clean.py
[2026-10-01T11:05:09.880+0000] {manager.py:821} INFO - Searching for files in /opt/airflow/dags
[2026-10-01T11:05:09.902+0000] {manager.py:824} INFO - There are 1 files in /opt/airflow/dags
[2026-10-01T11:05:28.942+0000] {manager.py:997} INFO - 
================================================================================
DAG File Processing Stats

File Path                             PID    Runtime      # DAGs    # Errors  Last Runtime    Last Run               Last # of DB Queries
------------------------------------  -----  ---------  --------  ----------  --------------  -------------------  ----------------------
/opt/airflow/dags/01_triaje_clean.py                           0           1  0.83s           2026-10-01T11:05:10                       3
================================================================================
[2026-10-01T11:05:40.050+0000] {manager.py:821} INFO - Searching for files in /opt/airflow/dags
[2026-10-01T11:05:40.085+0000] {manager.py:824} INFO - There are 1 files in /opt/airflow/dags
[2026-10-01T11:05:52.040+0000] {manager.py:1288} WARNING - Skipping processing of missing file: /opt/airflow/dags/01_triaje_clean.py
[2026-10-01T11:06:10.175+0000] {manager.py:821} INFO - Searching for files in /opt/airflow/dags
[2026-10-01T11:06:10.203+0000] {manager.py:824} INFO - There are 1 files in /opt/airflow/dags
[2026-10-01T11:06:29.367+0000] {manager.py:997} INFO - 
================================================================================
DAG File Processing Stats

File Path                             PID    Runtime      # DAGs    # Errors  Last Runtime    Last Run               Last # of DB Queries
------------------------------------  -----  ---------  --------  ----------  --------------  -------------------  ----------------------
/opt/airflow/dags/01_triaje_clean.py                           1           0  0.97s           2026-10-01T11:06:11                      32
================================================================================
[2026-10-01T11:06:40.458+0000] {manager.py:821} INFO - Searching for files in /opt/airflow/dags
[2026-10-01T11:06:40.528+0000] {manager.py:824} INFO - There are 1 files in /opt/airflow/dags
[2026-10-01T11:06:59.656+0000] {manager.py:997} INFO - 
================================================================================
DAG File Processing Stats

File Path                             PID    Runtime      # DAGs    # Errors  Last Runtime    Last Run               Last # of DB Queries
------------------------------------  -----  ---------  --------  ----------  --------------  -------------------  ----------------------
/opt/airflow/dags/01_triaje_clean.py                           1           0  0.92s           2026-10-01T11:06:42                      10
================================================================================
[2026-10-01T11:07:10.778+0000] {manager.py:821} INFO - Searching for files in /opt/airflow/dags
[2026-10-01T11:07:10.810+0000] {manager.py:824} INFO - There are 1 files in /opt/airflow/dags
[2026-10-01T11:07:30.050+0000] {manager.py:997} INFO - 
================================================================================
DAG File Processing Stats

File Path                             PID    Runtime      # DAGs    # Errors  Last Runtime    Last Run               Last # of DB Queries
------------------------------------  -----  ---------  --------  ----------  --------------  -------------------  ----------------------
/opt/airflow/dags/01_triaje_clean.py                           1           0  1.03s           2026-10-01T11:07:13                      10
================================================================================
[2026-10-01T11:07:41.168+0000] {manager.py:821} INFO - Searching for files in /opt/airflow/dags
[2026-10-01T11:07:41.209+0000] {manager.py:824} INFO - There are 1 files in /opt/airflow/dags
[2026-10-01T11:08:00.249+0000] {manager.py:997} INFO - 
================================================================================
DAG File Processing Stats

File Path                             PID    Runtime      # DAGs    # Errors  Last Runtime    Last Run               Last # of DB Queries
------------------------------------  -----  ---------  --------  ----------  --------------  -------------------  ----------------------
/opt/airflow/dags/01_triaje_clean.py                           1           0  0.83s           2026-10-01T11:07:45                      10
================================================================================
[2026-10-01T11:08:11.400+0000] {manager.py:821} INFO - Searching for files in /opt/airflow/dags
[2026-10-01T11:08:11.433+0000] {manager.py:824} INFO - There are 1 files in /opt/airflow/dags
[2026-10-01T11:08:30.443+0000] {manager.py:997} INFO - 
================================================================================
DAG File Processing Stats

File Path                             PID    Runtime      # DAGs    # Errors  Last Runtime    Last Run               Last # of DB Queries
------------------------------------  -----  ---------  --------  ----------  --------------  -------------------  ----------------------
/opt/airflow/dags/01_triaje_clean.py                           1           0  0.79s           2026-10-01T11:08:16                      10
================================================================================
[2026-10-01T11:08:41.544+0000] {manager.py:821} INFO - Searching for files in /opt/airflow/dags
[2026-10-01T11:08:41.607+0000] {manager.py:824} INFO - There are 1 files in /opt/airflow/dags
[2026-10-01T11:09:00.834+0000] {manager.py:997} INFO - 
================================================================================
DAG File Processing Stats

File Path                             PID    Runtime      # DAGs    # Errors  Last Runtime    Last Run               Last # of DB Queries
------------------------------------  -----  ---------  --------  ----------  --------------  -------------------  ----------------------
/opt/airflow/dags/01_triaje_clean.py                           1           0  0.83s           2026-10-01T11:08:47                      10
================================================================================
[2026-10-01T11:09:11.952+0000] {manager.py:821} INFO - Searching for files in /opt/airflow/dags
[2026-10-01T11:09:11.980+0000] {manager.py:824} INFO - There are 1 files in /opt/airflow/dags
[2026-10-01T11:09:31.231+0000] {manager.py:997} INFO - 
================================================================================
DAG File Processing Stats

File Path                             PID    Runtime      # DAGs    # Errors  Last Runtime    Last Run               Last # of DB Queries
------------------------------------  -----  ---------  --------  ----------  --------------  -------------------  ----------------------
/opt/airflow/dags/01_triaje_clean.py                           1           0  0.82s           2026-10-01T11:09:18                      10
================================================================================
[2026-10-01T11:09:42.344+0000] {manager.py:821} INFO - Searching for files in /opt/airflow/dags
[2026-10-01T11:09:42.382+0000] {manager.py:824} INFO - There are 1 files in /opt/airflow/dags
[2026-10-01T11:10:01.593+0000] {manager.py:997} INFO - 
================================================================================
DAG File Processing Stats

File Path                             PID    Runtime      # DAGs    # Errors  Last Runtime    Last Run               Last # of DB Queries
------------------------------------  -----  ---------  --------  ----------  --------------  -------------------  ----------------------
/opt/airflow/dags/01_triaje_clean.py                           1           0  0.88s           2026-10-01T11:09:49                      10
================================================================================
[2026-10-01T11:10:12.718+0000] {manager.py:821} INFO - Searching for files in /opt/airflow/dags
[2026-10-01T11:10:12.753+0000] {manager.py:824} INFO - There are 1 files in /opt/airflow/dags
[2026-10-01T11:10:31.792+0000] {manager.py:997} INFO - 
================================================================================
DAG File Processing Stats

File Path                             PID    Runtime      # DAGs    # Errors  Last Runtime    Last Run               Last # of DB Queries
------------------------------------  -----  ---------  --------  ----------  --------------  -------------------  ----------------------
/opt/airflow/dags/01_triaje_clean.py                           1           0  0.81s           2026-10-01T11:10:20                      10
================================================================================
[2026-10-01T11:10:42.916+0000] {manager.py:821} INFO - Searching for files in /opt/airflow/dags
[2026-10-01T11:10:42.954+0000] {manager.py:824} INFO - There are 1 files in /opt/airflow/dags
[2026-10-01T11:11:02.142+0000] {manager.py:997} INFO - 
================================================================================
DAG File Processing Stats

File Path                             PID    Runtime      # DAGs    # Errors  Last Runtime    Last Run               Last # of DB Queries
------------------------------------  -----  ---------  --------  ----------  --------------  -------------------  ----------------------
/opt/airflow/dags/01_triaje_clean.py                           1           0  0.99s           2026-10-01T11:10:52                      10
================================================================================
[2026-10-01T11:11:13.242+0000] {manager.py:821} INFO - Searching for files in /opt/airflow/dags
[2026-10-01T11:11:13.292+0000] {manager.py:824} INFO - There are 1 files in /opt/airflow/dags
[2026-10-01T11:11:32.358+0000] {manager.py:997} INFO - 
================================================================================
DAG File Processing Stats

File Path                             PID    Runtime      # DAGs    # Errors  Last Runtime    Last Run               Last # of DB Queries
------------------------------------  -----  ---------  --------  ----------  --------------  -------------------  ----------------------
/opt/airflow/dags/01_triaje_clean.py                           1           0  0.85s           2026-10-01T11:11:23                      10
================================================================================
[2026-10-01T11:11:43.464+0000] {manager.py:821} INFO - Searching for files in /opt/airflow/dags
[2026-10-01T11:11:43.528+0000] {manager.py:824} INFO - There are 1 files in /opt/airflow/dags
[2026-10-01T11:12:02.774+0000] {manager.py:997} INFO - 
================================================================================
DAG File Processing Stats

File Path                             PID    Runtime      # DAGs    # Errors  Last Runtime    Last Run               Last # of DB Queries
------------------------------------  -----  ---------  --------  ----------  --------------  -------------------  ----------------------
/opt/airflow/dags/01_triaje_clean.py                           1           0  1.04s           2026-10-01T11:11:54                      10
================================================================================
[2026-10-01T11:12:13.895+0000] {manager.py:821} INFO - Searching for files in /opt/airflow/dags
[2026-10-01T11:12:13.915+0000] {manager.py:824} INFO - There are 1 files in /opt/airflow/dags
[2026-10-01T11:12:32.941+0000] {manager.py:997} INFO - 
================================================================================
DAG File Processing Stats

File Path                             PID    Runtime      # DAGs    # Errors  Last Runtime    Last Run               Last # of DB Queries
------------------------------------  -----  ---------  --------  ----------  --------------  -------------------  ----------------------
/opt/airflow/dags/01_triaje_clean.py                           1           0  0.82s           2026-10-01T11:12:25                      10
================================================================================
[2026-10-01T11:12:44.050+0000] {manager.py:821} INFO - Searching for files in /opt/airflow/dags
[2026-10-01T11:12:44.102+0000] {manager.py:824} INFO - There are 1 files in /opt/airflow/dags
[2026-10-01T11:13:03.119+0000] {manager.py:997} INFO - 
================================================================================
DAG File Processing Stats

File Path                             PID    Runtime      # DAGs    # Errors  Last Runtime    Last Run               Last # of DB Queries
------------------------------------  -----  ---------  --------  ----------  --------------  -------------------  ----------------------
/opt/airflow/dags/01_triaje_clean.py                           1           0  0.81s           2026-10-01T11:12:57                      10
================================================================================
[2026-10-01T11:13:14.215+0000] {manager.py:821} INFO - Searching for files in /opt/airflow/dags
[2026-10-01T11:13:14.272+0000] {manager.py:824} INFO - There are 1 files in /opt/airflow/dags
[2026-10-01T11:13:33.434+0000] {manager.py:997} INFO - 
================================================================================
DAG File Processing Stats

File Path                             PID    Runtime      # DAGs    # Errors  Last Runtime    Last Run               Last # of DB Queries
------------------------------------  -----  ---------  --------  ----------  --------------  -------------------  ----------------------
/opt/airflow/dags/01_triaje_clean.py                           1           0  0.90s           2026-10-01T11:13:28                      10
================================================================================
[2026-10-01T11:13:44.537+0000] {manager.py:821} INFO - Searching for files in /opt/airflow/dags
[2026-10-01T11:13:44.567+0000] {manager.py:824} INFO - There are 1 files in /opt/airflow/dags
[2026-10-01T11:13:49.051+0000] {manager.py:1288} WARNING - Skipping processing of missing file: /opt/airflow/dags/01_triaje_clean.py
[2026-10-01T11:14:14.791+0000] {manager.py:821} INFO - Searching for files in /opt/airflow/dags
[2026-10-01T11:14:14.800+0000] {manager.py:824} INFO - There are 0 files in /opt/airflow/dags
[2026-10-01T11:14:45.009+0000] {manager.py:821} INFO - Searching for files in /opt/airflow/dags
[2026-10-01T11:14:45.022+0000] {manager.py:824} INFO - There are 0 files in /opt/airflow/dags
[2026-10-01T11:15:15.249+0000] {manager.py:821} INFO - Searching for files in /opt/airflow/dags
[2026-10-01T11:15:15.284+0000] {manager.py:824} INFO - There are 1 files in /opt/airflow/dags
[2026-10-01T11:15:34.500+0000] {manager.py:997} INFO - 
================================================================================
DAG File Processing Stats

File Path                              PID    Runtime      # DAGs    # Errors  Last Runtime    Last Run               Last # of DB Queries
-------------------------------------  -----  ---------  --------  ----------  --------------  -------------------  ----------------------
/opt/airflow/dags/01_triaje_script.py                           1           0  1.13s           2026-10-01T11:15:16                      31
================================================================================
[2026-10-01T11:15:45.599+0000] {manager.py:821} INFO - Searching for files in /opt/airflow/dags
[2026-10-01T11:15:45.647+0000] {manager.py:824} INFO - There are 1 files in /opt/airflow/dags
[2026-10-01T11:16:04.743+0000] {manager.py:997} INFO - 
================================================================================
DAG File Processing Stats

File Path                              PID    Runtime      # DAGs    # Errors  Last Runtime    Last Run               Last # of DB Queries
-------------------------------------  -----  ---------  --------  ----------  --------------  -------------------  ----------------------
/opt/airflow/dags/01_triaje_script.py                           1           0  0.88s           2026-10-01T11:15:47                      10
================================================================================
[2026-10-01T11:16:15.876+0000] {manager.py:821} INFO - Searching for files in /opt/airflow/dags
[2026-10-01T11:16:15.911+0000] {manager.py:824} INFO - There are 1 files in /opt/airflow/dags
[2026-10-01T11:16:35.248+0000] {manager.py:997} INFO - 
================================================================================
DAG File Processing Stats

File Path                              PID    Runtime      # DAGs    # Errors  Last Runtime    Last Run               Last # of DB Queries
-------------------------------------  -----  ---------  --------  ----------  --------------  -------------------  ----------------------
/opt/airflow/dags/01_triaje_script.py                           1           0  1.04s           2026-10-01T11:16:19                      10
================================================================================
[2026-10-01T11:16:46.405+0000] {manager.py:821} INFO - Searching for files in /opt/airflow/dags
[2026-10-01T11:16:46.444+0000] {manager.py:824} INFO - There are 1 files in /opt/airflow/dags
[2026-10-01T11:17:05.464+0000] {manager.py:997} INFO - 
================================================================================
DAG File Processing Stats

File Path                              PID    Runtime      # DAGs    # Errors  Last Runtime    Last Run               Last # of DB Queries
-------------------------------------  -----  ---------  --------  ----------  --------------  -------------------  ----------------------
/opt/airflow/dags/01_triaje_script.py                           1           0  0.80s           2026-10-01T11:16:50                      10
================================================================================
[2026-10-01T11:17:16.602+0000] {manager.py:821} INFO - Searching for files in /opt/airflow/dags
[2026-10-01T11:17:16.795+0000] {manager.py:824} INFO - There are 1 files in /opt/airflow/dags
[2026-10-01T11:17:35.839+0000] {manager.py:997} INFO - 
================================================================================
DAG File Processing Stats

File Path                              PID    Runtime      # DAGs    # Errors  Last Runtime    Last Run               Last # of DB Queries
-------------------------------------  -----  ---------  --------  ----------  --------------  -------------------  ----------------------
/opt/airflow/dags/01_triaje_script.py                           1           0  0.79s           2026-10-01T11:17:21                      10
================================================================================
[2026-10-01T11:17:46.988+0000] {manager.py:821} INFO - Searching for files in /opt/airflow/dags
[2026-10-01T11:17:47.019+0000] {manager.py:824} INFO - There are 1 files in /opt/airflow/dags
[2026-10-01T11:18:06.095+0000] {manager.py:997} INFO - 
================================================================================
DAG File Processing Stats

File Path                              PID    Runtime      # DAGs    # Errors  Last Runtime    Last Run               Last # of DB Queries
-------------------------------------  -----  ---------  --------  ----------  --------------  -------------------  ----------------------
/opt/airflow/dags/01_triaje_script.py                           1           0  0.83s           2026-10-01T11:17:52                      10
================================================================================
[2026-10-01T11:18:17.227+0000] {manager.py:821} INFO - Searching for files in /opt/airflow/dags
[2026-10-01T11:18:17.261+0000] {manager.py:824} INFO - There are 1 files in /opt/airflow/dags
[2026-10-01T11:18:36.438+0000] {manager.py:997} INFO - 
================================================================================
DAG File Processing Stats

File Path                              PID    Runtime      # DAGs    # Errors  Last Runtime    Last Run               Last # of DB Queries
-------------------------------------  -----  ---------  --------  ----------  --------------  -------------------  ----------------------
/opt/airflow/dags/01_triaje_script.py                           1           0  0.93s           2026-10-01T11:18:24                      10
================================================================================
[2026-10-01T11:18:47.557+0000] {manager.py:821} INFO - Searching for files in /opt/airflow/dags
[2026-10-01T11:18:47.692+0000] {manager.py:824} INFO - There are 1 files in /opt/airflow/dags
[2026-10-01T11:19:06.832+0000] {manager.py:997} INFO - 
================================================================================
DAG File Processing Stats

File Path                              PID    Runtime      # DAGs    # Errors  Last Runtime    Last Run               Last # of DB Queries
-------------------------------------  -----  ---------  --------  ----------  --------------  -------------------  ----------------------
/opt/airflow/dags/01_triaje_script.py                           1           0  0.91s           2026-10-01T11:18:55                      10
================================================================================
[2026-10-01T11:19:17.972+0000] {manager.py:821} INFO - Searching for files in /opt/airflow/dags
[2026-10-01T11:19:18.046+0000] {manager.py:824} INFO - There are 1 files in /opt/airflow/dags
[2026-10-01T11:19:37.113+0000] {manager.py:997} INFO - 
================================================================================
DAG File Processing Stats

File Path                              PID    Runtime      # DAGs    # Errors  Last Runtime    Last Run               Last # of DB Queries
-------------------------------------  -----  ---------  --------  ----------  --------------  -------------------  ----------------------
/opt/airflow/dags/01_triaje_script.py                           1           0  0.85s           2026-10-01T11:19:27                      10
================================================================================
[2026-10-01T11:19:48.229+0000] {manager.py:821} INFO - Searching for files in /opt/airflow/dags
[2026-10-01T11:19:48.389+0000] {manager.py:824} INFO - There are 1 files in /opt/airflow/dags
[2026-10-01T11:20:07.341+0000] {manager.py:997} INFO - 
================================================================================
DAG File Processing Stats

File Path                              PID    Runtime      # DAGs    # Errors  Last Runtime    Last Run               Last # of DB Queries
-------------------------------------  -----  ---------  --------  ----------  --------------  -------------------  ----------------------
/opt/airflow/dags/01_triaje_script.py                           1           0  0.73s           2026-10-01T11:19:58                      10
================================================================================
[2026-10-01T11:20:18.467+0000] {manager.py:821} INFO - Searching for files in /opt/airflow/dags
[2026-10-01T11:20:18.505+0000] {manager.py:824} INFO - There are 1 files in /opt/airflow/dags
[2026-10-01T11:20:37.541+0000] {manager.py:997} INFO - 
================================================================================
DAG File Processing Stats

File Path                              PID    Runtime      # DAGs    # Errors  Last Runtime    Last Run               Last # of DB Queries
-------------------------------------  -----  ---------  --------  ----------  --------------  -------------------  ----------------------
/opt/airflow/dags/01_triaje_script.py                           1           0  0.83s           2026-10-01T11:20:29                      10
================================================================================
[2026-10-01T11:20:48.660+0000] {manager.py:821} INFO - Searching for files in /opt/airflow/dags
[2026-10-01T11:20:48.701+0000] {manager.py:824} INFO - There are 1 files in /opt/airflow/dags
[2026-10-01T11:21:07.898+0000] {manager.py:997} INFO - 
================================================================================
DAG File Processing Stats

File Path                              PID    Runtime      # DAGs    # Errors  Last Runtime    Last Run               Last # of DB Queries
-------------------------------------  -----  ---------  --------  ----------  --------------  -------------------  ----------------------
/opt/airflow/dags/01_triaje_script.py                           1           0  0.75s           2026-10-01T11:21:00                      10
================================================================================
[2026-10-01T11:21:19.026+0000] {manager.py:821} INFO - Searching for files in /opt/airflow/dags
[2026-10-01T11:21:19.057+0000] {manager.py:824} INFO - There are 1 files in /opt/airflow/dags
[2026-10-01T11:21:38.298+0000] {manager.py:997} INFO - 
================================================================================
DAG File Processing Stats

File Path                              PID    Runtime      # DAGs    # Errors  Last Runtime    Last Run               Last # of DB Queries
-------------------------------------  -----  ---------  --------  ----------  --------------  -------------------  ----------------------
/opt/airflow/dags/01_triaje_script.py                           1           0  0.74s           2026-10-01T11:21:31                      10
================================================================================
[2026-10-01T11:21:49.432+0000] {manager.py:821} INFO - Searching for files in /opt/airflow/dags
[2026-10-01T11:21:49.478+0000] {manager.py:824} INFO - There are 1 files in /opt/airflow/dags
[2026-10-01T11:22:08.553+0000] {manager.py:997} INFO - 
================================================================================
DAG File Processing Stats

File Path                              PID    Runtime      # DAGs    # Errors  Last Runtime    Last Run               Last # of DB Queries
-------------------------------------  -----  ---------  --------  ----------  --------------  -------------------  ----------------------
/opt/airflow/dags/01_triaje_script.py                           1           0  0.80s           2026-10-01T11:22:02                      10
================================================================================
[2026-10-01T11:22:19.690+0000] {manager.py:821} INFO - Searching for files in /opt/airflow/dags
[2026-10-01T11:22:19.722+0000] {manager.py:824} INFO - There are 1 files in /opt/airflow/dags
[2026-10-01T11:22:38.981+0000] {manager.py:997} INFO - 
================================================================================
DAG File Processing Stats

File Path                              PID    Runtime      # DAGs    # Errors  Last Runtime    Last Run               Last # of DB Queries
-------------------------------------  -----  ---------  --------  ----------  --------------  -------------------  ----------------------
/opt/airflow/dags/01_triaje_script.py                           1           0  0.99s           2026-10-01T11:22:33                      10
================================================================================
[2026-10-01T11:22:50.094+0000] {manager.py:821} INFO - Searching for files in /opt/airflow/dags
[2026-10-01T11:22:50.127+0000] {manager.py:824} INFO - There are 1 files in /opt/airflow/dags
[2026-10-01T11:23:09.326+0000] {manager.py:997} INFO - 
================================================================================
DAG File Processing Stats

File Path                              PID    Runtime      # DAGs    # Errors  Last Runtime    Last Run               Last # of DB Queries
-------------------------------------  -----  ---------  --------  ----------  --------------  -------------------  ----------------------
/opt/airflow/dags/01_triaje_script.py                           1           0  0.98s           2026-10-01T11:23:05                      10
================================================================================
[2026-10-01T11:23:20.444+0000] {manager.py:821} INFO - Searching for files in /opt/airflow/dags
[2026-10-01T11:23:20.477+0000] {manager.py:824} INFO - There are 1 files in /opt/airflow/dags
[2026-10-01T11:23:39.818+0000] {manager.py:997} INFO - 
================================================================================
DAG File Processing Stats

File Path                              PID    Runtime      # DAGs    # Errors  Last Runtime    Last Run               Last # of DB Queries
-------------------------------------  -----  ---------  --------  ----------  --------------  -------------------  ----------------------
/opt/airflow/dags/01_triaje_script.py                           1           0  0.90s           2026-10-01T11:23:36                      10
================================================================================
[2026-10-01T11:23:50.937+0000] {manager.py:821} INFO - Searching for files in /opt/airflow/dags
[2026-10-01T11:23:50.995+0000] {manager.py:824} INFO - There are 1 files in /opt/airflow/dags
[2026-10-01T11:24:10.183+0000] {manager.py:997} INFO - 
================================================================================
DAG File Processing Stats

File Path                              PID    Runtime      # DAGs    # Errors  Last Runtime    Last Run               Last # of DB Queries
-------------------------------------  -----  ---------  --------  ----------  --------------  -------------------  ----------------------
/opt/airflow/dags/01_triaje_script.py                           1           0  0.95s           2026-10-01T11:24:08                      10
================================================================================
[2026-10-01T11:24:21.302+0000] {manager.py:821} INFO - Searching for files in /opt/airflow/dags
[2026-10-01T11:24:21.349+0000] {manager.py:824} INFO - There are 1 files in /opt/airflow/dags
[2026-10-01T11:24:40.600+0000] {manager.py:997} INFO - 
================================================================================
DAG File Processing Stats

File Path                              PID    Runtime      # DAGs    # Errors  Last Runtime    Last Run               Last # of DB Queries
-------------------------------------  -----  ---------  --------  ----------  --------------  -------------------  ----------------------
/opt/airflow/dags/01_triaje_script.py                           1           0  0.94s           2026-10-01T11:24:39                      10
================================================================================
[2026-10-01T11:24:51.714+0000] {manager.py:821} INFO - Searching for files in /opt/airflow/dags
[2026-10-01T11:24:51.745+0000] {manager.py:824} INFO - There are 1 files in /opt/airflow/dags
[2026-10-01T11:25:10.848+0000] {manager.py:997} INFO - 
================================================================================
DAG File Processing Stats

File Path                              PID    Runtime      # DAGs    # Errors  Last Runtime    Last Run               Last # of DB Queries
-------------------------------------  -----  ---------  --------  ----------  --------------  -------------------  ----------------------
/opt/airflow/dags/01_triaje_script.py                           1           0  0.86s           2026-10-01T11:25:10                      10
================================================================================
[2026-10-01T11:25:21.966+0000] {manager.py:821} INFO - Searching for files in /opt/airflow/dags
[2026-10-01T11:25:21.995+0000] {manager.py:824} INFO - There are 1 files in /opt/airflow/dags
[2026-10-01T11:25:41.229+0000] {manager.py:997} INFO - 
================================================================================
DAG File Processing Stats

File Path                                PID  Runtime      # DAGs    # Errors  Last Runtime    Last Run               Last # of DB Queries
-------------------------------------  -----  ---------  --------  ----------  --------------  -------------------  ----------------------
/opt/airflow/dags/01_triaje_script.py   1122  0.01s             1           0  0.86s           2026-10-01T11:25:10                      10
================================================================================
[2026-10-01T11:25:52.163+0000] {manager.py:821} INFO - Searching for files in /opt/airflow/dags
[2026-10-01T11:25:52.199+0000] {manager.py:824} INFO - There are 1 files in /opt/airflow/dags
[2026-10-01T11:26:11.398+0000] {manager.py:997} INFO - 
================================================================================
DAG File Processing Stats

File Path                              PID    Runtime      # DAGs    # Errors  Last Runtime    Last Run               Last # of DB Queries
-------------------------------------  -----  ---------  --------  ----------  --------------  -------------------  ----------------------
/opt/airflow/dags/01_triaje_script.py                           1           0  0.84s           2026-10-01T11:25:42                      10
================================================================================
[2026-10-01T11:26:22.343+0000] {manager.py:821} INFO - Searching for files in /opt/airflow/dags
[2026-10-01T11:26:22.387+0000] {manager.py:824} INFO - There are 1 files in /opt/airflow/dags
[2026-10-01T11:26:41.615+0000] {manager.py:997} INFO - 
================================================================================
DAG File Processing Stats

File Path                              PID    Runtime      # DAGs    # Errors  Last Runtime    Last Run               Last # of DB Queries
-------------------------------------  -----  ---------  --------  ----------  --------------  -------------------  ----------------------
/opt/airflow/dags/01_triaje_script.py                           1           0  0.84s           2026-10-01T11:26:13                      10
================================================================================
[2026-10-01T11:26:52.633+0000] {manager.py:821} INFO - Searching for files in /opt/airflow/dags
[2026-10-01T11:26:52.675+0000] {manager.py:824} INFO - There are 1 files in /opt/airflow/dags
[2026-10-01T11:27:11.878+0000] {manager.py:997} INFO - 
================================================================================
DAG File Processing Stats

File Path                              PID    Runtime      # DAGs    # Errors  Last Runtime    Last Run               Last # of DB Queries
-------------------------------------  -----  ---------  --------  ----------  --------------  -------------------  ----------------------
/opt/airflow/dags/01_triaje_script.py                           1           0  0.91s           2026-10-01T11:26:44                      10
================================================================================
[2026-10-01T11:27:23.045+0000] {manager.py:821} INFO - Searching for files in /opt/airflow/dags
[2026-10-01T11:27:23.109+0000] {manager.py:824} INFO - There are 1 files in /opt/airflow/dags
[2026-10-01T11:27:42.325+0000] {manager.py:997} INFO - 
================================================================================
DAG File Processing Stats

File Path                              PID    Runtime      # DAGs    # Errors  Last Runtime    Last Run               Last # of DB Queries
-------------------------------------  -----  ---------  --------  ----------  --------------  -------------------  ----------------------
/opt/airflow/dags/01_triaje_script.py                           1           0  0.80s           2026-10-01T11:27:15                      10
================================================================================
[2026-10-01T11:27:53.449+0000] {manager.py:821} INFO - Searching for files in /opt/airflow/dags
[2026-10-01T11:27:53.490+0000] {manager.py:824} INFO - There are 1 files in /opt/airflow/dags
[2026-10-01T11:28:12.745+0000] {manager.py:997} INFO - 
================================================================================
DAG File Processing Stats

File Path                              PID    Runtime      # DAGs    # Errors  Last Runtime    Last Run               Last # of DB Queries
-------------------------------------  -----  ---------  --------  ----------  --------------  -------------------  ----------------------
/opt/airflow/dags/01_triaje_script.py                           1           0  0.76s           2026-10-01T11:27:46                      10
================================================================================
[2026-10-01T11:28:23.665+0000] {manager.py:821} INFO - Searching for files in /opt/airflow/dags
[2026-10-01T11:28:23.699+0000] {manager.py:824} INFO - There are 1 files in /opt/airflow/dags
[2026-10-01T11:28:42.914+0000] {manager.py:997} INFO - 
================================================================================
DAG File Processing Stats

File Path                              PID    Runtime      # DAGs    # Errors  Last Runtime    Last Run               Last # of DB Queries
-------------------------------------  -----  ---------  --------  ----------  --------------  -------------------  ----------------------
/opt/airflow/dags/01_triaje_script.py                           1           0  0.78s           2026-10-01T11:28:17                      10
================================================================================
[2026-10-01T11:28:53.819+0000] {manager.py:821} INFO - Searching for files in /opt/airflow/dags
[2026-10-01T11:28:53.852+0000] {manager.py:824} INFO - There are 1 files in /opt/airflow/dags
[2026-10-01T11:29:13.054+0000] {manager.py:997} INFO - 
================================================================================
DAG File Processing Stats

File Path                              PID    Runtime      # DAGs    # Errors  Last Runtime    Last Run               Last # of DB Queries
-------------------------------------  -----  ---------  --------  ----------  --------------  -------------------  ----------------------
/opt/airflow/dags/01_triaje_script.py                           1           0  0.79s           2026-10-01T11:28:48                      10
================================================================================
[2026-10-01T11:29:24.010+0000] {manager.py:821} INFO - Searching for files in /opt/airflow/dags
[2026-10-01T11:29:24.079+0000] {manager.py:824} INFO - There are 1 files in /opt/airflow/dags
[2026-10-01T11:29:43.336+0000] {manager.py:997} INFO - 
================================================================================
DAG File Processing Stats

File Path                              PID    Runtime      # DAGs    # Errors  Last Runtime    Last Run               Last # of DB Queries
-------------------------------------  -----  ---------  --------  ----------  --------------  -------------------  ----------------------
/opt/airflow/dags/01_triaje_script.py                           1           0  0.83s           2026-10-01T11:29:19                      10
================================================================================
[2026-10-01T11:29:54.275+0000] {manager.py:821} INFO - Searching for files in /opt/airflow/dags
[2026-10-01T11:29:54.306+0000] {manager.py:824} INFO - There are 1 files in /opt/airflow/dags
[2026-10-01T11:30:13.508+0000] {manager.py:997} INFO - 
================================================================================
DAG File Processing Stats

File Path                              PID    Runtime      # DAGs    # Errors  Last Runtime    Last Run               Last # of DB Queries
-------------------------------------  -----  ---------  --------  ----------  --------------  -------------------  ----------------------
/opt/airflow/dags/01_triaje_script.py                           1           0  0.80s           2026-10-01T11:29:51                      10
================================================================================
[2026-10-01T11:30:24.465+0000] {manager.py:821} INFO - Searching for files in /opt/airflow/dags
[2026-10-01T11:30:24.493+0000] {manager.py:824} INFO - There are 1 files in /opt/airflow/dags
[2026-10-01T11:30:43.687+0000] {manager.py:997} INFO - 
================================================================================
DAG File Processing Stats

File Path                              PID    Runtime      # DAGs    # Errors  Last Runtime    Last Run               Last # of DB Queries
-------------------------------------  -----  ---------  --------  ----------  --------------  -------------------  ----------------------
/opt/airflow/dags/01_triaje_script.py                           1           0  0.83s           2026-10-01T11:30:22                      10
================================================================================
[2026-10-01T11:30:54.802+0000] {manager.py:821} INFO - Searching for files in /opt/airflow/dags
[2026-10-01T11:30:54.888+0000] {manager.py:824} INFO - There are 1 files in /opt/airflow/dags
[2026-10-01T11:31:14.126+0000] {manager.py:997} INFO - 
================================================================================
DAG File Processing Stats

File Path                              PID    Runtime      # DAGs    # Errors  Last Runtime    Last Run               Last # of DB Queries
-------------------------------------  -----  ---------  --------  ----------  --------------  -------------------  ----------------------
/opt/airflow/dags/01_triaje_script.py                           1           0  0.87s           2026-10-01T11:30:53                      10
================================================================================
[2026-10-01T11:31:25.239+0000] {manager.py:821} INFO - Searching for files in /opt/airflow/dags
[2026-10-01T11:31:25.304+0000] {manager.py:824} INFO - There are 1 files in /opt/airflow/dags
[2026-10-01T11:31:44.555+0000] {manager.py:997} INFO - 
================================================================================
DAG File Processing Stats

File Path                              PID    Runtime      # DAGs    # Errors  Last Runtime    Last Run               Last # of DB Queries
-------------------------------------  -----  ---------  --------  ----------  --------------  -------------------  ----------------------
/opt/airflow/dags/01_triaje_script.py                           1           0  0.76s           2026-10-01T11:31:24                      10
================================================================================
[2026-10-01T11:31:55.540+0000] {manager.py:821} INFO - Searching for files in /opt/airflow/dags
[2026-10-01T11:31:55.559+0000] {manager.py:824} INFO - There are 1 files in /opt/airflow/dags
[2026-10-01T11:32:14.798+0000] {manager.py:997} INFO - 
================================================================================
DAG File Processing Stats

File Path                              PID    Runtime      # DAGs    # Errors  Last Runtime    Last Run               Last # of DB Queries
-------------------------------------  -----  ---------  --------  ----------  --------------  -------------------  ----------------------
/opt/airflow/dags/01_triaje_script.py                           1           0  0.86s           2026-10-01T11:31:55                      10
================================================================================
[2026-10-01T11:32:25.908+0000] {manager.py:821} INFO - Searching for files in /opt/airflow/dags
[2026-10-01T11:32:25.967+0000] {manager.py:824} INFO - There are 1 files in /opt/airflow/dags
[2026-10-01T11:32:45.076+0000] {manager.py:997} INFO - 
================================================================================
DAG File Processing Stats

File Path                              PID    Runtime      # DAGs    # Errors  Last Runtime    Last Run               Last # of DB Queries
-------------------------------------  -----  ---------  --------  ----------  --------------  -------------------  ----------------------
/opt/airflow/dags/01_triaje_script.py                           1           0  0.86s           2026-10-01T11:32:26                      10
================================================================================
[2026-10-01T11:32:56.213+0000] {manager.py:821} INFO - Searching for files in /opt/airflow/dags
[2026-10-01T11:32:56.255+0000] {manager.py:824} INFO - There are 1 files in /opt/airflow/dags
[2026-10-01T11:33:15.269+0000] {manager.py:997} INFO - 
================================================================================
DAG File Processing Stats

File Path                              PID    Runtime      # DAGs    # Errors  Last Runtime    Last Run               Last # of DB Queries
-------------------------------------  -----  ---------  --------  ----------  --------------  -------------------  ----------------------
/opt/airflow/dags/01_triaje_script.py                           1           0  0.80s           2026-10-01T11:32:58                      10
================================================================================
[2026-10-01T11:33:26.428+0000] {manager.py:821} INFO - Searching for files in /opt/airflow/dags
[2026-10-01T11:33:26.681+0000] {manager.py:824} INFO - There are 1 files in /opt/airflow/dags
[2026-10-01T11:33:45.750+0000] {manager.py:997} INFO - 
================================================================================
DAG File Processing Stats

File Path                              PID    Runtime      # DAGs    # Errors  Last Runtime    Last Run               Last # of DB Queries
-------------------------------------  -----  ---------  --------  ----------  --------------  -------------------  ----------------------
/opt/airflow/dags/01_triaje_script.py                           1           0  0.86s           2026-10-01T11:33:29                      10
================================================================================
[2026-10-01T11:33:56.862+0000] {manager.py:821} INFO - Searching for files in /opt/airflow/dags
[2026-10-01T11:33:56.895+0000] {manager.py:824} INFO - There are 1 files in /opt/airflow/dags
[2026-10-01T11:34:15.951+0000] {manager.py:997} INFO - 
================================================================================
DAG File Processing Stats

File Path                              PID    Runtime      # DAGs    # Errors  Last Runtime    Last Run               Last # of DB Queries
-------------------------------------  -----  ---------  --------  ----------  --------------  -------------------  ----------------------
/opt/airflow/dags/01_triaje_script.py                           1           0  0.84s           2026-10-01T11:34:00                      10
================================================================================
[2026-10-01T11:34:27.073+0000] {manager.py:821} INFO - Searching for files in /opt/airflow/dags
[2026-10-01T11:34:27.107+0000] {manager.py:824} INFO - There are 1 files in /opt/airflow/dags
[2026-10-01T11:34:46.169+0000] {manager.py:997} INFO - 
================================================================================
DAG File Processing Stats

File Path                              PID    Runtime      # DAGs    # Errors  Last Runtime    Last Run               Last # of DB Queries
-------------------------------------  -----  ---------  --------  ----------  --------------  -------------------  ----------------------
/opt/airflow/dags/01_triaje_script.py                           1           0  0.82s           2026-10-01T11:34:31                      10
================================================================================
[2026-10-01T11:34:57.281+0000] {manager.py:821} INFO - Searching for files in /opt/airflow/dags
[2026-10-01T11:34:57.323+0000] {manager.py:824} INFO - There are 1 files in /opt/airflow/dags
[2026-10-01T11:35:16.559+0000] {manager.py:997} INFO - 
================================================================================
DAG File Processing Stats

File Path                              PID    Runtime      # DAGs    # Errors  Last Runtime    Last Run               Last # of DB Queries
-------------------------------------  -----  ---------  --------  ----------  --------------  -------------------  ----------------------
/opt/airflow/dags/01_triaje_script.py                           1           0  0.84s           2026-10-01T11:35:02                      10
================================================================================
[2026-10-01T11:35:27.684+0000] {manager.py:821} INFO - Searching for files in /opt/airflow/dags
[2026-10-01T11:35:27.752+0000] {manager.py:824} INFO - There are 1 files in /opt/airflow/dags
[2026-10-01T11:35:47.017+0000] {manager.py:997} INFO - 
================================================================================
DAG File Processing Stats

File Path                              PID    Runtime      # DAGs    # Errors  Last Runtime    Last Run               Last # of DB Queries
-------------------------------------  -----  ---------  --------  ----------  --------------  -------------------  ----------------------
/opt/airflow/dags/01_triaje_script.py                           1           0  0.77s           2026-10-01T11:35:33                      10
================================================================================
[2026-10-01T11:35:58.137+0000] {manager.py:821} INFO - Searching for files in /opt/airflow/dags
[2026-10-01T11:35:58.202+0000] {manager.py:824} INFO - There are 1 files in /opt/airflow/dags
[2026-10-01T11:36:17.519+0000] {manager.py:997} INFO - 
================================================================================
DAG File Processing Stats

File Path                              PID    Runtime      # DAGs    # Errors  Last Runtime    Last Run               Last # of DB Queries
-------------------------------------  -----  ---------  --------  ----------  --------------  -------------------  ----------------------
/opt/airflow/dags/01_triaje_script.py                           1           0  1.04s           2026-10-01T11:36:05                      10
================================================================================
[2026-10-01T11:36:28.644+0000] {manager.py:821} INFO - Searching for files in /opt/airflow/dags
[2026-10-01T11:36:28.691+0000] {manager.py:824} INFO - There are 1 files in /opt/airflow/dags
[2026-10-01T11:36:47.992+0000] {manager.py:997} INFO - 
================================================================================
DAG File Processing Stats

File Path                              PID    Runtime      # DAGs    # Errors  Last Runtime    Last Run               Last # of DB Queries
-------------------------------------  -----  ---------  --------  ----------  --------------  -------------------  ----------------------
/opt/airflow/dags/01_triaje_script.py                           1           0  1.14s           2026-10-01T11:36:36                      10
================================================================================
[2026-10-01T11:36:59.116+0000] {manager.py:821} INFO - Searching for files in /opt/airflow/dags
[2026-10-01T11:36:59.155+0000] {manager.py:824} INFO - There are 1 files in /opt/airflow/dags
[2026-10-01T11:37:18.402+0000] {manager.py:997} INFO - 
================================================================================
DAG File Processing Stats

File Path                              PID    Runtime      # DAGs    # Errors  Last Runtime    Last Run               Last # of DB Queries
-------------------------------------  -----  ---------  --------  ----------  --------------  -------------------  ----------------------
/opt/airflow/dags/01_triaje_script.py                           1           0  0.97s           2026-10-01T11:37:08                      10
================================================================================
[2026-10-01T11:37:29.531+0000] {manager.py:821} INFO - Searching for files in /opt/airflow/dags
[2026-10-01T11:37:29.583+0000] {manager.py:824} INFO - There are 1 files in /opt/airflow/dags
[2026-10-01T11:37:48.798+0000] {manager.py:997} INFO - 
================================================================================
DAG File Processing Stats

File Path                              PID    Runtime      # DAGs    # Errors  Last Runtime    Last Run               Last # of DB Queries
-------------------------------------  -----  ---------  --------  ----------  --------------  -------------------  ----------------------
/opt/airflow/dags/01_triaje_script.py                           1           0  1.00s           2026-10-01T11:37:39                      10
================================================================================
[2026-10-01T11:37:59.928+0000] {manager.py:821} INFO - Searching for files in /opt/airflow/dags
[2026-10-01T11:37:59.988+0000] {manager.py:824} INFO - There are 1 files in /opt/airflow/dags
[2026-10-01T11:38:19.419+0000] {manager.py:997} INFO - 
================================================================================
DAG File Processing Stats

File Path                              PID    Runtime      # DAGs    # Errors  Last Runtime    Last Run               Last # of DB Queries
-------------------------------------  -----  ---------  --------  ----------  --------------  -------------------  ----------------------
/opt/airflow/dags/01_triaje_script.py                           1           0  1.14s           2026-10-01T11:38:11                      10
================================================================================
[2026-10-01T11:38:30.542+0000] {manager.py:821} INFO - Searching for files in /opt/airflow/dags
[2026-10-01T11:38:30.764+0000] {manager.py:824} INFO - There are 1 files in /opt/airflow/dags
[2026-10-01T11:38:49.890+0000] {manager.py:997} INFO - 
================================================================================
DAG File Processing Stats

File Path                              PID    Runtime      # DAGs    # Errors  Last Runtime    Last Run               Last # of DB Queries
-------------------------------------  -----  ---------  --------  ----------  --------------  -------------------  ----------------------
/opt/airflow/dags/01_triaje_script.py                           1           0  0.85s           2026-10-01T11:38:42                      10
================================================================================
[2026-10-01T11:39:01.015+0000] {manager.py:821} INFO - Searching for files in /opt/airflow/dags
[2026-10-01T11:39:01.066+0000] {manager.py:824} INFO - There are 1 files in /opt/airflow/dags
[2026-10-01T11:39:20.178+0000] {manager.py:997} INFO - 
================================================================================
DAG File Processing Stats

File Path                              PID    Runtime      # DAGs    # Errors  Last Runtime    Last Run               Last # of DB Queries
-------------------------------------  -----  ---------  --------  ----------  --------------  -------------------  ----------------------
/opt/airflow/dags/01_triaje_script.py                           1           0  0.88s           2026-10-01T11:39:14                      10
================================================================================
[2026-10-01T11:39:31.298+0000] {manager.py:821} INFO - Searching for files in /opt/airflow/dags
[2026-10-01T11:39:31.344+0000] {manager.py:824} INFO - There are 1 files in /opt/airflow/dags
[2026-10-01T11:39:50.378+0000] {manager.py:997} INFO - 
================================================================================
DAG File Processing Stats

File Path                              PID    Runtime      # DAGs    # Errors  Last Runtime    Last Run               Last # of DB Queries
-------------------------------------  -----  ---------  --------  ----------  --------------  -------------------  ----------------------
/opt/airflow/dags/01_triaje_script.py                           1           0  0.79s           2026-10-01T11:39:45                      10
================================================================================
[2026-10-01T11:40:01.480+0000] {manager.py:821} INFO - Searching for files in /opt/airflow/dags
[2026-10-01T11:40:01.511+0000] {manager.py:824} INFO - There are 1 files in /opt/airflow/dags
[2026-10-01T11:40:20.615+0000] {manager.py:997} INFO - 
================================================================================
DAG File Processing Stats

File Path                              PID    Runtime      # DAGs    # Errors  Last Runtime    Last Run               Last # of DB Queries
-------------------------------------  -----  ---------  --------  ----------  --------------  -------------------  ----------------------
/opt/airflow/dags/01_triaje_script.py                           1           0  0.86s           2026-10-01T11:40:16                      10
================================================================================
[2026-10-01T11:40:31.708+0000] {manager.py:821} INFO - Searching for files in /opt/airflow/dags
[2026-10-01T11:40:31.764+0000] {manager.py:824} INFO - There are 1 files in /opt/airflow/dags
[2026-10-01T11:40:50.887+0000] {manager.py:997} INFO - 
================================================================================
DAG File Processing Stats

File Path                              PID    Runtime      # DAGs    # Errors  Last Runtime    Last Run               Last # of DB Queries
-------------------------------------  -----  ---------  --------  ----------  --------------  -------------------  ----------------------
/opt/airflow/dags/01_triaje_script.py                           1           0  0.92s           2026-10-01T11:40:47                      10
================================================================================
[2026-10-01T11:41:01.993+0000] {manager.py:821} INFO - Searching for files in /opt/airflow/dags
[2026-10-01T11:41:02.015+0000] {manager.py:824} INFO - There are 1 files in /opt/airflow/dags
[2026-10-01T11:41:21.175+0000] {manager.py:997} INFO - 
================================================================================
DAG File Processing Stats

File Path                              PID    Runtime      # DAGs    # Errors  Last Runtime    Last Run               Last # of DB Queries
-------------------------------------  -----  ---------  --------  ----------  --------------  -------------------  ----------------------
/opt/airflow/dags/01_triaje_script.py                           1           0  0.96s           2026-10-01T11:41:19                      10
================================================================================
[2026-10-01T11:41:32.286+0000] {manager.py:821} INFO - Searching for files in /opt/airflow/dags
[2026-10-01T11:41:32.332+0000] {manager.py:824} INFO - There are 1 files in /opt/airflow/dags
[2026-10-01T11:41:51.602+0000] {manager.py:997} INFO - 
================================================================================
DAG File Processing Stats

File Path                              PID    Runtime      # DAGs    # Errors  Last Runtime    Last Run               Last # of DB Queries
-------------------------------------  -----  ---------  --------  ----------  --------------  -------------------  ----------------------
/opt/airflow/dags/01_triaje_script.py                           1           0  0.98s           2026-10-01T11:41:50                      10
================================================================================
[2026-10-01T11:42:02.720+0000] {manager.py:821} INFO - Searching for files in /opt/airflow/dags
[2026-10-01T11:42:02.744+0000] {manager.py:824} INFO - There are 1 files in /opt/airflow/dags
[2026-10-01T11:42:21.941+0000] {manager.py:997} INFO - 
================================================================================
DAG File Processing Stats

File Path                              PID    Runtime      # DAGs    # Errors  Last Runtime    Last Run               Last # of DB Queries
-------------------------------------  -----  ---------  --------  ----------  --------------  -------------------  ----------------------
/opt/airflow/dags/01_triaje_script.py                           1           0  0.94s           2026-10-01T11:42:21                      10
================================================================================
[2026-10-01T11:42:33.053+0000] {manager.py:821} INFO - Searching for files in /opt/airflow/dags
[2026-10-01T11:42:33.189+0000] {manager.py:824} INFO - There are 1 files in /opt/airflow/dags
[2026-10-01T11:42:52.431+0000] {manager.py:997} INFO - 
================================================================================
DAG File Processing Stats

File Path                                PID  Runtime      # DAGs    # Errors  Last Runtime    Last Run               Last # of DB Queries
-------------------------------------  -----  ---------  --------  ----------  --------------  -------------------  ----------------------
/opt/airflow/dags/01_triaje_script.py   1683  0.01s             1           0  0.94s           2026-10-01T11:42:21                      10
================================================================================
[2026-10-01T11:43:03.418+0000] {manager.py:821} INFO - Searching for files in /opt/airflow/dags
[2026-10-01T11:43:03.456+0000] {manager.py:824} INFO - There are 1 files in /opt/airflow/dags
[2026-10-01T11:43:22.657+0000] {manager.py:997} INFO - 
================================================================================
DAG File Processing Stats

File Path                              PID    Runtime      # DAGs    # Errors  Last Runtime    Last Run               Last # of DB Queries
-------------------------------------  -----  ---------  --------  ----------  --------------  -------------------  ----------------------
/opt/airflow/dags/01_triaje_script.py                           1           0  0.88s           2026-10-01T11:42:53                      10
================================================================================
[2026-10-01T11:43:33.879+0000] {manager.py:821} INFO - Searching for files in /opt/airflow/dags
[2026-10-01T11:43:33.927+0000] {manager.py:824} INFO - There are 1 files in /opt/airflow/dags
[2026-10-01T11:43:53.167+0000] {manager.py:997} INFO - 
================================================================================
DAG File Processing Stats

File Path                              PID    Runtime      # DAGs    # Errors  Last Runtime    Last Run               Last # of DB Queries
-------------------------------------  -----  ---------  --------  ----------  --------------  -------------------  ----------------------
/opt/airflow/dags/01_triaje_script.py                           1           0  1.96s           2026-10-01T11:43:25                      10
================================================================================
[2026-10-01T11:44:04.271+0000] {manager.py:821} INFO - Searching for files in /opt/airflow/dags
[2026-10-01T11:44:04.371+0000] {manager.py:824} INFO - There are 1 files in /opt/airflow/dags
[2026-10-01T11:44:23.615+0000] {manager.py:997} INFO - 
================================================================================
DAG File Processing Stats

File Path                              PID    Runtime      # DAGs    # Errors  Last Runtime    Last Run               Last # of DB Queries
-------------------------------------  -----  ---------  --------  ----------  --------------  -------------------  ----------------------
/opt/airflow/dags/01_triaje_script.py                           1           0  0.93s           2026-10-01T11:43:57                      10
================================================================================
[2026-10-01T11:44:34.667+0000] {manager.py:821} INFO - Searching for files in /opt/airflow/dags
[2026-10-01T11:44:34.727+0000] {manager.py:824} INFO - There are 1 files in /opt/airflow/dags
[2026-10-01T11:44:53.956+0000] {manager.py:997} INFO - 
================================================================================
DAG File Processing Stats

File Path                              PID    Runtime      # DAGs    # Errors  Last Runtime    Last Run               Last # of DB Queries
-------------------------------------  -----  ---------  --------  ----------  --------------  -------------------  ----------------------
/opt/airflow/dags/01_triaje_script.py                           1           0  0.91s           2026-10-01T11:44:28                      10
================================================================================
[2026-10-01T11:45:05.025+0000] {manager.py:821} INFO - Searching for files in /opt/airflow/dags
[2026-10-01T11:45:05.123+0000] {manager.py:824} INFO - There are 1 files in /opt/airflow/dags
[2026-10-01T11:45:24.346+0000] {manager.py:997} INFO - 
================================================================================
DAG File Processing Stats

File Path                              PID    Runtime      # DAGs    # Errors  Last Runtime    Last Run               Last # of DB Queries
-------------------------------------  -----  ---------  --------  ----------  --------------  -------------------  ----------------------
/opt/airflow/dags/01_triaje_script.py                           1           0  0.93s           2026-10-01T11:44:59                      10
================================================================================
[2026-10-01T11:45:35.412+0000] {manager.py:821} INFO - Searching for files in /opt/airflow/dags
[2026-10-01T11:45:35.449+0000] {manager.py:824} INFO - There are 1 files in /opt/airflow/dags
[2026-10-01T11:45:54.691+0000] {manager.py:997} INFO - 
================================================================================
DAG File Processing Stats

File Path                              PID    Runtime      # DAGs    # Errors  Last Runtime    Last Run               Last # of DB Queries
-------------------------------------  -----  ---------  --------  ----------  --------------  -------------------  ----------------------
/opt/airflow/dags/01_triaje_script.py                           1           0  0.91s           2026-10-01T11:45:31                      10
================================================================================
[2026-10-01T11:46:05.715+0000] {manager.py:821} INFO - Searching for files in /opt/airflow/dags
[2026-10-01T11:46:05.787+0000] {manager.py:824} INFO - There are 1 files in /opt/airflow/dags
[2026-10-01T11:46:25.012+0000] {manager.py:997} INFO - 
================================================================================
DAG File Processing Stats

File Path                              PID    Runtime      # DAGs    # Errors  Last Runtime    Last Run               Last # of DB Queries
-------------------------------------  -----  ---------  --------  ----------  --------------  -------------------  ----------------------
/opt/airflow/dags/01_triaje_script.py                           1           0  0.88s           2026-10-01T11:46:02                      10
================================================================================
[2026-10-01T11:46:36.055+0000] {manager.py:821} INFO - Searching for files in /opt/airflow/dags
[2026-10-01T11:46:36.087+0000] {manager.py:824} INFO - There are 1 files in /opt/airflow/dags
[2026-10-01T11:46:55.310+0000] {manager.py:997} INFO - 
================================================================================
DAG File Processing Stats

File Path                              PID    Runtime      # DAGs    # Errors  Last Runtime    Last Run               Last # of DB Queries
-------------------------------------  -----  ---------  --------  ----------  --------------  -------------------  ----------------------
/opt/airflow/dags/01_triaje_script.py                           1           0  0.88s           2026-10-01T11:46:34                      10
================================================================================
[2026-10-01T11:47:06.480+0000] {manager.py:821} INFO - Searching for files in /opt/airflow/dags
[2026-10-01T11:47:06.555+0000] {manager.py:824} INFO - There are 1 files in /opt/airflow/dags
[2026-10-01T11:47:25.801+0000] {manager.py:997} INFO - 
================================================================================
DAG File Processing Stats

File Path                              PID    Runtime      # DAGs    # Errors  Last Runtime    Last Run               Last # of DB Queries
-------------------------------------  -----  ---------  --------  ----------  --------------  -------------------  ----------------------
/opt/airflow/dags/01_triaje_script.py                           1           0  1.04s           2026-10-01T11:47:05                      10
================================================================================
[2026-10-01T11:47:36.799+0000] {manager.py:821} INFO - Searching for files in /opt/airflow/dags
[2026-10-01T11:47:36.833+0000] {manager.py:824} INFO - There are 1 files in /opt/airflow/dags
[2026-10-01T11:47:56.073+0000] {manager.py:997} INFO - 
================================================================================
DAG File Processing Stats

File Path                              PID    Runtime      # DAGs    # Errors  Last Runtime    Last Run               Last # of DB Queries
-------------------------------------  -----  ---------  --------  ----------  --------------  -------------------  ----------------------
/opt/airflow/dags/01_triaje_script.py                           1           0  0.88s           2026-10-01T11:47:36                      10
================================================================================
[2026-10-01T11:48:07.194+0000] {manager.py:821} INFO - Searching for files in /opt/airflow/dags
[2026-10-01T11:48:07.251+0000] {manager.py:824} INFO - There are 1 files in /opt/airflow/dags
[2026-10-01T11:48:26.383+0000] {manager.py:997} INFO - 
================================================================================
DAG File Processing Stats

File Path                              PID    Runtime      # DAGs    # Errors  Last Runtime    Last Run               Last # of DB Queries
-------------------------------------  -----  ---------  --------  ----------  --------------  -------------------  ----------------------
/opt/airflow/dags/01_triaje_script.py                           1           0  0.87s           2026-10-01T11:48:08                      10
================================================================================
[2026-10-01T11:48:37.520+0000] {manager.py:821} INFO - Searching for files in /opt/airflow/dags
[2026-10-01T11:48:37.551+0000] {manager.py:824} INFO - There are 1 files in /opt/airflow/dags
[2026-10-01T11:48:56.638+0000] {manager.py:997} INFO - 
================================================================================
DAG File Processing Stats

File Path                              PID    Runtime      # DAGs    # Errors  Last Runtime    Last Run               Last # of DB Queries
-------------------------------------  -----  ---------  --------  ----------  --------------  -------------------  ----------------------
/opt/airflow/dags/01_triaje_script.py                           1           0  0.84s           2026-10-01T11:48:39                      10
================================================================================
[2026-10-01T11:49:07.757+0000] {manager.py:821} INFO - Searching for files in /opt/airflow/dags
[2026-10-01T11:49:07.804+0000] {manager.py:824} INFO - There are 1 files in /opt/airflow/dags
[2026-10-01T11:49:27.034+0000] {manager.py:997} INFO - 
================================================================================
DAG File Processing Stats

File Path                              PID    Runtime      # DAGs    # Errors  Last Runtime    Last Run               Last # of DB Queries
-------------------------------------  -----  ---------  --------  ----------  --------------  -------------------  ----------------------
/opt/airflow/dags/01_triaje_script.py                           1           0  1.05s           2026-10-01T11:49:10                      10
================================================================================
[2026-10-01T11:49:38.143+0000] {manager.py:821} INFO - Searching for files in /opt/airflow/dags
[2026-10-01T11:49:38.179+0000] {manager.py:824} INFO - There are 1 files in /opt/airflow/dags
[2026-10-01T11:49:57.160+0000] {manager.py:997} INFO - 
================================================================================
DAG File Processing Stats

File Path                              PID    Runtime      # DAGs    # Errors  Last Runtime    Last Run               Last # of DB Queries
-------------------------------------  -----  ---------  --------  ----------  --------------  -------------------  ----------------------
/opt/airflow/dags/01_triaje_script.py                           1           0  0.78s           2026-10-01T11:49:42                      10
================================================================================
[2026-10-01T11:50:08.256+0000] {manager.py:821} INFO - Searching for files in /opt/airflow/dags
[2026-10-01T11:50:08.299+0000] {manager.py:824} INFO - There are 1 files in /opt/airflow/dags
[2026-10-01T11:50:27.416+0000] {manager.py:997} INFO - 
================================================================================
DAG File Processing Stats

File Path                              PID    Runtime      # DAGs    # Errors  Last Runtime    Last Run               Last # of DB Queries
-------------------------------------  -----  ---------  --------  ----------  --------------  -------------------  ----------------------
/opt/airflow/dags/01_triaje_script.py                           1           0  0.89s           2026-10-01T11:50:13                      10
================================================================================
[2026-10-01T11:50:38.528+0000] {manager.py:821} INFO - Searching for files in /opt/airflow/dags
[2026-10-01T11:50:38.559+0000] {manager.py:824} INFO - There are 1 files in /opt/airflow/dags
[2026-10-01T11:50:57.783+0000] {manager.py:997} INFO - 
================================================================================
DAG File Processing Stats

File Path                              PID    Runtime      # DAGs    # Errors  Last Runtime    Last Run               Last # of DB Queries
-------------------------------------  -----  ---------  --------  ----------  --------------  -------------------  ----------------------
/opt/airflow/dags/01_triaje_script.py                           1           0  0.99s           2026-10-01T11:50:44                      10
================================================================================
[2026-10-01T11:51:08.897+0000] {manager.py:821} INFO - Searching for files in /opt/airflow/dags
[2026-10-01T11:51:08.965+0000] {manager.py:824} INFO - There are 1 files in /opt/airflow/dags
[2026-10-01T11:51:28.172+0000] {manager.py:997} INFO - 
================================================================================
DAG File Processing Stats

File Path                              PID    Runtime      # DAGs    # Errors  Last Runtime    Last Run               Last # of DB Queries
-------------------------------------  -----  ---------  --------  ----------  --------------  -------------------  ----------------------
/opt/airflow/dags/01_triaje_script.py                           1           0  0.90s           2026-10-01T11:51:16                      10
================================================================================
[2026-10-01T11:51:39.275+0000] {manager.py:821} INFO - Searching for files in /opt/airflow/dags
[2026-10-01T11:51:39.387+0000] {manager.py:824} INFO - There are 1 files in /opt/airflow/dags
[2026-10-01T11:51:58.660+0000] {manager.py:997} INFO - 
================================================================================
DAG File Processing Stats

File Path                              PID    Runtime      # DAGs    # Errors  Last Runtime    Last Run               Last # of DB Queries
-------------------------------------  -----  ---------  --------  ----------  --------------  -------------------  ----------------------
/opt/airflow/dags/01_triaje_script.py                           1           0  1.05s           2026-10-01T11:51:47                      10
================================================================================
[2026-10-01T11:52:09.796+0000] {manager.py:821} INFO - Searching for files in /opt/airflow/dags
[2026-10-01T11:52:09.884+0000] {manager.py:824} INFO - There are 1 files in /opt/airflow/dags
[2026-10-01T11:52:29.156+0000] {manager.py:997} INFO - 
================================================================================
DAG File Processing Stats

File Path                              PID    Runtime      # DAGs    # Errors  Last Runtime    Last Run               Last # of DB Queries
-------------------------------------  -----  ---------  --------  ----------  --------------  -------------------  ----------------------
/opt/airflow/dags/01_triaje_script.py                           1           0  0.99s           2026-10-01T11:52:19                      10
================================================================================
[2026-10-01T11:52:40.295+0000] {manager.py:821} INFO - Searching for files in /opt/airflow/dags
[2026-10-01T11:52:40.481+0000] {manager.py:824} INFO - There are 1 files in /opt/airflow/dags
[2026-10-01T11:52:59.756+0000] {manager.py:997} INFO - 
================================================================================
DAG File Processing Stats

File Path                              PID    Runtime      # DAGs    # Errors  Last Runtime    Last Run               Last # of DB Queries
-------------------------------------  -----  ---------  --------  ----------  --------------  -------------------  ----------------------
/opt/airflow/dags/01_triaje_script.py                           1           0  1.07s           2026-10-01T11:52:50                      10
================================================================================
[2026-10-01T11:53:10.878+0000] {manager.py:821} INFO - Searching for files in /opt/airflow/dags
[2026-10-01T11:53:11.018+0000] {manager.py:824} INFO - There are 1 files in /opt/airflow/dags
[2026-10-01T11:53:30.256+0000] {manager.py:997} INFO - 
================================================================================
DAG File Processing Stats

File Path                              PID    Runtime      # DAGs    # Errors  Last Runtime    Last Run               Last # of DB Queries
-------------------------------------  -----  ---------  --------  ----------  --------------  -------------------  ----------------------
/opt/airflow/dags/01_triaje_script.py                           1           0  0.96s           2026-10-01T11:53:22                      10
================================================================================
[2026-10-01T11:53:41.374+0000] {manager.py:821} INFO - Searching for files in /opt/airflow/dags
[2026-10-01T11:53:41.519+0000] {manager.py:824} INFO - There are 1 files in /opt/airflow/dags
[2026-10-01T11:54:00.581+0000] {manager.py:997} INFO - 
================================================================================
DAG File Processing Stats

File Path                              PID    Runtime      # DAGs    # Errors  Last Runtime    Last Run               Last # of DB Queries
-------------------------------------  -----  ---------  --------  ----------  --------------  -------------------  ----------------------
/opt/airflow/dags/01_triaje_script.py                           1           0  0.82s           2026-10-01T11:53:53                      10
================================================================================
[2026-10-01T11:54:11.730+0000] {manager.py:821} INFO - Searching for files in /opt/airflow/dags
[2026-10-01T11:54:11.764+0000] {manager.py:824} INFO - There are 1 files in /opt/airflow/dags
[2026-10-01T11:54:30.978+0000] {manager.py:997} INFO - 
================================================================================
DAG File Processing Stats

File Path                              PID    Runtime      # DAGs    # Errors  Last Runtime    Last Run               Last # of DB Queries
-------------------------------------  -----  ---------  --------  ----------  --------------  -------------------  ----------------------
/opt/airflow/dags/01_triaje_script.py                           1           0  0.96s           2026-10-01T11:54:24                      10
================================================================================
[2026-10-01T11:54:42.101+0000] {manager.py:821} INFO - Searching for files in /opt/airflow/dags
[2026-10-01T11:54:42.132+0000] {manager.py:824} INFO - There are 1 files in /opt/airflow/dags
[2026-10-01T11:55:01.222+0000] {manager.py:997} INFO - 
================================================================================
DAG File Processing Stats

File Path                              PID    Runtime      # DAGs    # Errors  Last Runtime    Last Run               Last # of DB Queries
-------------------------------------  -----  ---------  --------  ----------  --------------  -------------------  ----------------------
/opt/airflow/dags/01_triaje_script.py                           1           0  0.87s           2026-10-01T11:54:56                      10
================================================================================
[2026-10-01T11:55:12.348+0000] {manager.py:821} INFO - Searching for files in /opt/airflow/dags
[2026-10-01T11:55:12.379+0000] {manager.py:824} INFO - There are 1 files in /opt/airflow/dags
[2026-10-01T11:55:31.528+0000] {manager.py:997} INFO - 
================================================================================
DAG File Processing Stats

File Path                              PID    Runtime      # DAGs    # Errors  Last Runtime    Last Run               Last # of DB Queries
-------------------------------------  -----  ---------  --------  ----------  --------------  -------------------  ----------------------
/opt/airflow/dags/01_triaje_script.py                           1           0  0.92s           2026-10-01T11:55:27                      10
================================================================================
[2026-10-01T11:55:42.651+0000] {manager.py:821} INFO - Searching for files in /opt/airflow/dags
[2026-10-01T11:55:42.683+0000] {manager.py:824} INFO - There are 1 files in /opt/airflow/dags
[2026-10-01T11:56:01.785+0000] {manager.py:997} INFO - 
================================================================================
DAG File Processing Stats

File Path                              PID    Runtime      # DAGs    # Errors  Last Runtime    Last Run               Last # of DB Queries
-------------------------------------  -----  ---------  --------  ----------  --------------  -------------------  ----------------------
/opt/airflow/dags/01_triaje_script.py                           1           0  0.88s           2026-10-01T11:55:58                      10
================================================================================
[2026-10-01T11:56:12.912+0000] {manager.py:821} INFO - Searching for files in /opt/airflow/dags
[2026-10-01T11:56:12.941+0000] {manager.py:824} INFO - There are 1 files in /opt/airflow/dags
[2026-10-01T11:56:32.083+0000] {manager.py:997} INFO - 
================================================================================
DAG File Processing Stats

File Path                              PID    Runtime      # DAGs    # Errors  Last Runtime    Last Run               Last # of DB Queries
-------------------------------------  -----  ---------  --------  ----------  --------------  -------------------  ----------------------
/opt/airflow/dags/01_triaje_script.py                           1           0  0.89s           2026-10-01T11:56:30                      10
================================================================================
[2026-10-01T11:56:43.224+0000] {manager.py:821} INFO - Searching for files in /opt/airflow/dags
[2026-10-01T11:56:43.270+0000] {manager.py:824} INFO - There are 1 files in /opt/airflow/dags
[2026-10-01T11:57:02.460+0000] {manager.py:997} INFO - 
================================================================================
DAG File Processing Stats

File Path                              PID    Runtime      # DAGs    # Errors  Last Runtime    Last Run               Last # of DB Queries
-------------------------------------  -----  ---------  --------  ----------  --------------  -------------------  ----------------------
/opt/airflow/dags/01_triaje_script.py                           1           0  0.96s           2026-10-01T11:57:01                      10
================================================================================
[2026-10-01T11:57:13.585+0000] {manager.py:821} INFO - Searching for files in /opt/airflow/dags
[2026-10-01T11:57:13.608+0000] {manager.py:824} INFO - There are 1 files in /opt/airflow/dags
[2026-10-01T11:57:32.732+0000] {manager.py:997} INFO - 
================================================================================
DAG File Processing Stats

File Path                              PID    Runtime      # DAGs    # Errors  Last Runtime    Last Run               Last # of DB Queries
-------------------------------------  -----  ---------  --------  ----------  --------------  -------------------  ----------------------
/opt/airflow/dags/01_triaje_script.py                           1           0  0.86s           2026-10-01T11:57:32                      10
================================================================================
[2026-10-01T11:57:43.849+0000] {manager.py:821} INFO - Searching for files in /opt/airflow/dags
[2026-10-01T11:57:43.893+0000] {manager.py:824} INFO - There are 1 files in /opt/airflow/dags
[2026-10-01T11:58:03.271+0000] {manager.py:997} INFO - 
================================================================================
DAG File Processing Stats

File Path                                PID  Runtime      # DAGs    # Errors  Last Runtime    Last Run               Last # of DB Queries
-------------------------------------  -----  ---------  --------  ----------  --------------  -------------------  ----------------------
/opt/airflow/dags/01_triaje_script.py   2176  0.01s             1           0  0.86s           2026-10-01T11:57:32                      10
================================================================================
[2026-10-01T11:58:14.336+0000] {manager.py:821} INFO - Searching for files in /opt/airflow/dags
[2026-10-01T11:58:14.393+0000] {manager.py:824} INFO - There are 1 files in /opt/airflow/dags
[2026-10-01T11:58:33.595+0000] {manager.py:997} INFO - 
================================================================================
DAG File Processing Stats

File Path                              PID    Runtime      # DAGs    # Errors  Last Runtime    Last Run               Last # of DB Queries
-------------------------------------  -----  ---------  --------  ----------  --------------  -------------------  ----------------------
/opt/airflow/dags/01_triaje_script.py                           1           0  1.97s           2026-10-01T11:58:05                      10
================================================================================
[2026-10-01T11:58:44.730+0000] {manager.py:821} INFO - Searching for files in /opt/airflow/dags
[2026-10-01T11:58:44.793+0000] {manager.py:824} INFO - There are 1 files in /opt/airflow/dags
[2026-10-01T11:59:03.996+0000] {manager.py:997} INFO - 
================================================================================
DAG File Processing Stats

File Path                              PID    Runtime      # DAGs    # Errors  Last Runtime    Last Run               Last # of DB Queries
-------------------------------------  -----  ---------  --------  ----------  --------------  -------------------  ----------------------
/opt/airflow/dags/01_triaje_script.py                           1           0  1.18s           2026-10-01T11:58:36                      10
================================================================================
[2026-10-01T11:59:15.189+0000] {manager.py:821} INFO - Searching for files in /opt/airflow/dags
[2026-10-01T11:59:15.463+0000] {manager.py:824} INFO - There are 1 files in /opt/airflow/dags
[2026-10-01T11:59:34.757+0000] {manager.py:997} INFO - 
================================================================================
DAG File Processing Stats

File Path                              PID    Runtime      # DAGs    # Errors  Last Runtime    Last Run               Last # of DB Queries
-------------------------------------  -----  ---------  --------  ----------  --------------  -------------------  ----------------------
/opt/airflow/dags/01_triaje_script.py                           1           0  1.22s           2026-10-01T11:59:08                      10
================================================================================
[2026-10-01T11:59:45.911+0000] {manager.py:821} INFO - Searching for files in /opt/airflow/dags
[2026-10-01T11:59:46.089+0000] {manager.py:824} INFO - There are 1 files in /opt/airflow/dags
[2026-10-01T12:00:05.334+0000] {manager.py:997} INFO - 
================================================================================
DAG File Processing Stats

File Path                              PID    Runtime      # DAGs    # Errors  Last Runtime    Last Run               Last # of DB Queries
-------------------------------------  -----  ---------  --------  ----------  --------------  -------------------  ----------------------
/opt/airflow/dags/01_triaje_script.py                           1           0  1.28s           2026-10-01T11:59:40                      10
================================================================================
[2026-10-01T12:00:15.927+0000] {manager.py:821} INFO - Searching for files in /opt/airflow/dags
[2026-10-01T12:00:15.969+0000] {manager.py:824} INFO - There are 1 files in /opt/airflow/dags
[2026-10-01T12:00:35.611+0000] {manager.py:997} INFO - 
================================================================================
DAG File Processing Stats

File Path                              PID    Runtime      # DAGs    # Errors  Last Runtime    Last Run               Last # of DB Queries
-------------------------------------  -----  ---------  --------  ----------  --------------  -------------------  ----------------------
/opt/airflow/dags/01_triaje_script.py                           1           0  1.48s           2026-10-01T12:00:11                      10
================================================================================
[2026-10-01T12:00:46.082+0000] {manager.py:821} INFO - Searching for files in /opt/airflow/dags
[2026-10-01T12:00:46.129+0000] {manager.py:824} INFO - There are 1 files in /opt/airflow/dags
[2026-10-01T12:01:05.884+0000] {manager.py:997} INFO - 
================================================================================
DAG File Processing Stats

File Path                              PID    Runtime      # DAGs    # Errors  Last Runtime    Last Run               Last # of DB Queries
-------------------------------------  -----  ---------  --------  ----------  --------------  -------------------  ----------------------
/opt/airflow/dags/01_triaje_script.py                           1           0  0.88s           2026-10-01T12:00:43                      10
================================================================================
[2026-10-01T12:01:16.228+0000] {manager.py:821} INFO - Searching for files in /opt/airflow/dags
[2026-10-01T12:01:16.287+0000] {manager.py:824} INFO - There are 1 files in /opt/airflow/dags
[2026-10-01T12:01:36.143+0000] {manager.py:997} INFO - 
================================================================================
DAG File Processing Stats

File Path                              PID    Runtime      # DAGs    # Errors  Last Runtime    Last Run               Last # of DB Queries
-------------------------------------  -----  ---------  --------  ----------  --------------  -------------------  ----------------------
/opt/airflow/dags/01_triaje_script.py                           1           0  0.87s           2026-10-01T12:01:14                      10
================================================================================
[2026-10-01T12:01:46.245+0000] {manager.py:821} INFO - Searching for files in /opt/airflow/dags
[2026-10-01T12:01:46.307+0000] {manager.py:824} INFO - There are 1 files in /opt/airflow/dags
[2026-10-01T12:02:06.405+0000] {manager.py:997} INFO - 
================================================================================
DAG File Processing Stats

File Path                              PID    Runtime      # DAGs    # Errors  Last Runtime    Last Run               Last # of DB Queries
-------------------------------------  -----  ---------  --------  ----------  --------------  -------------------  ----------------------
/opt/airflow/dags/01_triaje_script.py                           1           0  0.72s           2026-10-01T12:01:45                      10
================================================================================
[2026-10-01T12:02:16.361+0000] {manager.py:821} INFO - Searching for files in /opt/airflow/dags
[2026-10-01T12:02:16.468+0000] {manager.py:824} INFO - There are 1 files in /opt/airflow/dags
[2026-10-01T12:02:36.713+0000] {manager.py:997} INFO - 
================================================================================
DAG File Processing Stats

File Path                              PID    Runtime      # DAGs    # Errors  Last Runtime    Last Run               Last # of DB Queries
-------------------------------------  -----  ---------  --------  ----------  --------------  -------------------  ----------------------
/opt/airflow/dags/01_triaje_script.py                           1           0  0.81s           2026-10-01T12:02:16                      10
================================================================================
[2026-10-01T12:02:46.836+0000] {manager.py:821} INFO - Searching for files in /opt/airflow/dags
[2026-10-01T12:02:46.913+0000] {manager.py:824} INFO - There are 1 files in /opt/airflow/dags
[2026-10-01T12:03:07.078+0000] {manager.py:997} INFO - 
================================================================================
DAG File Processing Stats

File Path                              PID    Runtime      # DAGs    # Errors  Last Runtime    Last Run               Last # of DB Queries
-------------------------------------  -----  ---------  --------  ----------  --------------  -------------------  ----------------------
/opt/airflow/dags/01_triaje_script.py                           1           0  0.90s           2026-10-01T12:02:47                      10
================================================================================
[2026-10-01T12:03:17.160+0000] {manager.py:821} INFO - Searching for files in /opt/airflow/dags
[2026-10-01T12:03:17.214+0000] {manager.py:824} INFO - There are 1 files in /opt/airflow/dags
[2026-10-01T12:03:37.393+0000] {manager.py:997} INFO - 
================================================================================
DAG File Processing Stats

File Path                              PID    Runtime      # DAGs    # Errors  Last Runtime    Last Run               Last # of DB Queries
-------------------------------------  -----  ---------  --------  ----------  --------------  -------------------  ----------------------
/opt/airflow/dags/01_triaje_script.py                           1           0  0.91s           2026-10-01T12:03:19                      10
================================================================================
[2026-10-01T12:03:47.484+0000] {manager.py:821} INFO - Searching for files in /opt/airflow/dags
[2026-10-01T12:03:47.561+0000] {manager.py:824} INFO - There are 1 files in /opt/airflow/dags
[2026-10-01T12:04:07.648+0000] {manager.py:997} INFO - 
================================================================================
DAG File Processing Stats

File Path                              PID    Runtime      # DAGs    # Errors  Last Runtime    Last Run               Last # of DB Queries
-------------------------------------  -----  ---------  --------  ----------  --------------  -------------------  ----------------------
/opt/airflow/dags/01_triaje_script.py                           1           0  0.88s           2026-10-01T12:03:50                      10
================================================================================
[2026-10-01T12:04:17.733+0000] {manager.py:821} INFO - Searching for files in /opt/airflow/dags
[2026-10-01T12:04:17.784+0000] {manager.py:824} INFO - There are 1 files in /opt/airflow/dags
[2026-10-01T12:04:38.129+0000] {manager.py:997} INFO - 
================================================================================
DAG File Processing Stats

File Path                              PID    Runtime      # DAGs    # Errors  Last Runtime    Last Run               Last # of DB Queries
-------------------------------------  -----  ---------  --------  ----------  --------------  -------------------  ----------------------
/opt/airflow/dags/01_triaje_script.py                           1           0  1.40s           2026-10-01T12:04:22                      10
================================================================================
[2026-10-01T12:04:48.240+0000] {manager.py:821} INFO - Searching for files in /opt/airflow/dags
[2026-10-01T12:04:48.307+0000] {manager.py:824} INFO - There are 1 files in /opt/airflow/dags
[2026-10-01T12:05:08.548+0000] {manager.py:997} INFO - 
================================================================================
DAG File Processing Stats

File Path                              PID    Runtime      # DAGs    # Errors  Last Runtime    Last Run               Last # of DB Queries
-------------------------------------  -----  ---------  --------  ----------  --------------  -------------------  ----------------------
/opt/airflow/dags/01_triaje_script.py                           1           0  0.91s           2026-10-01T12:04:53                      10
================================================================================
[2026-10-01T12:05:18.680+0000] {manager.py:821} INFO - Searching for files in /opt/airflow/dags
[2026-10-01T12:05:18.819+0000] {manager.py:824} INFO - There are 1 files in /opt/airflow/dags
[2026-10-01T12:05:39.248+0000] {manager.py:997} INFO - 
================================================================================
DAG File Processing Stats

File Path                              PID    Runtime      # DAGs    # Errors  Last Runtime    Last Run               Last # of DB Queries
-------------------------------------  -----  ---------  --------  ----------  --------------  -------------------  ----------------------
/opt/airflow/dags/01_triaje_script.py                           1           0  1.36s           2026-10-01T12:05:25                      10
================================================================================
[2026-10-01T12:05:49.358+0000] {manager.py:821} INFO - Searching for files in /opt/airflow/dags
[2026-10-01T12:05:49.423+0000] {manager.py:824} INFO - There are 1 files in /opt/airflow/dags
[2026-10-01T12:06:09.665+0000] {manager.py:997} INFO - 
================================================================================
DAG File Processing Stats

File Path                              PID    Runtime      # DAGs    # Errors  Last Runtime    Last Run               Last # of DB Queries
-------------------------------------  -----  ---------  --------  ----------  --------------  -------------------  ----------------------
/opt/airflow/dags/01_triaje_script.py                           1           0  1.14s           2026-10-01T12:05:56                      10
================================================================================
[2026-10-01T12:06:19.762+0000] {manager.py:821} INFO - Searching for files in /opt/airflow/dags
[2026-10-01T12:06:19.843+0000] {manager.py:824} INFO - There are 1 files in /opt/airflow/dags
[2026-10-01T12:06:40.025+0000] {manager.py:997} INFO - 
================================================================================
DAG File Processing Stats

File Path                              PID    Runtime      # DAGs    # Errors  Last Runtime    Last Run               Last # of DB Queries
-------------------------------------  -----  ---------  --------  ----------  --------------  -------------------  ----------------------
/opt/airflow/dags/01_triaje_script.py                           1           0  0.96s           2026-10-01T12:06:27                      10
================================================================================
[2026-10-01T12:06:50.111+0000] {manager.py:821} INFO - Searching for files in /opt/airflow/dags
[2026-10-01T12:06:50.197+0000] {manager.py:824} INFO - There are 1 files in /opt/airflow/dags
[2026-10-01T12:07:10.246+0000] {manager.py:997} INFO - 
================================================================================
DAG File Processing Stats

File Path                              PID    Runtime      # DAGs    # Errors  Last Runtime    Last Run               Last # of DB Queries
-------------------------------------  -----  ---------  --------  ----------  --------------  -------------------  ----------------------
/opt/airflow/dags/01_triaje_script.py                           1           0  0.83s           2026-10-01T12:06:59                      10
================================================================================
[2026-10-01T12:07:20.345+0000] {manager.py:821} INFO - Searching for files in /opt/airflow/dags
[2026-10-01T12:07:20.417+0000] {manager.py:824} INFO - There are 1 files in /opt/airflow/dags
[2026-10-01T12:07:40.713+0000] {manager.py:997} INFO - 
================================================================================
DAG File Processing Stats

File Path                              PID    Runtime      # DAGs    # Errors  Last Runtime    Last Run               Last # of DB Queries
-------------------------------------  -----  ---------  --------  ----------  --------------  -------------------  ----------------------
/opt/airflow/dags/01_triaje_script.py                           1           0  1.04s           2026-10-01T12:07:30                      10
================================================================================
[2026-10-01T12:07:50.817+0000] {manager.py:821} INFO - Searching for files in /opt/airflow/dags
[2026-10-01T12:07:50.962+0000] {manager.py:824} INFO - There are 1 files in /opt/airflow/dags
[2026-10-01T12:08:11.276+0000] {manager.py:997} INFO - 
================================================================================
DAG File Processing Stats

File Path                              PID    Runtime      # DAGs    # Errors  Last Runtime    Last Run               Last # of DB Queries
-------------------------------------  -----  ---------  --------  ----------  --------------  -------------------  ----------------------
/opt/airflow/dags/01_triaje_script.py                           1           0  0.99s           2026-10-01T12:08:02                      10
================================================================================
[2026-10-01T12:08:21.364+0000] {manager.py:821} INFO - Searching for files in /opt/airflow/dags
[2026-10-01T12:08:21.474+0000] {manager.py:824} INFO - There are 1 files in /opt/airflow/dags
[2026-10-01T12:08:41.705+0000] {manager.py:997} INFO - 
================================================================================
DAG File Processing Stats

File Path                              PID    Runtime      # DAGs    # Errors  Last Runtime    Last Run               Last # of DB Queries
-------------------------------------  -----  ---------  --------  ----------  --------------  -------------------  ----------------------
/opt/airflow/dags/01_triaje_script.py                           1           0  0.94s           2026-10-01T12:08:33                      10
================================================================================
[2026-10-01T12:08:51.834+0000] {manager.py:821} INFO - Searching for files in /opt/airflow/dags
[2026-10-01T12:08:51.901+0000] {manager.py:824} INFO - There are 1 files in /opt/airflow/dags
[2026-10-01T12:09:12.207+0000] {manager.py:997} INFO - 
================================================================================
DAG File Processing Stats

File Path                              PID    Runtime      # DAGs    # Errors  Last Runtime    Last Run               Last # of DB Queries
-------------------------------------  -----  ---------  --------  ----------  --------------  -------------------  ----------------------
/opt/airflow/dags/01_triaje_script.py                           1           0  1.04s           2026-10-01T12:09:05                      10
================================================================================
[2026-10-01T12:09:22.326+0000] {manager.py:821} INFO - Searching for files in /opt/airflow/dags
[2026-10-01T12:09:22.377+0000] {manager.py:824} INFO - There are 1 files in /opt/airflow/dags
[2026-10-01T12:09:42.481+0000] {manager.py:997} INFO - 
================================================================================
DAG File Processing Stats

File Path                              PID    Runtime      # DAGs    # Errors  Last Runtime    Last Run               Last # of DB Queries
-------------------------------------  -----  ---------  --------  ----------  --------------  -------------------  ----------------------
/opt/airflow/dags/01_triaje_script.py                           1           0  0.86s           2026-10-01T12:09:36                      10
================================================================================
[2026-10-01T12:09:52.570+0000] {manager.py:821} INFO - Searching for files in /opt/airflow/dags
[2026-10-01T12:09:52.623+0000] {manager.py:824} INFO - There are 1 files in /opt/airflow/dags
[2026-10-01T12:10:12.671+0000] {manager.py:997} INFO - 
================================================================================
DAG File Processing Stats

File Path                              PID    Runtime      # DAGs    # Errors  Last Runtime    Last Run               Last # of DB Queries
-------------------------------------  -----  ---------  --------  ----------  --------------  -------------------  ----------------------
/opt/airflow/dags/01_triaje_script.py                           1           0  0.84s           2026-10-01T12:10:07                      10
================================================================================
[2026-10-01T12:10:22.771+0000] {manager.py:821} INFO - Searching for files in /opt/airflow/dags
[2026-10-01T12:10:22.829+0000] {manager.py:824} INFO - There are 1 files in /opt/airflow/dags
[2026-10-01T12:10:42.827+0000] {manager.py:997} INFO - 
================================================================================
DAG File Processing Stats

File Path                              PID    Runtime      # DAGs    # Errors  Last Runtime    Last Run               Last # of DB Queries
-------------------------------------  -----  ---------  --------  ----------  --------------  -------------------  ----------------------
/opt/airflow/dags/01_triaje_script.py                           1           0  0.81s           2026-10-01T12:10:38                      10
================================================================================
[2026-10-01T12:10:52.909+0000] {manager.py:821} INFO - Searching for files in /opt/airflow/dags
[2026-10-01T12:10:52.998+0000] {manager.py:824} INFO - There are 1 files in /opt/airflow/dags
[2026-10-01T12:11:13.198+0000] {manager.py:997} INFO - 
================================================================================
DAG File Processing Stats

File Path                              PID    Runtime      # DAGs    # Errors  Last Runtime    Last Run               Last # of DB Queries
-------------------------------------  -----  ---------  --------  ----------  --------------  -------------------  ----------------------
/opt/airflow/dags/01_triaje_script.py                           1           0  0.99s           2026-10-01T12:11:10                      10
================================================================================
[2026-10-01T12:11:23.272+0000] {manager.py:821} INFO - Searching for files in /opt/airflow/dags
[2026-10-01T12:11:23.352+0000] {manager.py:824} INFO - There are 1 files in /opt/airflow/dags
[2026-10-01T12:11:43.341+0000] {manager.py:997} INFO - 
================================================================================
DAG File Processing Stats

File Path                              PID    Runtime      # DAGs    # Errors  Last Runtime    Last Run               Last # of DB Queries
-------------------------------------  -----  ---------  --------  ----------  --------------  -------------------  ----------------------
/opt/airflow/dags/01_triaje_script.py                           1           0  0.81s           2026-10-01T12:11:41                      10
================================================================================
[2026-10-01T12:11:53.416+0000] {manager.py:821} INFO - Searching for files in /opt/airflow/dags
[2026-10-01T12:11:53.503+0000] {manager.py:824} INFO - There are 1 files in /opt/airflow/dags
[2026-10-01T12:12:13.666+0000] {manager.py:997} INFO - 
================================================================================
DAG File Processing Stats

File Path                              PID    Runtime      # DAGs    # Errors  Last Runtime    Last Run               Last # of DB Queries
-------------------------------------  -----  ---------  --------  ----------  --------------  -------------------  ----------------------
/opt/airflow/dags/01_triaje_script.py                           1           0  0.92s           2026-10-01T12:12:12                      10
================================================================================
[2026-10-01T12:12:23.745+0000] {manager.py:821} INFO - Searching for files in /opt/airflow/dags
[2026-10-01T12:12:23.839+0000] {manager.py:824} INFO - There are 1 files in /opt/airflow/dags
[2026-10-01T12:12:43.916+0000] {manager.py:997} INFO - 
================================================================================
DAG File Processing Stats

File Path                              PID    Runtime      # DAGs    # Errors  Last Runtime    Last Run               Last # of DB Queries
-------------------------------------  -----  ---------  --------  ----------  --------------  -------------------  ----------------------
/opt/airflow/dags/01_triaje_script.py                           1           0  0.84s           2026-10-01T12:12:43                      10
================================================================================
[2026-10-01T12:12:54.000+0000] {manager.py:821} INFO - Searching for files in /opt/airflow/dags
[2026-10-01T12:12:54.037+0000] {manager.py:824} INFO - There are 1 files in /opt/airflow/dags
[2026-10-01T12:13:14.265+0000] {manager.py:997} INFO - 
================================================================================
DAG File Processing Stats

File Path                                PID  Runtime      # DAGs    # Errors  Last Runtime    Last Run               Last # of DB Queries
-------------------------------------  -----  ---------  --------  ----------  --------------  -------------------  ----------------------
/opt/airflow/dags/01_triaje_script.py   2669  0.00s             1           0  0.84s           2026-10-01T12:12:43                      10
================================================================================
[2026-10-01T12:13:24.179+0000] {manager.py:821} INFO - Searching for files in /opt/airflow/dags
[2026-10-01T12:13:24.228+0000] {manager.py:824} INFO - There are 1 files in /opt/airflow/dags
[2026-10-01T12:13:44.391+0000] {manager.py:997} INFO - 
================================================================================
DAG File Processing Stats

File Path                              PID    Runtime      # DAGs    # Errors  Last Runtime    Last Run               Last # of DB Queries
-------------------------------------  -----  ---------  --------  ----------  --------------  -------------------  ----------------------
/opt/airflow/dags/01_triaje_script.py                           1           0  0.84s           2026-10-01T12:13:15                      10
================================================================================
[2026-10-01T12:13:54.256+0000] {manager.py:821} INFO - Searching for files in /opt/airflow/dags
[2026-10-01T12:13:54.328+0000] {manager.py:824} INFO - There are 1 files in /opt/airflow/dags
[2026-10-01T12:14:14.488+0000] {manager.py:997} INFO - 
================================================================================
DAG File Processing Stats

File Path                              PID    Runtime      # DAGs    # Errors  Last Runtime    Last Run               Last # of DB Queries
-------------------------------------  -----  ---------  --------  ----------  --------------  -------------------  ----------------------
/opt/airflow/dags/01_triaje_script.py                           1           0  0.79s           2026-10-01T12:13:46                      10
================================================================================
[2026-10-01T12:14:24.440+0000] {manager.py:821} INFO - Searching for files in /opt/airflow/dags
[2026-10-01T12:14:24.517+0000] {manager.py:824} INFO - There are 1 files in /opt/airflow/dags
[2026-10-01T12:14:44.509+0000] {manager.py:997} INFO - 
================================================================================
DAG File Processing Stats

File Path                              PID    Runtime      # DAGs    # Errors  Last Runtime    Last Run               Last # of DB Queries
-------------------------------------  -----  ---------  --------  ----------  --------------  -------------------  ----------------------
/opt/airflow/dags/01_triaje_script.py                           1           0  0.87s           2026-10-01T12:14:17                      10
================================================================================
[2026-10-01T12:14:55.114+0000] {manager.py:821} INFO - Searching for files in /opt/airflow/dags
[2026-10-01T12:14:55.214+0000] {manager.py:824} INFO - There are 1 files in /opt/airflow/dags
[2026-10-01T12:15:15.432+0000] {manager.py:997} INFO - 
================================================================================
DAG File Processing Stats

File Path                              PID    Runtime      # DAGs    # Errors  Last Runtime    Last Run               Last # of DB Queries
-------------------------------------  -----  ---------  --------  ----------  --------------  -------------------  ----------------------
/opt/airflow/dags/01_triaje_script.py                           1           0  3.08s           2026-10-01T12:14:50                      10
================================================================================
[2026-10-01T12:15:25.422+0000] {manager.py:821} INFO - Searching for files in /opt/airflow/dags
[2026-10-01T12:15:25.439+0000] {manager.py:824} INFO - There are 1 files in /opt/airflow/dags
[2026-10-01T12:15:45.662+0000] {manager.py:997} INFO - 
================================================================================
DAG File Processing Stats

File Path                              PID    Runtime      # DAGs    # Errors  Last Runtime    Last Run               Last # of DB Queries
-------------------------------------  -----  ---------  --------  ----------  --------------  -------------------  ----------------------
/opt/airflow/dags/01_triaje_script.py                           1           0  0.90s           2026-10-01T12:15:22                      10
================================================================================
[2026-10-01T12:15:55.566+0000] {manager.py:821} INFO - Searching for files in /opt/airflow/dags
[2026-10-01T12:15:55.621+0000] {manager.py:824} INFO - There are 1 files in /opt/airflow/dags
[2026-10-01T12:16:15.793+0000] {manager.py:997} INFO - 
================================================================================
DAG File Processing Stats

File Path                              PID    Runtime      # DAGs    # Errors  Last Runtime    Last Run               Last # of DB Queries
-------------------------------------  -----  ---------  --------  ----------  --------------  -------------------  ----------------------
/opt/airflow/dags/01_triaje_script.py                           1           0  0.78s           2026-10-01T12:15:53                      10
================================================================================
[2026-10-01T12:16:25.659+0000] {manager.py:821} INFO - Searching for files in /opt/airflow/dags
[2026-10-01T12:16:25.708+0000] {manager.py:824} INFO - There are 1 files in /opt/airflow/dags
[2026-10-01T12:16:45.899+0000] {manager.py:997} INFO - 
================================================================================
DAG File Processing Stats

File Path                              PID    Runtime      # DAGs    # Errors  Last Runtime    Last Run               Last # of DB Queries
-------------------------------------  -----  ---------  --------  ----------  --------------  -------------------  ----------------------
/opt/airflow/dags/01_triaje_script.py                           1           0  0.77s           2026-10-01T12:16:24                      10
================================================================================
[2026-10-01T12:16:55.908+0000] {manager.py:821} INFO - Searching for files in /opt/airflow/dags
[2026-10-01T12:16:55.957+0000] {manager.py:824} INFO - There are 1 files in /opt/airflow/dags
[2026-10-01T12:17:16.137+0000] {manager.py:997} INFO - 
================================================================================
DAG File Processing Stats

File Path                              PID    Runtime      # DAGs    # Errors  Last Runtime    Last Run               Last # of DB Queries
-------------------------------------  -----  ---------  --------  ----------  --------------  -------------------  ----------------------
/opt/airflow/dags/01_triaje_script.py                           1           0  0.89s           2026-10-01T12:16:55                      10
================================================================================
[2026-10-01T12:17:26.229+0000] {manager.py:821} INFO - Searching for files in /opt/airflow/dags
[2026-10-01T12:17:26.342+0000] {manager.py:824} INFO - There are 1 files in /opt/airflow/dags
[2026-10-01T12:17:46.351+0000] {manager.py:997} INFO - 
================================================================================
DAG File Processing Stats

File Path                              PID    Runtime      # DAGs    # Errors  Last Runtime    Last Run               Last # of DB Queries
-------------------------------------  -----  ---------  --------  ----------  --------------  -------------------  ----------------------
/opt/airflow/dags/01_triaje_script.py                           1           0  0.82s           2026-10-01T12:17:27                      10
================================================================================
[2026-10-01T12:17:56.420+0000] {manager.py:821} INFO - Searching for files in /opt/airflow/dags
[2026-10-01T12:17:56.463+0000] {manager.py:824} INFO - There are 1 files in /opt/airflow/dags
[2026-10-01T12:18:16.428+0000] {manager.py:997} INFO - 
================================================================================
DAG File Processing Stats

File Path                              PID    Runtime      # DAGs    # Errors  Last Runtime    Last Run               Last # of DB Queries
-------------------------------------  -----  ---------  --------  ----------  --------------  -------------------  ----------------------
/opt/airflow/dags/01_triaje_script.py                           1           0  0.77s           2026-10-01T12:17:58                      10
================================================================================
[2026-10-01T12:18:26.576+0000] {manager.py:821} INFO - Searching for files in /opt/airflow/dags
[2026-10-01T12:18:26.656+0000] {manager.py:824} INFO - There are 1 files in /opt/airflow/dags
[2026-10-01T12:18:46.459+0000] {manager.py:997} INFO - 
================================================================================
DAG File Processing Stats

File Path                              PID    Runtime      # DAGs    # Errors  Last Runtime    Last Run               Last # of DB Queries
-------------------------------------  -----  ---------  --------  ----------  --------------  -------------------  ----------------------
/opt/airflow/dags/01_triaje_script.py                           1           0  0.89s           2026-10-01T12:18:29                      10
================================================================================
[2026-10-01T12:18:56.584+0000] {manager.py:821} INFO - Searching for files in /opt/airflow/dags
[2026-10-01T12:18:56.635+0000] {manager.py:824} INFO - There are 1 files in /opt/airflow/dags
[2026-10-01T12:19:16.784+0000] {manager.py:997} INFO - 
================================================================================
DAG File Processing Stats

File Path                              PID    Runtime      # DAGs    # Errors  Last Runtime    Last Run               Last # of DB Queries
-------------------------------------  -----  ---------  --------  ----------  --------------  -------------------  ----------------------
/opt/airflow/dags/01_triaje_script.py                           1           0  0.91s           2026-10-01T12:19:00                      10
================================================================================
[2026-10-01T12:19:26.891+0000] {manager.py:821} INFO - Searching for files in /opt/airflow/dags
[2026-10-01T12:19:27.018+0000] {manager.py:824} INFO - There are 1 files in /opt/airflow/dags
[2026-10-01T12:19:47.210+0000] {manager.py:997} INFO - 
================================================================================
DAG File Processing Stats

File Path                              PID    Runtime      # DAGs    # Errors  Last Runtime    Last Run               Last # of DB Queries
-------------------------------------  -----  ---------  --------  ----------  --------------  -------------------  ----------------------
/opt/airflow/dags/01_triaje_script.py                           1           0  0.94s           2026-10-01T12:19:32                      10
================================================================================
[2026-10-01T12:19:57.311+0000] {manager.py:821} INFO - Searching for files in /opt/airflow/dags
[2026-10-01T12:19:57.360+0000] {manager.py:824} INFO - There are 1 files in /opt/airflow/dags
[2026-10-01T12:20:17.529+0000] {manager.py:997} INFO - 
================================================================================
DAG File Processing Stats

File Path                              PID    Runtime      # DAGs    # Errors  Last Runtime    Last Run               Last # of DB Queries
-------------------------------------  -----  ---------  --------  ----------  --------------  -------------------  ----------------------
/opt/airflow/dags/01_triaje_script.py                           1           0  0.95s           2026-10-01T12:20:03                      10
================================================================================
[2026-10-01T12:20:27.605+0000] {manager.py:821} INFO - Searching for files in /opt/airflow/dags
[2026-10-01T12:20:27.708+0000] {manager.py:824} INFO - There are 1 files in /opt/airflow/dags
[2026-10-01T12:20:47.936+0000] {manager.py:997} INFO - 
================================================================================
DAG File Processing Stats

File Path                              PID    Runtime      # DAGs    # Errors  Last Runtime    Last Run               Last # of DB Queries
-------------------------------------  -----  ---------  --------  ----------  --------------  -------------------  ----------------------
/opt/airflow/dags/01_triaje_script.py                           1           0  0.95s           2026-10-01T12:20:34                      10
================================================================================
[2026-10-01T12:20:58.042+0000] {manager.py:821} INFO - Searching for files in /opt/airflow/dags
[2026-10-01T12:20:58.124+0000] {manager.py:824} INFO - There are 1 files in /opt/airflow/dags
[2026-10-01T12:21:18.319+0000] {manager.py:997} INFO - 
================================================================================
DAG File Processing Stats

File Path                              PID    Runtime      # DAGs    # Errors  Last Runtime    Last Run               Last # of DB Queries
-------------------------------------  -----  ---------  --------  ----------  --------------  -------------------  ----------------------
/opt/airflow/dags/01_triaje_script.py                           1           0  0.84s           2026-10-01T12:21:06                      10
================================================================================
[2026-10-01T12:21:28.428+0000] {manager.py:821} INFO - Searching for files in /opt/airflow/dags
[2026-10-01T12:21:28.486+0000] {manager.py:824} INFO - There are 1 files in /opt/airflow/dags
[2026-10-01T12:21:48.574+0000] {manager.py:997} INFO - 
================================================================================
DAG File Processing Stats

File Path                              PID    Runtime      # DAGs    # Errors  Last Runtime    Last Run               Last # of DB Queries
-------------------------------------  -----  ---------  --------  ----------  --------------  -------------------  ----------------------
/opt/airflow/dags/01_triaje_script.py                           1           0  0.87s           2026-10-01T12:21:37                      10
================================================================================
[2026-10-01T12:21:58.650+0000] {manager.py:821} INFO - Searching for files in /opt/airflow/dags
[2026-10-01T12:21:58.668+0000] {manager.py:824} INFO - There are 1 files in /opt/airflow/dags
[2026-10-01T12:22:18.724+0000] {manager.py:997} INFO - 
================================================================================
DAG File Processing Stats

File Path                              PID    Runtime      # DAGs    # Errors  Last Runtime    Last Run               Last # of DB Queries
-------------------------------------  -----  ---------  --------  ----------  --------------  -------------------  ----------------------
/opt/airflow/dags/01_triaje_script.py                           1           0  0.88s           2026-10-01T12:22:08                      10
================================================================================
[2026-10-01T12:22:28.823+0000] {manager.py:821} INFO - Searching for files in /opt/airflow/dags
[2026-10-01T12:22:28.843+0000] {manager.py:824} INFO - There are 1 files in /opt/airflow/dags
[2026-10-01T12:22:48.811+0000] {manager.py:997} INFO - 
================================================================================
DAG File Processing Stats

File Path                              PID    Runtime      # DAGs    # Errors  Last Runtime    Last Run               Last # of DB Queries
-------------------------------------  -----  ---------  --------  ----------  --------------  -------------------  ----------------------
/opt/airflow/dags/01_triaje_script.py                           1           0  0.79s           2026-10-01T12:22:39                      10
================================================================================
[2026-10-01T12:22:58.912+0000] {manager.py:821} INFO - Searching for files in /opt/airflow/dags
[2026-10-01T12:22:59.050+0000] {manager.py:824} INFO - There are 1 files in /opt/airflow/dags
[2026-10-01T12:23:19.129+0000] {manager.py:997} INFO - 
================================================================================
DAG File Processing Stats

File Path                              PID    Runtime      # DAGs    # Errors  Last Runtime    Last Run               Last # of DB Queries
-------------------------------------  -----  ---------  --------  ----------  --------------  -------------------  ----------------------
/opt/airflow/dags/01_triaje_script.py                           1           0  0.82s           2026-10-01T12:23:11                      10
================================================================================
[2026-10-01T12:23:29.195+0000] {manager.py:821} INFO - Searching for files in /opt/airflow/dags
[2026-10-01T12:23:29.218+0000] {manager.py:824} INFO - There are 1 files in /opt/airflow/dags
[2026-10-01T12:23:49.207+0000] {manager.py:997} INFO - 
================================================================================
DAG File Processing Stats

File Path                              PID    Runtime      # DAGs    # Errors  Last Runtime    Last Run               Last # of DB Queries
-------------------------------------  -----  ---------  --------  ----------  --------------  -------------------  ----------------------
/opt/airflow/dags/01_triaje_script.py                           1           0  0.81s           2026-10-01T12:23:42                      10
================================================================================
[2026-10-01T12:23:59.276+0000] {manager.py:821} INFO - Searching for files in /opt/airflow/dags
[2026-10-01T12:23:59.301+0000] {manager.py:824} INFO - There are 1 files in /opt/airflow/dags
[2026-10-01T12:24:19.513+0000] {manager.py:997} INFO - 
================================================================================
DAG File Processing Stats

File Path                              PID    Runtime      # DAGs    # Errors  Last Runtime    Last Run               Last # of DB Queries
-------------------------------------  -----  ---------  --------  ----------  --------------  -------------------  ----------------------
/opt/airflow/dags/01_triaje_script.py                           1           0  0.84s           2026-10-01T12:24:13                      10
================================================================================
[2026-10-01T12:24:29.586+0000] {manager.py:821} INFO - Searching for files in /opt/airflow/dags
[2026-10-01T12:24:29.635+0000] {manager.py:824} INFO - There are 1 files in /opt/airflow/dags
[2026-10-01T12:24:49.797+0000] {manager.py:997} INFO - 
================================================================================
DAG File Processing Stats

File Path                              PID    Runtime      # DAGs    # Errors  Last Runtime    Last Run               Last # of DB Queries
-------------------------------------  -----  ---------  --------  ----------  --------------  -------------------  ----------------------
/opt/airflow/dags/01_triaje_script.py                           1           0  0.82s           2026-10-01T12:24:44                      10
================================================================================
[2026-10-01T12:24:59.874+0000] {manager.py:821} INFO - Searching for files in /opt/airflow/dags
[2026-10-01T12:24:59.944+0000] {manager.py:824} INFO - There are 1 files in /opt/airflow/dags
[2026-10-01T12:25:20.143+0000] {manager.py:997} INFO - 
================================================================================
DAG File Processing Stats

File Path                              PID    Runtime      # DAGs    # Errors  Last Runtime    Last Run               Last # of DB Queries
-------------------------------------  -----  ---------  --------  ----------  --------------  -------------------  ----------------------
/opt/airflow/dags/01_triaje_script.py                           1           0  0.91s           2026-10-01T12:25:15                      10
================================================================================
[2026-10-01T12:25:30.218+0000] {manager.py:821} INFO - Searching for files in /opt/airflow/dags
[2026-10-01T12:25:30.268+0000] {manager.py:824} INFO - There are 1 files in /opt/airflow/dags
[2026-10-01T12:25:50.309+0000] {manager.py:997} INFO - 
================================================================================
DAG File Processing Stats

File Path                              PID    Runtime      # DAGs    # Errors  Last Runtime    Last Run               Last # of DB Queries
-------------------------------------  -----  ---------  --------  ----------  --------------  -------------------  ----------------------
/opt/airflow/dags/01_triaje_script.py                           1           0  1.60s           2026-10-01T12:25:47                      10
================================================================================
[2026-10-01T12:26:00.379+0000] {manager.py:821} INFO - Searching for files in /opt/airflow/dags
[2026-10-01T12:26:00.424+0000] {manager.py:824} INFO - There are 1 files in /opt/airflow/dags
[2026-10-01T12:26:20.573+0000] {manager.py:997} INFO - 
================================================================================
DAG File Processing Stats

File Path                              PID    Runtime      # DAGs    # Errors  Last Runtime    Last Run               Last # of DB Queries
-------------------------------------  -----  ---------  --------  ----------  --------------  -------------------  ----------------------
/opt/airflow/dags/01_triaje_script.py                           1           0  0.98s           2026-10-01T12:26:18                      10
================================================================================
[2026-10-01T12:26:30.640+0000] {manager.py:821} INFO - Searching for files in /opt/airflow/dags
[2026-10-01T12:26:30.711+0000] {manager.py:824} INFO - There are 1 files in /opt/airflow/dags
[2026-10-01T12:26:50.824+0000] {manager.py:997} INFO - 
================================================================================
DAG File Processing Stats

File Path                              PID    Runtime      # DAGs    # Errors  Last Runtime    Last Run               Last # of DB Queries
-------------------------------------  -----  ---------  --------  ----------  --------------  -------------------  ----------------------
/opt/airflow/dags/01_triaje_script.py                           1           0  0.91s           2026-10-01T12:26:49                      10
================================================================================
[2026-10-01T12:27:00.896+0000] {manager.py:821} INFO - Searching for files in /opt/airflow/dags
[2026-10-01T12:27:00.964+0000] {manager.py:824} INFO - There are 1 files in /opt/airflow/dags
[2026-10-01T12:27:21.032+0000] {manager.py:997} INFO - 
================================================================================
DAG File Processing Stats

File Path                              PID    Runtime      # DAGs    # Errors  Last Runtime    Last Run               Last # of DB Queries
-------------------------------------  -----  ---------  --------  ----------  --------------  -------------------  ----------------------
/opt/airflow/dags/01_triaje_script.py                           1           0  0.85s           2026-10-01T12:27:21                      10
================================================================================
[2026-10-01T12:27:31.124+0000] {manager.py:821} INFO - Searching for files in /opt/airflow/dags
[2026-10-01T12:27:31.209+0000] {manager.py:824} INFO - There are 1 files in /opt/airflow/dags
[2026-10-01T12:27:51.411+0000] {manager.py:997} INFO - 
================================================================================
DAG File Processing Stats

File Path                                PID  Runtime      # DAGs    # Errors  Last Runtime    Last Run               Last # of DB Queries
-------------------------------------  -----  ---------  --------  ----------  --------------  -------------------  ----------------------
/opt/airflow/dags/01_triaje_script.py   3145  0.00s             1           0  0.85s           2026-10-01T12:27:21                      10
================================================================================
[2026-10-01T12:28:01.286+0000] {manager.py:821} INFO - Searching for files in /opt/airflow/dags
[2026-10-01T12:28:01.395+0000] {manager.py:824} INFO - There are 1 files in /opt/airflow/dags
[2026-10-01T12:28:21.557+0000] {manager.py:997} INFO - 
================================================================================
DAG File Processing Stats

File Path                              PID    Runtime      # DAGs    # Errors  Last Runtime    Last Run               Last # of DB Queries
-------------------------------------  -----  ---------  --------  ----------  --------------  -------------------  ----------------------
/opt/airflow/dags/01_triaje_script.py                           1           0  0.81s           2026-10-01T12:27:52                      10
================================================================================
[2026-10-01T12:28:31.527+0000] {manager.py:821} INFO - Searching for files in /opt/airflow/dags
[2026-10-01T12:28:31.628+0000] {manager.py:824} INFO - There are 1 files in /opt/airflow/dags
[2026-10-01T12:28:51.799+0000] {manager.py:997} INFO - 
================================================================================
DAG File Processing Stats

File Path                              PID    Runtime      # DAGs    # Errors  Last Runtime    Last Run               Last # of DB Queries
-------------------------------------  -----  ---------  --------  ----------  --------------  -------------------  ----------------------
/opt/airflow/dags/01_triaje_script.py                           1           0  0.87s           2026-10-01T12:28:23                      10
================================================================================
[2026-10-01T12:29:01.651+0000] {manager.py:821} INFO - Searching for files in /opt/airflow/dags
[2026-10-01T12:29:01.715+0000] {manager.py:824} INFO - There are 1 files in /opt/airflow/dags
[2026-10-01T12:29:21.908+0000] {manager.py:997} INFO - 
================================================================================
DAG File Processing Stats

File Path                              PID    Runtime      # DAGs    # Errors  Last Runtime    Last Run               Last # of DB Queries
-------------------------------------  -----  ---------  --------  ----------  --------------  -------------------  ----------------------
/opt/airflow/dags/01_triaje_script.py                           1           0  0.76s           2026-10-01T12:28:54                      10
================================================================================
[2026-10-01T12:29:31.825+0000] {manager.py:821} INFO - Searching for files in /opt/airflow/dags
[2026-10-01T12:29:31.929+0000] {manager.py:824} INFO - There are 1 files in /opt/airflow/dags
[2026-10-01T12:29:52.072+0000] {manager.py:997} INFO - 
================================================================================
DAG File Processing Stats

File Path                              PID    Runtime      # DAGs    # Errors  Last Runtime    Last Run               Last # of DB Queries
-------------------------------------  -----  ---------  --------  ----------  --------------  -------------------  ----------------------
/opt/airflow/dags/01_triaje_script.py                           1           0  0.83s           2026-10-01T12:29:25                      10
================================================================================
[2026-10-01T12:30:02.150+0000] {manager.py:821} INFO - Searching for files in /opt/airflow/dags
[2026-10-01T12:30:02.208+0000] {manager.py:824} INFO - There are 1 files in /opt/airflow/dags
[2026-10-01T12:30:22.385+0000] {manager.py:997} INFO - 
================================================================================
DAG File Processing Stats

File Path                              PID    Runtime      # DAGs    # Errors  Last Runtime    Last Run               Last # of DB Queries
-------------------------------------  -----  ---------  --------  ----------  --------------  -------------------  ----------------------
/opt/airflow/dags/01_triaje_script.py                           1           0  0.81s           2026-10-01T12:29:56                      10
================================================================================
[2026-10-01T12:30:32.462+0000] {manager.py:821} INFO - Searching for files in /opt/airflow/dags
[2026-10-01T12:30:32.522+0000] {manager.py:824} INFO - There are 1 files in /opt/airflow/dags
[2026-10-01T12:30:52.677+0000] {manager.py:997} INFO - 
================================================================================
DAG File Processing Stats

File Path                              PID    Runtime      # DAGs    # Errors  Last Runtime    Last Run               Last # of DB Queries
-------------------------------------  -----  ---------  --------  ----------  --------------  -------------------  ----------------------
/opt/airflow/dags/01_triaje_script.py                           1           0  0.78s           2026-10-01T12:30:27                      10
================================================================================
[2026-10-01T12:31:02.538+0000] {manager.py:821} INFO - Searching for files in /opt/airflow/dags
[2026-10-01T12:31:02.605+0000] {manager.py:824} INFO - There are 1 files in /opt/airflow/dags
[2026-10-01T12:31:22.765+0000] {manager.py:997} INFO - 
================================================================================
DAG File Processing Stats

File Path                              PID    Runtime      # DAGs    # Errors  Last Runtime    Last Run               Last # of DB Queries
-------------------------------------  -----  ---------  --------  ----------  --------------  -------------------  ----------------------
/opt/airflow/dags/01_triaje_script.py                           1           0  0.78s           2026-10-01T12:30:58                      10
================================================================================
[2026-10-01T12:31:32.693+0000] {manager.py:821} INFO - Searching for files in /opt/airflow/dags
[2026-10-01T12:31:32.743+0000] {manager.py:824} INFO - There are 1 files in /opt/airflow/dags
[2026-10-01T12:31:52.886+0000] {manager.py:997} INFO - 
================================================================================
DAG File Processing Stats

File Path                              PID    Runtime      # DAGs    # Errors  Last Runtime    Last Run               Last # of DB Queries
-------------------------------------  -----  ---------  --------  ----------  --------------  -------------------  ----------------------
/opt/airflow/dags/01_triaje_script.py                           1           0  0.82s           2026-10-01T12:31:29                      10
================================================================================
[2026-10-01T12:32:03.184+0000] {manager.py:821} INFO - Searching for files in /opt/airflow/dags
[2026-10-01T12:32:03.394+0000] {manager.py:824} INFO - There are 1 files in /opt/airflow/dags
[2026-10-01T12:32:23.599+0000] {manager.py:997} INFO - 
================================================================================
DAG File Processing Stats

File Path                              PID    Runtime      # DAGs    # Errors  Last Runtime    Last Run               Last # of DB Queries
-------------------------------------  -----  ---------  --------  ----------  --------------  -------------------  ----------------------
/opt/airflow/dags/01_triaje_script.py                           1           0  1.29s           2026-10-01T12:32:01                      10
================================================================================
[2026-10-01T12:32:33.686+0000] {manager.py:821} INFO - Searching for files in /opt/airflow/dags
[2026-10-01T12:32:33.740+0000] {manager.py:824} INFO - There are 1 files in /opt/airflow/dags
[2026-10-01T12:32:53.920+0000] {manager.py:997} INFO - 
================================================================================
DAG File Processing Stats

File Path                              PID    Runtime      # DAGs    # Errors  Last Runtime    Last Run               Last # of DB Queries
-------------------------------------  -----  ---------  --------  ----------  --------------  -------------------  ----------------------
/opt/airflow/dags/01_triaje_script.py                           1           0  0.96s           2026-10-01T12:32:32                      10
================================================================================
[2026-10-01T12:33:04.016+0000] {manager.py:821} INFO - Searching for files in /opt/airflow/dags
[2026-10-01T12:33:04.064+0000] {manager.py:824} INFO - There are 1 files in /opt/airflow/dags
[2026-10-01T12:33:24.266+0000] {manager.py:997} INFO - 
================================================================================
DAG File Processing Stats

File Path                              PID    Runtime      # DAGs    # Errors  Last Runtime    Last Run               Last # of DB Queries
-------------------------------------  -----  ---------  --------  ----------  --------------  -------------------  ----------------------
/opt/airflow/dags/01_triaje_script.py                           1           0  1.07s           2026-10-01T12:33:04                      10
================================================================================
[2026-10-01T12:33:34.355+0000] {manager.py:821} INFO - Searching for files in /opt/airflow/dags
[2026-10-01T12:33:34.373+0000] {manager.py:824} INFO - There are 1 files in /opt/airflow/dags
[2026-10-01T12:33:54.344+0000] {manager.py:997} INFO - 
================================================================================
DAG File Processing Stats

File Path                              PID    Runtime      # DAGs    # Errors  Last Runtime    Last Run               Last # of DB Queries
-------------------------------------  -----  ---------  --------  ----------  --------------  -------------------  ----------------------
/opt/airflow/dags/01_triaje_script.py                           1           0  0.76s           2026-10-01T12:33:35                      10
================================================================================
[2026-10-01T12:34:04.439+0000] {manager.py:821} INFO - Searching for files in /opt/airflow/dags
[2026-10-01T12:34:04.481+0000] {manager.py:824} INFO - There are 1 files in /opt/airflow/dags
[2026-10-01T12:34:22.999+0000] {manager.py:997} INFO - 
================================================================================
DAG File Processing Stats

File Path                              PID    Runtime      # DAGs    # Errors  Last Runtime    Last Run               Last # of DB Queries
-------------------------------------  -----  ---------  --------  ----------  --------------  -------------------  ----------------------
/opt/airflow/dags/01_triaje_script.py                           1           0  1.28s           2026-10-01T12:34:06                      10
================================================================================
[2026-10-01T12:34:35.206+0000] {manager.py:821} INFO - Searching for files in /opt/airflow/dags
[2026-10-01T12:34:35.331+0000] {manager.py:824} INFO - There are 1 files in /opt/airflow/dags
[2026-10-01T12:34:53.605+0000] {manager.py:997} INFO - 
================================================================================
DAG File Processing Stats

File Path                              PID    Runtime      # DAGs    # Errors  Last Runtime    Last Run               Last # of DB Queries
-------------------------------------  -----  ---------  --------  ----------  --------------  -------------------  ----------------------
/opt/airflow/dags/01_triaje_script.py                           1           0  1.08s           2026-10-01T12:34:38                      10
================================================================================
[2026-10-01T12:35:05.727+0000] {manager.py:821} INFO - Searching for files in /opt/airflow/dags
[2026-10-01T12:35:05.859+0000] {manager.py:824} INFO - There are 1 files in /opt/airflow/dags
[2026-10-01T12:35:23.850+0000] {manager.py:997} INFO - 
================================================================================
DAG File Processing Stats

File Path                              PID    Runtime      # DAGs    # Errors  Last Runtime    Last Run               Last # of DB Queries
-------------------------------------  -----  ---------  --------  ----------  --------------  -------------------  ----------------------
/opt/airflow/dags/01_triaje_script.py                           1           0  2.41s           2026-10-01T12:35:11                      10
================================================================================
[2026-10-01T12:35:36.086+0000] {manager.py:821} INFO - Searching for files in /opt/airflow/dags
[2026-10-01T12:35:36.234+0000] {manager.py:824} INFO - There are 1 files in /opt/airflow/dags
[2026-10-01T12:35:53.952+0000] {manager.py:997} INFO - 
================================================================================
DAG File Processing Stats

File Path                              PID    Runtime      # DAGs    # Errors  Last Runtime    Last Run               Last # of DB Queries
-------------------------------------  -----  ---------  --------  ----------  --------------  -------------------  ----------------------
/opt/airflow/dags/01_triaje_script.py                           1           0  2.18s           2026-10-01T12:35:43                      10
================================================================================
[2026-10-01T12:36:06.170+0000] {manager.py:821} INFO - Searching for files in /opt/airflow/dags
[2026-10-01T12:36:06.188+0000] {manager.py:824} INFO - There are 1 files in /opt/airflow/dags
[2026-10-01T12:36:24.030+0000] {manager.py:997} INFO - 
================================================================================
DAG File Processing Stats

File Path                              PID    Runtime      # DAGs    # Errors  Last Runtime    Last Run               Last # of DB Queries
-------------------------------------  -----  ---------  --------  ----------  --------------  -------------------  ----------------------
/opt/airflow/dags/01_triaje_script.py                           1           0  0.83s           2026-10-01T12:36:14                      10
================================================================================
[2026-10-01T12:36:36.540+0000] {manager.py:821} INFO - Searching for files in /opt/airflow/dags
[2026-10-01T12:36:36.841+0000] {manager.py:824} INFO - There are 1 files in /opt/airflow/dags
[2026-10-01T12:36:54.172+0000] {manager.py:997} INFO - 
================================================================================
DAG File Processing Stats

File Path                              PID    Runtime      # DAGs    # Errors  Last Runtime    Last Run               Last # of DB Queries
-------------------------------------  -----  ---------  --------  ----------  --------------  -------------------  ----------------------
/opt/airflow/dags/01_triaje_script.py                           1           0  1.22s           2026-10-01T12:36:46                      10
================================================================================
[2026-10-01T12:37:06.545+0000] {manager.py:821} INFO - Searching for files in /opt/airflow/dags
[2026-10-01T12:37:06.773+0000] {manager.py:824} INFO - There are 1 files in /opt/airflow/dags
[2026-10-01T12:37:24.671+0000] {manager.py:997} INFO - 
================================================================================
DAG File Processing Stats

File Path                              PID    Runtime      # DAGs    # Errors  Last Runtime    Last Run               Last # of DB Queries
-------------------------------------  -----  ---------  --------  ----------  --------------  -------------------  ----------------------
/opt/airflow/dags/01_triaje_script.py                           1           0  1.04s           2026-10-01T12:37:17                      10
================================================================================
[2026-10-01T12:37:36.843+0000] {manager.py:821} INFO - Searching for files in /opt/airflow/dags
[2026-10-01T12:37:36.964+0000] {manager.py:824} INFO - There are 1 files in /opt/airflow/dags
[2026-10-01T12:37:54.982+0000] {manager.py:997} INFO - 
================================================================================
DAG File Processing Stats

File Path                              PID    Runtime      # DAGs    # Errors  Last Runtime    Last Run               Last # of DB Queries
-------------------------------------  -----  ---------  --------  ----------  --------------  -------------------  ----------------------
/opt/airflow/dags/01_triaje_script.py                           1           0  0.82s           2026-10-01T12:37:48                      10
================================================================================
[2026-10-01T12:38:07.088+0000] {manager.py:821} INFO - Searching for files in /opt/airflow/dags
[2026-10-01T12:38:07.106+0000] {manager.py:824} INFO - There are 1 files in /opt/airflow/dags
[2026-10-01T12:38:25.069+0000] {manager.py:997} INFO - 
================================================================================
DAG File Processing Stats

File Path                              PID    Runtime      # DAGs    # Errors  Last Runtime    Last Run               Last # of DB Queries
-------------------------------------  -----  ---------  --------  ----------  --------------  -------------------  ----------------------
/opt/airflow/dags/01_triaje_script.py                           1           0  0.79s           2026-10-01T12:38:20                      10
================================================================================
[2026-10-01T12:38:37.166+0000] {manager.py:821} INFO - Searching for files in /opt/airflow/dags
[2026-10-01T12:38:37.252+0000] {manager.py:824} INFO - There are 1 files in /opt/airflow/dags
[2026-10-01T12:38:55.230+0000] {manager.py:997} INFO - 
================================================================================
DAG File Processing Stats

File Path                              PID    Runtime      # DAGs    # Errors  Last Runtime    Last Run               Last # of DB Queries
-------------------------------------  -----  ---------  --------  ----------  --------------  -------------------  ----------------------
/opt/airflow/dags/01_triaje_script.py                           1           0  0.77s           2026-10-01T12:38:51                      10
================================================================================
[2026-10-01T12:39:07.316+0000] {manager.py:821} INFO - Searching for files in /opt/airflow/dags
[2026-10-01T12:39:07.365+0000] {manager.py:824} INFO - There are 1 files in /opt/airflow/dags
[2026-10-01T12:39:25.390+0000] {manager.py:997} INFO - 
================================================================================
DAG File Processing Stats

File Path                              PID    Runtime      # DAGs    # Errors  Last Runtime    Last Run               Last # of DB Queries
-------------------------------------  -----  ---------  --------  ----------  --------------  -------------------  ----------------------
/opt/airflow/dags/01_triaje_script.py                           1           0  0.83s           2026-10-01T12:39:22                      10
================================================================================
[2026-10-01T12:39:37.491+0000] {manager.py:821} INFO - Searching for files in /opt/airflow/dags
[2026-10-01T12:39:37.536+0000] {manager.py:824} INFO - There are 1 files in /opt/airflow/dags
[2026-10-01T12:39:55.583+0000] {manager.py:997} INFO - 
================================================================================
DAG File Processing Stats

File Path                              PID    Runtime      # DAGs    # Errors  Last Runtime    Last Run               Last # of DB Queries
-------------------------------------  -----  ---------  --------  ----------  --------------  -------------------  ----------------------
/opt/airflow/dags/01_triaje_script.py                           1           0  0.88s           2026-10-01T12:39:53                      10
================================================================================
[2026-10-01T12:40:07.730+0000] {manager.py:821} INFO - Searching for files in /opt/airflow/dags
[2026-10-01T12:40:07.851+0000] {manager.py:824} INFO - There are 1 files in /opt/airflow/dags
[2026-10-01T12:40:25.664+0000] {manager.py:997} INFO - 
================================================================================
DAG File Processing Stats

File Path                              PID    Runtime      # DAGs    # Errors  Last Runtime    Last Run               Last # of DB Queries
-------------------------------------  -----  ---------  --------  ----------  --------------  -------------------  ----------------------
/opt/airflow/dags/01_triaje_script.py                           1           0  1.02s           2026-10-01T12:40:24                      10
================================================================================
[2026-10-01T12:40:37.770+0000] {manager.py:821} INFO - Searching for files in /opt/airflow/dags
[2026-10-01T12:40:37.843+0000] {manager.py:824} INFO - There are 1 files in /opt/airflow/dags
[2026-10-01T12:40:55.873+0000] {manager.py:997} INFO - 
================================================================================
DAG File Processing Stats

File Path                              PID    Runtime      # DAGs    # Errors  Last Runtime    Last Run               Last # of DB Queries
-------------------------------------  -----  ---------  --------  ----------  --------------  -------------------  ----------------------
/opt/airflow/dags/01_triaje_script.py                           1           0  0.85s           2026-10-01T12:40:55                      10
================================================================================
[2026-10-01T12:41:08.015+0000] {manager.py:821} INFO - Searching for files in /opt/airflow/dags
[2026-10-01T12:41:08.180+0000] {manager.py:824} INFO - There are 1 files in /opt/airflow/dags
[2026-10-01T12:41:26.459+0000] {manager.py:997} INFO - 
================================================================================
DAG File Processing Stats

File Path                                PID  Runtime      # DAGs    # Errors  Last Runtime    Last Run               Last # of DB Queries
-------------------------------------  -----  ---------  --------  ----------  --------------  -------------------  ----------------------
/opt/airflow/dags/01_triaje_script.py   3587  0.00s             1           0  0.85s           2026-10-01T12:40:55                      10
================================================================================
[2026-10-01T12:41:38.389+0000] {manager.py:821} INFO - Searching for files in /opt/airflow/dags
[2026-10-01T12:41:38.452+0000] {manager.py:824} INFO - There are 1 files in /opt/airflow/dags
[2026-10-01T12:41:56.671+0000] {manager.py:997} INFO - 
================================================================================
DAG File Processing Stats

File Path                              PID    Runtime      # DAGs    # Errors  Last Runtime    Last Run               Last # of DB Queries
-------------------------------------  -----  ---------  --------  ----------  --------------  -------------------  ----------------------
/opt/airflow/dags/01_triaje_script.py                           1           0  0.83s           2026-10-01T12:41:27                      10
================================================================================
[2026-10-01T12:42:08.610+0000] {manager.py:821} INFO - Searching for files in /opt/airflow/dags
[2026-10-01T12:42:08.694+0000] {manager.py:824} INFO - There are 1 files in /opt/airflow/dags
[2026-10-01T12:42:26.837+0000] {manager.py:997} INFO - 
================================================================================
DAG File Processing Stats

File Path                              PID    Runtime      # DAGs    # Errors  Last Runtime    Last Run               Last # of DB Queries
-------------------------------------  -----  ---------  --------  ----------  --------------  -------------------  ----------------------
/opt/airflow/dags/01_triaje_script.py                           1           0  0.82s           2026-10-01T12:41:58                      10
================================================================================
[2026-10-01T12:42:38.689+0000] {manager.py:821} INFO - Searching for files in /opt/airflow/dags
[2026-10-01T12:42:39.173+0000] {manager.py:824} INFO - There are 1 files in /opt/airflow/dags
[2026-10-01T12:42:56.856+0000] {manager.py:997} INFO - 
================================================================================
DAG File Processing Stats

File Path                              PID    Runtime      # DAGs    # Errors  Last Runtime    Last Run               Last # of DB Queries
-------------------------------------  -----  ---------  --------  ----------  --------------  -------------------  ----------------------
/opt/airflow/dags/01_triaje_script.py                           1           0  0.72s           2026-10-01T12:42:29                      10
================================================================================
[2026-10-01T12:43:08.788+0000] {manager.py:821} INFO - Searching for files in /opt/airflow/dags
[2026-10-01T12:43:08.806+0000] {manager.py:824} INFO - There are 1 files in /opt/airflow/dags
[2026-10-01T12:43:26.939+0000] {manager.py:997} INFO - 
================================================================================
DAG File Processing Stats

File Path                              PID    Runtime      # DAGs    # Errors  Last Runtime    Last Run               Last # of DB Queries
-------------------------------------  -----  ---------  --------  ----------  --------------  -------------------  ----------------------
/opt/airflow/dags/01_triaje_script.py                           1           0  0.80s           2026-10-01T12:43:00                      10
================================================================================
[2026-10-01T12:43:39.086+0000] {manager.py:821} INFO - Searching for files in /opt/airflow/dags
[2026-10-01T12:43:39.121+0000] {manager.py:824} INFO - There are 1 files in /opt/airflow/dags
[2026-10-01T12:43:57.262+0000] {manager.py:997} INFO - 
================================================================================
DAG File Processing Stats

File Path                              PID    Runtime      # DAGs    # Errors  Last Runtime    Last Run               Last # of DB Queries
-------------------------------------  -----  ---------  --------  ----------  --------------  -------------------  ----------------------
/opt/airflow/dags/01_triaje_script.py                           1           0  0.75s           2026-10-01T12:43:31                      10
================================================================================
[2026-10-01T12:44:09.349+0000] {manager.py:821} INFO - Searching for files in /opt/airflow/dags
[2026-10-01T12:44:09.379+0000] {manager.py:824} INFO - There are 1 files in /opt/airflow/dags
[2026-10-01T12:44:27.563+0000] {manager.py:997} INFO - 
================================================================================
DAG File Processing Stats

File Path                              PID    Runtime      # DAGs    # Errors  Last Runtime    Last Run               Last # of DB Queries
-------------------------------------  -----  ---------  --------  ----------  --------------  -------------------  ----------------------
/opt/airflow/dags/01_triaje_script.py                           1           0  0.75s           2026-10-01T12:44:02                      10
================================================================================
[2026-10-01T12:44:39.524+0000] {manager.py:821} INFO - Searching for files in /opt/airflow/dags
[2026-10-01T12:44:39.621+0000] {manager.py:824} INFO - There are 1 files in /opt/airflow/dags
[2026-10-01T12:44:57.764+0000] {manager.py:997} INFO - 
================================================================================
DAG File Processing Stats

File Path                              PID    Runtime      # DAGs    # Errors  Last Runtime    Last Run               Last # of DB Queries
-------------------------------------  -----  ---------  --------  ----------  --------------  -------------------  ----------------------
/opt/airflow/dags/01_triaje_script.py                           1           0  0.85s           2026-10-01T12:44:33                      10
================================================================================
[2026-10-01T12:45:09.946+0000] {manager.py:821} INFO - Searching for files in /opt/airflow/dags
[2026-10-01T12:45:10.086+0000] {manager.py:824} INFO - There are 1 files in /opt/airflow/dags
[2026-10-01T12:45:28.274+0000] {manager.py:997} INFO - 
================================================================================
DAG File Processing Stats

File Path                              PID    Runtime      # DAGs    # Errors  Last Runtime    Last Run               Last # of DB Queries
-------------------------------------  -----  ---------  --------  ----------  --------------  -------------------  ----------------------
/opt/airflow/dags/01_triaje_script.py                           1           0  1.13s           2026-10-01T12:45:05                      10
================================================================================
[2026-10-01T12:45:40.261+0000] {manager.py:821} INFO - Searching for files in /opt/airflow/dags
[2026-10-01T12:45:40.346+0000] {manager.py:824} INFO - There are 1 files in /opt/airflow/dags
[2026-10-01T12:45:58.510+0000] {manager.py:997} INFO - 
================================================================================
DAG File Processing Stats

File Path                              PID    Runtime      # DAGs    # Errors  Last Runtime    Last Run               Last # of DB Queries
-------------------------------------  -----  ---------  --------  ----------  --------------  -------------------  ----------------------
/opt/airflow/dags/01_triaje_script.py                           1           0  0.83s           2026-10-01T12:45:36                      10
================================================================================
[2026-10-01T12:46:10.584+0000] {manager.py:821} INFO - Searching for files in /opt/airflow/dags
[2026-10-01T12:46:10.642+0000] {manager.py:824} INFO - There are 1 files in /opt/airflow/dags
[2026-10-01T12:46:28.817+0000] {manager.py:997} INFO - 
================================================================================
DAG File Processing Stats

File Path                              PID    Runtime      # DAGs    # Errors  Last Runtime    Last Run               Last # of DB Queries
-------------------------------------  -----  ---------  --------  ----------  --------------  -------------------  ----------------------
/opt/airflow/dags/01_triaje_script.py                           1           0  0.89s           2026-10-01T12:46:07                      10
================================================================================
[2026-10-01T12:46:40.674+0000] {manager.py:821} INFO - Searching for files in /opt/airflow/dags
[2026-10-01T12:46:40.700+0000] {manager.py:824} INFO - There are 1 files in /opt/airflow/dags
[2026-10-01T12:46:58.849+0000] {manager.py:997} INFO - 
================================================================================
DAG File Processing Stats

File Path                              PID    Runtime      # DAGs    # Errors  Last Runtime    Last Run               Last # of DB Queries
-------------------------------------  -----  ---------  --------  ----------  --------------  -------------------  ----------------------
/opt/airflow/dags/01_triaje_script.py                           1           0  0.77s           2026-10-01T12:46:38                      10
================================================================================
[2026-10-01T12:47:10.794+0000] {manager.py:821} INFO - Searching for files in /opt/airflow/dags
[2026-10-01T12:47:10.816+0000] {manager.py:824} INFO - There are 1 files in /opt/airflow/dags
[2026-10-01T12:47:28.964+0000] {manager.py:997} INFO - 
================================================================================
DAG File Processing Stats

File Path                              PID    Runtime      # DAGs    # Errors  Last Runtime    Last Run               Last # of DB Queries
-------------------------------------  -----  ---------  --------  ----------  --------------  -------------------  ----------------------
/opt/airflow/dags/01_triaje_script.py                           1           0  0.81s           2026-10-01T12:47:09                      10
================================================================================
[2026-10-01T12:47:41.103+0000] {manager.py:821} INFO - Searching for files in /opt/airflow/dags
[2026-10-01T12:47:41.152+0000] {manager.py:824} INFO - There are 1 files in /opt/airflow/dags
[2026-10-01T12:47:56.720+0000] {manager.py:465} INFO - Exiting gracefully upon receiving signal 15
