[2026-10-01T11:15:15.374+0000] {processor.py:186} INFO - Started process (PID=782) to work on /opt/airflow/dags/01_triaje_script.py
[2026-10-01T11:15:15.379+0000] {processor.py:914} INFO - Processing file /opt/airflow/dags/01_triaje_script.py for tasks to queue
[2026-10-01T11:15:15.385+0000] {logging_mixin.py:190} INFO - [2026-10-01T11:15:15.384+0000] {dagbag.py:588} INFO - Filling up the DagBag from /opt/airflow/dags/01_triaje_script.py
[2026-10-01T11:15:16.278+0000] {processor.py:925} INFO - DAG(s) 'dag_triage_filter' retrieved from /opt/airflow/dags/01_triaje_script.py
[2026-10-01T11:15:16.382+0000] {logging_mixin.py:190} INFO - [2026-10-01T11:15:16.381+0000] {dag.py:3239} INFO - Sync 1 DAGs
[2026-10-01T11:15:16.397+0000] {logging_mixin.py:190} INFO - [2026-10-01T11:15:16.397+0000] {dag.py:3262} INFO - Creating ORM DAG for dag_triage_filter
[2026-10-01T11:15:16.400+0000] {logging_mixin.py:190} INFO - [2026-10-01T11:15:16.400+0000] {dag.py:4180} INFO - Setting next_dagrun for dag_triage_filter to None, run_after=None
[2026-10-01T11:15:16.433+0000] {processor.py:208} INFO - Processing /opt/airflow/dags/01_triaje_script.py took 1.069 seconds
[2026-10-01T11:15:46.728+0000] {processor.py:186} INFO - Started process (PID=799) to work on /opt/airflow/dags/01_triaje_script.py
[2026-10-01T11:15:46.732+0000] {processor.py:914} INFO - Processing file /opt/airflow/dags/01_triaje_script.py for tasks to queue
[2026-10-01T11:15:46.738+0000] {logging_mixin.py:190} INFO - [2026-10-01T11:15:46.737+0000] {dagbag.py:588} INFO - Filling up the DagBag from /opt/airflow/dags/01_triaje_script.py
[2026-10-01T11:15:47.476+0000] {processor.py:925} INFO - DAG(s) 'dag_triage_filter' retrieved from /opt/airflow/dags/01_triaje_script.py
[2026-10-01T11:15:47.505+0000] {logging_mixin.py:190} INFO - [2026-10-01T11:15:47.505+0000] {dag.py:3239} INFO - Sync 1 DAGs
[2026-10-01T11:15:47.525+0000] {logging_mixin.py:190} INFO - [2026-10-01T11:15:47.525+0000] {dag.py:4180} INFO - Setting next_dagrun for dag_triage_filter to None, run_after=None
[2026-10-01T11:15:47.549+0000] {processor.py:208} INFO - Processing /opt/airflow/dags/01_triaje_script.py took 0.830 seconds
[2026-10-01T11:16:18.158+0000] {processor.py:186} INFO - Started process (PID=816) to work on /opt/airflow/dags/01_triaje_script.py
[2026-10-01T11:16:18.172+0000] {processor.py:914} INFO - Processing file /opt/airflow/dags/01_triaje_script.py for tasks to queue
[2026-10-01T11:16:18.188+0000] {logging_mixin.py:190} INFO - [2026-10-01T11:16:18.187+0000] {dagbag.py:588} INFO - Filling up the DagBag from /opt/airflow/dags/01_triaje_script.py
[2026-10-01T11:16:18.994+0000] {processor.py:925} INFO - DAG(s) 'dag_triage_filter' retrieved from /opt/airflow/dags/01_triaje_script.py
[2026-10-01T11:16:19.020+0000] {logging_mixin.py:190} INFO - [2026-10-01T11:16:19.018+0000] {dag.py:3239} INFO - Sync 1 DAGs
[2026-10-01T11:16:19.035+0000] {logging_mixin.py:190} INFO - [2026-10-01T11:16:19.034+0000] {dag.py:4180} INFO - Setting next_dagrun for dag_triage_filter to None, run_after=None
[2026-10-01T11:16:19.053+0000] {processor.py:208} INFO - Processing /opt/airflow/dags/01_triaje_script.py took 0.903 seconds
[2026-10-01T11:16:49.536+0000] {processor.py:186} INFO - Started process (PID=833) to work on /opt/airflow/dags/01_triaje_script.py
[2026-10-01T11:16:49.538+0000] {processor.py:914} INFO - Processing file /opt/airflow/dags/01_triaje_script.py for tasks to queue
[2026-10-01T11:16:49.541+0000] {logging_mixin.py:190} INFO - [2026-10-01T11:16:49.541+0000] {dagbag.py:588} INFO - Filling up the DagBag from /opt/airflow/dags/01_triaje_script.py
[2026-10-01T11:16:50.236+0000] {processor.py:925} INFO - DAG(s) 'dag_triage_filter' retrieved from /opt/airflow/dags/01_triaje_script.py
[2026-10-01T11:16:50.263+0000] {logging_mixin.py:190} INFO - [2026-10-01T11:16:50.262+0000] {dag.py:3239} INFO - Sync 1 DAGs
[2026-10-01T11:16:50.278+0000] {logging_mixin.py:190} INFO - [2026-10-01T11:16:50.278+0000] {dag.py:4180} INFO - Setting next_dagrun for dag_triage_filter to None, run_after=None
[2026-10-01T11:16:50.297+0000] {processor.py:208} INFO - Processing /opt/airflow/dags/01_triaje_script.py took 0.766 seconds
[2026-10-01T11:17:20.919+0000] {processor.py:186} INFO - Started process (PID=850) to work on /opt/airflow/dags/01_triaje_script.py
[2026-10-01T11:17:20.921+0000] {processor.py:914} INFO - Processing file /opt/airflow/dags/01_triaje_script.py for tasks to queue
[2026-10-01T11:17:20.923+0000] {logging_mixin.py:190} INFO - [2026-10-01T11:17:20.922+0000] {dagbag.py:588} INFO - Filling up the DagBag from /opt/airflow/dags/01_triaje_script.py
[2026-10-01T11:17:21.595+0000] {processor.py:925} INFO - DAG(s) 'dag_triage_filter' retrieved from /opt/airflow/dags/01_triaje_script.py
[2026-10-01T11:17:21.620+0000] {logging_mixin.py:190} INFO - [2026-10-01T11:17:21.619+0000] {dag.py:3239} INFO - Sync 1 DAGs
[2026-10-01T11:17:21.634+0000] {logging_mixin.py:190} INFO - [2026-10-01T11:17:21.634+0000] {dag.py:4180} INFO - Setting next_dagrun for dag_triage_filter to None, run_after=None
[2026-10-01T11:17:21.652+0000] {processor.py:208} INFO - Processing /opt/airflow/dags/01_triaje_script.py took 0.741 seconds
[2026-10-01T11:17:52.143+0000] {processor.py:186} INFO - Started process (PID=867) to work on /opt/airflow/dags/01_triaje_script.py
[2026-10-01T11:17:52.147+0000] {processor.py:914} INFO - Processing file /opt/airflow/dags/01_triaje_script.py for tasks to queue
[2026-10-01T11:17:52.149+0000] {logging_mixin.py:190} INFO - [2026-10-01T11:17:52.149+0000] {dagbag.py:588} INFO - Filling up the DagBag from /opt/airflow/dags/01_triaje_script.py
[2026-10-01T11:17:52.866+0000] {processor.py:925} INFO - DAG(s) 'dag_triage_filter' retrieved from /opt/airflow/dags/01_triaje_script.py
[2026-10-01T11:17:52.893+0000] {logging_mixin.py:190} INFO - [2026-10-01T11:17:52.892+0000] {dag.py:3239} INFO - Sync 1 DAGs
[2026-10-01T11:17:52.908+0000] {logging_mixin.py:190} INFO - [2026-10-01T11:17:52.908+0000] {dag.py:4180} INFO - Setting next_dagrun for dag_triage_filter to None, run_after=None
[2026-10-01T11:17:52.930+0000] {processor.py:208} INFO - Processing /opt/airflow/dags/01_triaje_script.py took 0.796 seconds
[2026-10-01T11:18:23.395+0000] {processor.py:186} INFO - Started process (PID=884) to work on /opt/airflow/dags/01_triaje_script.py
[2026-10-01T11:18:23.400+0000] {processor.py:914} INFO - Processing file /opt/airflow/dags/01_triaje_script.py for tasks to queue
[2026-10-01T11:18:23.405+0000] {logging_mixin.py:190} INFO - [2026-10-01T11:18:23.404+0000] {dagbag.py:588} INFO - Filling up the DagBag from /opt/airflow/dags/01_triaje_script.py
[2026-10-01T11:18:24.142+0000] {processor.py:925} INFO - DAG(s) 'dag_triage_filter' retrieved from /opt/airflow/dags/01_triaje_script.py
[2026-10-01T11:18:24.177+0000] {logging_mixin.py:190} INFO - [2026-10-01T11:18:24.176+0000] {dag.py:3239} INFO - Sync 1 DAGs
[2026-10-01T11:18:24.204+0000] {logging_mixin.py:190} INFO - [2026-10-01T11:18:24.204+0000] {dag.py:4180} INFO - Setting next_dagrun for dag_triage_filter to None, run_after=None
[2026-10-01T11:18:24.262+0000] {processor.py:208} INFO - Processing /opt/airflow/dags/01_triaje_script.py took 0.877 seconds
[2026-10-01T11:18:54.848+0000] {processor.py:186} INFO - Started process (PID=901) to work on /opt/airflow/dags/01_triaje_script.py
[2026-10-01T11:18:54.851+0000] {processor.py:914} INFO - Processing file /opt/airflow/dags/01_triaje_script.py for tasks to queue
[2026-10-01T11:18:54.857+0000] {logging_mixin.py:190} INFO - [2026-10-01T11:18:54.856+0000] {dagbag.py:588} INFO - Filling up the DagBag from /opt/airflow/dags/01_triaje_script.py
[2026-10-01T11:18:55.649+0000] {processor.py:925} INFO - DAG(s) 'dag_triage_filter' retrieved from /opt/airflow/dags/01_triaje_script.py
[2026-10-01T11:18:55.675+0000] {logging_mixin.py:190} INFO - [2026-10-01T11:18:55.674+0000] {dag.py:3239} INFO - Sync 1 DAGs
[2026-10-01T11:18:55.690+0000] {logging_mixin.py:190} INFO - [2026-10-01T11:18:55.690+0000] {dag.py:4180} INFO - Setting next_dagrun for dag_triage_filter to None, run_after=None
[2026-10-01T11:18:55.707+0000] {processor.py:208} INFO - Processing /opt/airflow/dags/01_triaje_script.py took 0.868 seconds
[2026-10-01T11:19:26.188+0000] {processor.py:186} INFO - Started process (PID=918) to work on /opt/airflow/dags/01_triaje_script.py
[2026-10-01T11:19:26.191+0000] {processor.py:914} INFO - Processing file /opt/airflow/dags/01_triaje_script.py for tasks to queue
[2026-10-01T11:19:26.194+0000] {logging_mixin.py:190} INFO - [2026-10-01T11:19:26.194+0000] {dagbag.py:588} INFO - Filling up the DagBag from /opt/airflow/dags/01_triaje_script.py
[2026-10-01T11:19:26.909+0000] {processor.py:925} INFO - DAG(s) 'dag_triage_filter' retrieved from /opt/airflow/dags/01_triaje_script.py
[2026-10-01T11:19:26.946+0000] {logging_mixin.py:190} INFO - [2026-10-01T11:19:26.946+0000] {dag.py:3239} INFO - Sync 1 DAGs
[2026-10-01T11:19:26.972+0000] {logging_mixin.py:190} INFO - [2026-10-01T11:19:26.972+0000] {dag.py:4180} INFO - Setting next_dagrun for dag_triage_filter to None, run_after=None
[2026-10-01T11:19:26.995+0000] {processor.py:208} INFO - Processing /opt/airflow/dags/01_triaje_script.py took 0.815 seconds
[2026-10-01T11:19:57.555+0000] {processor.py:186} INFO - Started process (PID=935) to work on /opt/airflow/dags/01_triaje_script.py
[2026-10-01T11:19:57.559+0000] {processor.py:914} INFO - Processing file /opt/airflow/dags/01_triaje_script.py for tasks to queue
[2026-10-01T11:19:57.570+0000] {logging_mixin.py:190} INFO - [2026-10-01T11:19:57.570+0000] {dagbag.py:588} INFO - Filling up the DagBag from /opt/airflow/dags/01_triaje_script.py
[2026-10-01T11:19:58.162+0000] {processor.py:925} INFO - DAG(s) 'dag_triage_filter' retrieved from /opt/airflow/dags/01_triaje_script.py
[2026-10-01T11:19:58.190+0000] {logging_mixin.py:190} INFO - [2026-10-01T11:19:58.189+0000] {dag.py:3239} INFO - Sync 1 DAGs
[2026-10-01T11:19:58.207+0000] {logging_mixin.py:190} INFO - [2026-10-01T11:19:58.206+0000] {dag.py:4180} INFO - Setting next_dagrun for dag_triage_filter to None, run_after=None
[2026-10-01T11:19:58.230+0000] {processor.py:208} INFO - Processing /opt/airflow/dags/01_triaje_script.py took 0.683 seconds
[2026-10-01T11:20:28.641+0000] {processor.py:186} INFO - Started process (PID=952) to work on /opt/airflow/dags/01_triaje_script.py
[2026-10-01T11:20:28.643+0000] {processor.py:914} INFO - Processing file /opt/airflow/dags/01_triaje_script.py for tasks to queue
[2026-10-01T11:20:28.645+0000] {logging_mixin.py:190} INFO - [2026-10-01T11:20:28.645+0000] {dagbag.py:588} INFO - Filling up the DagBag from /opt/airflow/dags/01_triaje_script.py
[2026-10-01T11:20:29.385+0000] {processor.py:925} INFO - DAG(s) 'dag_triage_filter' retrieved from /opt/airflow/dags/01_triaje_script.py
[2026-10-01T11:20:29.413+0000] {logging_mixin.py:190} INFO - [2026-10-01T11:20:29.412+0000] {dag.py:3239} INFO - Sync 1 DAGs
[2026-10-01T11:20:29.427+0000] {logging_mixin.py:190} INFO - [2026-10-01T11:20:29.427+0000] {dag.py:4180} INFO - Setting next_dagrun for dag_triage_filter to None, run_after=None
[2026-10-01T11:20:29.444+0000] {processor.py:208} INFO - Processing /opt/airflow/dags/01_triaje_script.py took 0.808 seconds
[2026-10-01T11:20:59.617+0000] {processor.py:186} INFO - Started process (PID=969) to work on /opt/airflow/dags/01_triaje_script.py
[2026-10-01T11:20:59.619+0000] {processor.py:914} INFO - Processing file /opt/airflow/dags/01_triaje_script.py for tasks to queue
[2026-10-01T11:20:59.621+0000] {logging_mixin.py:190} INFO - [2026-10-01T11:20:59.621+0000] {dagbag.py:588} INFO - Filling up the DagBag from /opt/airflow/dags/01_triaje_script.py
[2026-10-01T11:21:00.269+0000] {processor.py:925} INFO - DAG(s) 'dag_triage_filter' retrieved from /opt/airflow/dags/01_triaje_script.py
[2026-10-01T11:21:00.296+0000] {logging_mixin.py:190} INFO - [2026-10-01T11:21:00.296+0000] {dag.py:3239} INFO - Sync 1 DAGs
[2026-10-01T11:21:00.311+0000] {logging_mixin.py:190} INFO - [2026-10-01T11:21:00.311+0000] {dag.py:4180} INFO - Setting next_dagrun for dag_triage_filter to None, run_after=None
[2026-10-01T11:21:00.329+0000] {processor.py:208} INFO - Processing /opt/airflow/dags/01_triaje_script.py took 0.718 seconds
[2026-10-01T11:21:30.724+0000] {processor.py:186} INFO - Started process (PID=986) to work on /opt/airflow/dags/01_triaje_script.py
[2026-10-01T11:21:30.726+0000] {processor.py:914} INFO - Processing file /opt/airflow/dags/01_triaje_script.py for tasks to queue
[2026-10-01T11:21:30.728+0000] {logging_mixin.py:190} INFO - [2026-10-01T11:21:30.728+0000] {dagbag.py:588} INFO - Filling up the DagBag from /opt/airflow/dags/01_triaje_script.py
[2026-10-01T11:21:31.367+0000] {processor.py:925} INFO - DAG(s) 'dag_triage_filter' retrieved from /opt/airflow/dags/01_triaje_script.py
[2026-10-01T11:21:31.393+0000] {logging_mixin.py:190} INFO - [2026-10-01T11:21:31.391+0000] {dag.py:3239} INFO - Sync 1 DAGs
[2026-10-01T11:21:31.406+0000] {logging_mixin.py:190} INFO - [2026-10-01T11:21:31.406+0000] {dag.py:4180} INFO - Setting next_dagrun for dag_triage_filter to None, run_after=None
[2026-10-01T11:21:31.427+0000] {processor.py:208} INFO - Processing /opt/airflow/dags/01_triaje_script.py took 0.709 seconds
[2026-10-01T11:22:01.698+0000] {processor.py:186} INFO - Started process (PID=1003) to work on /opt/airflow/dags/01_triaje_script.py
[2026-10-01T11:22:01.701+0000] {processor.py:914} INFO - Processing file /opt/airflow/dags/01_triaje_script.py for tasks to queue
[2026-10-01T11:22:01.706+0000] {logging_mixin.py:190} INFO - [2026-10-01T11:22:01.705+0000] {dagbag.py:588} INFO - Filling up the DagBag from /opt/airflow/dags/01_triaje_script.py
[2026-10-01T11:22:02.382+0000] {processor.py:925} INFO - DAG(s) 'dag_triage_filter' retrieved from /opt/airflow/dags/01_triaje_script.py
[2026-10-01T11:22:02.409+0000] {logging_mixin.py:190} INFO - [2026-10-01T11:22:02.409+0000] {dag.py:3239} INFO - Sync 1 DAGs
[2026-10-01T11:22:02.423+0000] {logging_mixin.py:190} INFO - [2026-10-01T11:22:02.423+0000] {dag.py:4180} INFO - Setting next_dagrun for dag_triage_filter to None, run_after=None
[2026-10-01T11:22:02.440+0000] {processor.py:208} INFO - Processing /opt/airflow/dags/01_triaje_script.py took 0.751 seconds
[2026-10-01T11:22:33.020+0000] {processor.py:186} INFO - Started process (PID=1020) to work on /opt/airflow/dags/01_triaje_script.py
[2026-10-01T11:22:33.029+0000] {processor.py:914} INFO - Processing file /opt/airflow/dags/01_triaje_script.py for tasks to queue
[2026-10-01T11:22:33.037+0000] {logging_mixin.py:190} INFO - [2026-10-01T11:22:33.036+0000] {dagbag.py:588} INFO - Filling up the DagBag from /opt/airflow/dags/01_triaje_script.py
[2026-10-01T11:22:33.800+0000] {processor.py:925} INFO - DAG(s) 'dag_triage_filter' retrieved from /opt/airflow/dags/01_triaje_script.py
[2026-10-01T11:22:33.836+0000] {logging_mixin.py:190} INFO - [2026-10-01T11:22:33.835+0000] {dag.py:3239} INFO - Sync 1 DAGs
[2026-10-01T11:22:33.860+0000] {logging_mixin.py:190} INFO - [2026-10-01T11:22:33.859+0000] {dag.py:4180} INFO - Setting next_dagrun for dag_triage_filter to None, run_after=None
[2026-10-01T11:22:33.898+0000] {processor.py:208} INFO - Processing /opt/airflow/dags/01_triaje_script.py took 0.887 seconds
[2026-10-01T11:23:04.357+0000] {processor.py:186} INFO - Started process (PID=1037) to work on /opt/airflow/dags/01_triaje_script.py
[2026-10-01T11:23:04.362+0000] {processor.py:914} INFO - Processing file /opt/airflow/dags/01_triaje_script.py for tasks to queue
[2026-10-01T11:23:04.367+0000] {logging_mixin.py:190} INFO - [2026-10-01T11:23:04.366+0000] {dagbag.py:588} INFO - Filling up the DagBag from /opt/airflow/dags/01_triaje_script.py
[2026-10-01T11:23:05.205+0000] {processor.py:925} INFO - DAG(s) 'dag_triage_filter' retrieved from /opt/airflow/dags/01_triaje_script.py
[2026-10-01T11:23:05.233+0000] {logging_mixin.py:190} INFO - [2026-10-01T11:23:05.232+0000] {dag.py:3239} INFO - Sync 1 DAGs
[2026-10-01T11:23:05.250+0000] {logging_mixin.py:190} INFO - [2026-10-01T11:23:05.249+0000] {dag.py:4180} INFO - Setting next_dagrun for dag_triage_filter to None, run_after=None
[2026-10-01T11:23:05.271+0000] {processor.py:208} INFO - Processing /opt/airflow/dags/01_triaje_script.py took 0.925 seconds
[2026-10-01T11:23:35.910+0000] {processor.py:186} INFO - Started process (PID=1054) to work on /opt/airflow/dags/01_triaje_script.py
[2026-10-01T11:23:35.916+0000] {processor.py:914} INFO - Processing file /opt/airflow/dags/01_triaje_script.py for tasks to queue
[2026-10-01T11:23:35.921+0000] {logging_mixin.py:190} INFO - [2026-10-01T11:23:35.921+0000] {dagbag.py:588} INFO - Filling up the DagBag from /opt/airflow/dags/01_triaje_script.py
[2026-10-01T11:23:36.669+0000] {processor.py:925} INFO - DAG(s) 'dag_triage_filter' retrieved from /opt/airflow/dags/01_triaje_script.py
[2026-10-01T11:23:36.697+0000] {logging_mixin.py:190} INFO - [2026-10-01T11:23:36.696+0000] {dag.py:3239} INFO - Sync 1 DAGs
[2026-10-01T11:23:36.714+0000] {logging_mixin.py:190} INFO - [2026-10-01T11:23:36.714+0000] {dag.py:4180} INFO - Setting next_dagrun for dag_triage_filter to None, run_after=None
[2026-10-01T11:23:36.746+0000] {processor.py:208} INFO - Processing /opt/airflow/dags/01_triaje_script.py took 0.845 seconds
[2026-10-01T11:24:07.256+0000] {processor.py:186} INFO - Started process (PID=1071) to work on /opt/airflow/dags/01_triaje_script.py
[2026-10-01T11:24:07.262+0000] {processor.py:914} INFO - Processing file /opt/airflow/dags/01_triaje_script.py for tasks to queue
[2026-10-01T11:24:07.267+0000] {logging_mixin.py:190} INFO - [2026-10-01T11:24:07.266+0000] {dagbag.py:588} INFO - Filling up the DagBag from /opt/airflow/dags/01_triaje_script.py
[2026-10-01T11:24:08.065+0000] {processor.py:925} INFO - DAG(s) 'dag_triage_filter' retrieved from /opt/airflow/dags/01_triaje_script.py
[2026-10-01T11:24:08.094+0000] {logging_mixin.py:190} INFO - [2026-10-01T11:24:08.093+0000] {dag.py:3239} INFO - Sync 1 DAGs
[2026-10-01T11:24:08.111+0000] {logging_mixin.py:190} INFO - [2026-10-01T11:24:08.111+0000] {dag.py:4180} INFO - Setting next_dagrun for dag_triage_filter to None, run_after=None
[2026-10-01T11:24:08.132+0000] {processor.py:208} INFO - Processing /opt/airflow/dags/01_triaje_script.py took 0.887 seconds
[2026-10-01T11:24:38.743+0000] {processor.py:186} INFO - Started process (PID=1088) to work on /opt/airflow/dags/01_triaje_script.py
[2026-10-01T11:24:38.747+0000] {processor.py:914} INFO - Processing file /opt/airflow/dags/01_triaje_script.py for tasks to queue
[2026-10-01T11:24:38.751+0000] {logging_mixin.py:190} INFO - [2026-10-01T11:24:38.750+0000] {dagbag.py:588} INFO - Filling up the DagBag from /opt/airflow/dags/01_triaje_script.py
[2026-10-01T11:24:39.499+0000] {processor.py:925} INFO - DAG(s) 'dag_triage_filter' retrieved from /opt/airflow/dags/01_triaje_script.py
[2026-10-01T11:24:39.528+0000] {logging_mixin.py:190} INFO - [2026-10-01T11:24:39.528+0000] {dag.py:3239} INFO - Sync 1 DAGs
[2026-10-01T11:24:39.546+0000] {logging_mixin.py:190} INFO - [2026-10-01T11:24:39.546+0000] {dag.py:4180} INFO - Setting next_dagrun for dag_triage_filter to None, run_after=None
[2026-10-01T11:24:39.567+0000] {processor.py:208} INFO - Processing /opt/airflow/dags/01_triaje_script.py took 0.834 seconds
[2026-10-01T11:25:10.032+0000] {processor.py:186} INFO - Started process (PID=1105) to work on /opt/airflow/dags/01_triaje_script.py
[2026-10-01T11:25:10.036+0000] {processor.py:914} INFO - Processing file /opt/airflow/dags/01_triaje_script.py for tasks to queue
[2026-10-01T11:25:10.038+0000] {logging_mixin.py:190} INFO - [2026-10-01T11:25:10.038+0000] {dagbag.py:588} INFO - Filling up the DagBag from /opt/airflow/dags/01_triaje_script.py
[2026-10-01T11:25:10.765+0000] {processor.py:925} INFO - DAG(s) 'dag_triage_filter' retrieved from /opt/airflow/dags/01_triaje_script.py
[2026-10-01T11:25:10.792+0000] {logging_mixin.py:190} INFO - [2026-10-01T11:25:10.791+0000] {dag.py:3239} INFO - Sync 1 DAGs
[2026-10-01T11:25:10.807+0000] {logging_mixin.py:190} INFO - [2026-10-01T11:25:10.807+0000] {dag.py:4180} INFO - Setting next_dagrun for dag_triage_filter to None, run_after=None
[2026-10-01T11:25:10.825+0000] {processor.py:208} INFO - Processing /opt/airflow/dags/01_triaje_script.py took 0.803 seconds
[2026-10-01T11:25:41.253+0000] {processor.py:186} INFO - Started process (PID=1122) to work on /opt/airflow/dags/01_triaje_script.py
[2026-10-01T11:25:41.256+0000] {processor.py:914} INFO - Processing file /opt/airflow/dags/01_triaje_script.py for tasks to queue
[2026-10-01T11:25:41.260+0000] {logging_mixin.py:190} INFO - [2026-10-01T11:25:41.259+0000] {dagbag.py:588} INFO - Filling up the DagBag from /opt/airflow/dags/01_triaje_script.py
[2026-10-01T11:25:41.995+0000] {processor.py:925} INFO - DAG(s) 'dag_triage_filter' retrieved from /opt/airflow/dags/01_triaje_script.py
[2026-10-01T11:25:42.020+0000] {logging_mixin.py:190} INFO - [2026-10-01T11:25:42.020+0000] {dag.py:3239} INFO - Sync 1 DAGs
[2026-10-01T11:25:42.034+0000] {logging_mixin.py:190} INFO - [2026-10-01T11:25:42.033+0000] {dag.py:4180} INFO - Setting next_dagrun for dag_triage_filter to None, run_after=None
[2026-10-01T11:25:42.052+0000] {processor.py:208} INFO - Processing /opt/airflow/dags/01_triaje_script.py took 0.804 seconds
[2026-10-01T11:26:12.493+0000] {processor.py:186} INFO - Started process (PID=1139) to work on /opt/airflow/dags/01_triaje_script.py
[2026-10-01T11:26:12.499+0000] {processor.py:914} INFO - Processing file /opt/airflow/dags/01_triaje_script.py for tasks to queue
[2026-10-01T11:26:12.505+0000] {logging_mixin.py:190} INFO - [2026-10-01T11:26:12.504+0000] {dagbag.py:588} INFO - Filling up the DagBag from /opt/airflow/dags/01_triaje_script.py
[2026-10-01T11:26:13.190+0000] {processor.py:925} INFO - DAG(s) 'dag_triage_filter' retrieved from /opt/airflow/dags/01_triaje_script.py
[2026-10-01T11:26:13.217+0000] {logging_mixin.py:190} INFO - [2026-10-01T11:26:13.216+0000] {dag.py:3239} INFO - Sync 1 DAGs
[2026-10-01T11:26:13.234+0000] {logging_mixin.py:190} INFO - [2026-10-01T11:26:13.234+0000] {dag.py:4180} INFO - Setting next_dagrun for dag_triage_filter to None, run_after=None
[2026-10-01T11:26:13.253+0000] {processor.py:208} INFO - Processing /opt/airflow/dags/01_triaje_script.py took 0.770 seconds
[2026-10-01T11:26:43.707+0000] {processor.py:186} INFO - Started process (PID=1156) to work on /opt/airflow/dags/01_triaje_script.py
[2026-10-01T11:26:43.710+0000] {processor.py:914} INFO - Processing file /opt/airflow/dags/01_triaje_script.py for tasks to queue
[2026-10-01T11:26:43.718+0000] {logging_mixin.py:190} INFO - [2026-10-01T11:26:43.717+0000] {dagbag.py:588} INFO - Filling up the DagBag from /opt/airflow/dags/01_triaje_script.py
[2026-10-01T11:26:44.500+0000] {processor.py:925} INFO - DAG(s) 'dag_triage_filter' retrieved from /opt/airflow/dags/01_triaje_script.py
[2026-10-01T11:26:44.527+0000] {logging_mixin.py:190} INFO - [2026-10-01T11:26:44.526+0000] {dag.py:3239} INFO - Sync 1 DAGs
[2026-10-01T11:26:44.543+0000] {logging_mixin.py:190} INFO - [2026-10-01T11:26:44.542+0000] {dag.py:4180} INFO - Setting next_dagrun for dag_triage_filter to None, run_after=None
[2026-10-01T11:26:44.560+0000] {processor.py:208} INFO - Processing /opt/airflow/dags/01_triaje_script.py took 0.866 seconds
[2026-10-01T11:27:14.621+0000] {processor.py:186} INFO - Started process (PID=1173) to work on /opt/airflow/dags/01_triaje_script.py
[2026-10-01T11:27:14.624+0000] {processor.py:914} INFO - Processing file /opt/airflow/dags/01_triaje_script.py for tasks to queue
[2026-10-01T11:27:14.627+0000] {logging_mixin.py:190} INFO - [2026-10-01T11:27:14.627+0000] {dagbag.py:588} INFO - Filling up the DagBag from /opt/airflow/dags/01_triaje_script.py
[2026-10-01T11:27:15.295+0000] {processor.py:925} INFO - DAG(s) 'dag_triage_filter' retrieved from /opt/airflow/dags/01_triaje_script.py
[2026-10-01T11:27:15.326+0000] {logging_mixin.py:190} INFO - [2026-10-01T11:27:15.325+0000] {dag.py:3239} INFO - Sync 1 DAGs
[2026-10-01T11:27:15.351+0000] {logging_mixin.py:190} INFO - [2026-10-01T11:27:15.351+0000] {dag.py:4180} INFO - Setting next_dagrun for dag_triage_filter to None, run_after=None
[2026-10-01T11:27:15.376+0000] {processor.py:208} INFO - Processing /opt/airflow/dags/01_triaje_script.py took 0.764 seconds
[2026-10-01T11:27:45.784+0000] {processor.py:186} INFO - Started process (PID=1190) to work on /opt/airflow/dags/01_triaje_script.py
[2026-10-01T11:27:45.788+0000] {processor.py:914} INFO - Processing file /opt/airflow/dags/01_triaje_script.py for tasks to queue
[2026-10-01T11:27:45.792+0000] {logging_mixin.py:190} INFO - [2026-10-01T11:27:45.792+0000] {dagbag.py:588} INFO - Filling up the DagBag from /opt/airflow/dags/01_triaje_script.py
[2026-10-01T11:27:46.436+0000] {processor.py:925} INFO - DAG(s) 'dag_triage_filter' retrieved from /opt/airflow/dags/01_triaje_script.py
[2026-10-01T11:27:46.461+0000] {logging_mixin.py:190} INFO - [2026-10-01T11:27:46.461+0000] {dag.py:3239} INFO - Sync 1 DAGs
[2026-10-01T11:27:46.476+0000] {logging_mixin.py:190} INFO - [2026-10-01T11:27:46.476+0000] {dag.py:4180} INFO - Setting next_dagrun for dag_triage_filter to None, run_after=None
[2026-10-01T11:27:46.494+0000] {processor.py:208} INFO - Processing /opt/airflow/dags/01_triaje_script.py took 0.719 seconds
[2026-10-01T11:28:16.857+0000] {processor.py:186} INFO - Started process (PID=1207) to work on /opt/airflow/dags/01_triaje_script.py
[2026-10-01T11:28:16.860+0000] {processor.py:914} INFO - Processing file /opt/airflow/dags/01_triaje_script.py for tasks to queue
[2026-10-01T11:28:16.865+0000] {logging_mixin.py:190} INFO - [2026-10-01T11:28:16.865+0000] {dagbag.py:588} INFO - Filling up the DagBag from /opt/airflow/dags/01_triaje_script.py
[2026-10-01T11:28:17.520+0000] {processor.py:925} INFO - DAG(s) 'dag_triage_filter' retrieved from /opt/airflow/dags/01_triaje_script.py
[2026-10-01T11:28:17.546+0000] {logging_mixin.py:190} INFO - [2026-10-01T11:28:17.545+0000] {dag.py:3239} INFO - Sync 1 DAGs
[2026-10-01T11:28:17.565+0000] {logging_mixin.py:190} INFO - [2026-10-01T11:28:17.565+0000] {dag.py:4180} INFO - Setting next_dagrun for dag_triage_filter to None, run_after=None
[2026-10-01T11:28:17.583+0000] {processor.py:208} INFO - Processing /opt/airflow/dags/01_triaje_script.py took 0.736 seconds
[2026-10-01T11:28:48.011+0000] {processor.py:186} INFO - Started process (PID=1224) to work on /opt/airflow/dags/01_triaje_script.py
[2026-10-01T11:28:48.013+0000] {processor.py:914} INFO - Processing file /opt/airflow/dags/01_triaje_script.py for tasks to queue
[2026-10-01T11:28:48.016+0000] {logging_mixin.py:190} INFO - [2026-10-01T11:28:48.015+0000] {dagbag.py:588} INFO - Filling up the DagBag from /opt/airflow/dags/01_triaje_script.py
[2026-10-01T11:28:48.687+0000] {processor.py:925} INFO - DAG(s) 'dag_triage_filter' retrieved from /opt/airflow/dags/01_triaje_script.py
[2026-10-01T11:28:48.712+0000] {logging_mixin.py:190} INFO - [2026-10-01T11:28:48.712+0000] {dag.py:3239} INFO - Sync 1 DAGs
[2026-10-01T11:28:48.728+0000] {logging_mixin.py:190} INFO - [2026-10-01T11:28:48.728+0000] {dag.py:4180} INFO - Setting next_dagrun for dag_triage_filter to None, run_after=None
[2026-10-01T11:28:48.752+0000] {processor.py:208} INFO - Processing /opt/airflow/dags/01_triaje_script.py took 0.749 seconds
[2026-10-01T11:29:19.161+0000] {processor.py:186} INFO - Started process (PID=1241) to work on /opt/airflow/dags/01_triaje_script.py
[2026-10-01T11:29:19.163+0000] {processor.py:914} INFO - Processing file /opt/airflow/dags/01_triaje_script.py for tasks to queue
[2026-10-01T11:29:19.167+0000] {logging_mixin.py:190} INFO - [2026-10-01T11:29:19.167+0000] {dagbag.py:588} INFO - Filling up the DagBag from /opt/airflow/dags/01_triaje_script.py
[2026-10-01T11:29:19.890+0000] {processor.py:925} INFO - DAG(s) 'dag_triage_filter' retrieved from /opt/airflow/dags/01_triaje_script.py
[2026-10-01T11:29:19.915+0000] {logging_mixin.py:190} INFO - [2026-10-01T11:29:19.914+0000] {dag.py:3239} INFO - Sync 1 DAGs
[2026-10-01T11:29:19.929+0000] {logging_mixin.py:190} INFO - [2026-10-01T11:29:19.929+0000] {dag.py:4180} INFO - Setting next_dagrun for dag_triage_filter to None, run_after=None
[2026-10-01T11:29:19.946+0000] {processor.py:208} INFO - Processing /opt/airflow/dags/01_triaje_script.py took 0.794 seconds
[2026-10-01T11:29:50.475+0000] {processor.py:186} INFO - Started process (PID=1258) to work on /opt/airflow/dags/01_triaje_script.py
[2026-10-01T11:29:50.477+0000] {processor.py:914} INFO - Processing file /opt/airflow/dags/01_triaje_script.py for tasks to queue
[2026-10-01T11:29:50.479+0000] {logging_mixin.py:190} INFO - [2026-10-01T11:29:50.479+0000] {dagbag.py:588} INFO - Filling up the DagBag from /opt/airflow/dags/01_triaje_script.py
[2026-10-01T11:29:51.170+0000] {processor.py:925} INFO - DAG(s) 'dag_triage_filter' retrieved from /opt/airflow/dags/01_triaje_script.py
[2026-10-01T11:29:51.196+0000] {logging_mixin.py:190} INFO - [2026-10-01T11:29:51.195+0000] {dag.py:3239} INFO - Sync 1 DAGs
[2026-10-01T11:29:51.212+0000] {logging_mixin.py:190} INFO - [2026-10-01T11:29:51.211+0000] {dag.py:4180} INFO - Setting next_dagrun for dag_triage_filter to None, run_after=None
[2026-10-01T11:29:51.232+0000] {processor.py:208} INFO - Processing /opt/airflow/dags/01_triaje_script.py took 0.766 seconds
[2026-10-01T11:30:21.651+0000] {processor.py:186} INFO - Started process (PID=1275) to work on /opt/airflow/dags/01_triaje_script.py
[2026-10-01T11:30:21.654+0000] {processor.py:914} INFO - Processing file /opt/airflow/dags/01_triaje_script.py for tasks to queue
[2026-10-01T11:30:21.657+0000] {logging_mixin.py:190} INFO - [2026-10-01T11:30:21.657+0000] {dagbag.py:588} INFO - Filling up the DagBag from /opt/airflow/dags/01_triaje_script.py
[2026-10-01T11:30:22.346+0000] {processor.py:925} INFO - DAG(s) 'dag_triage_filter' retrieved from /opt/airflow/dags/01_triaje_script.py
[2026-10-01T11:30:22.372+0000] {logging_mixin.py:190} INFO - [2026-10-01T11:30:22.372+0000] {dag.py:3239} INFO - Sync 1 DAGs
[2026-10-01T11:30:22.417+0000] {logging_mixin.py:190} INFO - [2026-10-01T11:30:22.416+0000] {dag.py:4180} INFO - Setting next_dagrun for dag_triage_filter to None, run_after=None
[2026-10-01T11:30:22.433+0000] {processor.py:208} INFO - Processing /opt/airflow/dags/01_triaje_script.py took 0.790 seconds
[2026-10-01T11:30:52.540+0000] {processor.py:186} INFO - Started process (PID=1292) to work on /opt/airflow/dags/01_triaje_script.py
[2026-10-01T11:30:52.541+0000] {processor.py:914} INFO - Processing file /opt/airflow/dags/01_triaje_script.py for tasks to queue
[2026-10-01T11:30:52.544+0000] {logging_mixin.py:190} INFO - [2026-10-01T11:30:52.544+0000] {dagbag.py:588} INFO - Filling up the DagBag from /opt/airflow/dags/01_triaje_script.py
[2026-10-01T11:30:53.261+0000] {processor.py:925} INFO - DAG(s) 'dag_triage_filter' retrieved from /opt/airflow/dags/01_triaje_script.py
[2026-10-01T11:30:53.309+0000] {logging_mixin.py:190} INFO - [2026-10-01T11:30:53.308+0000] {dag.py:3239} INFO - Sync 1 DAGs
[2026-10-01T11:30:53.336+0000] {logging_mixin.py:190} INFO - [2026-10-01T11:30:53.336+0000] {dag.py:4180} INFO - Setting next_dagrun for dag_triage_filter to None, run_after=None
[2026-10-01T11:30:53.367+0000] {processor.py:208} INFO - Processing /opt/airflow/dags/01_triaje_script.py took 0.834 seconds
[2026-10-01T11:31:23.784+0000] {processor.py:186} INFO - Started process (PID=1309) to work on /opt/airflow/dags/01_triaje_script.py
[2026-10-01T11:31:23.788+0000] {processor.py:914} INFO - Processing file /opt/airflow/dags/01_triaje_script.py for tasks to queue
[2026-10-01T11:31:23.791+0000] {logging_mixin.py:190} INFO - [2026-10-01T11:31:23.790+0000] {dagbag.py:588} INFO - Filling up the DagBag from /opt/airflow/dags/01_triaje_script.py
[2026-10-01T11:31:24.431+0000] {processor.py:925} INFO - DAG(s) 'dag_triage_filter' retrieved from /opt/airflow/dags/01_triaje_script.py
[2026-10-01T11:31:24.457+0000] {logging_mixin.py:190} INFO - [2026-10-01T11:31:24.457+0000] {dag.py:3239} INFO - Sync 1 DAGs
[2026-10-01T11:31:24.472+0000] {logging_mixin.py:190} INFO - [2026-10-01T11:31:24.471+0000] {dag.py:4180} INFO - Setting next_dagrun for dag_triage_filter to None, run_after=None
[2026-10-01T11:31:24.492+0000] {processor.py:208} INFO - Processing /opt/airflow/dags/01_triaje_script.py took 0.713 seconds
[2026-10-01T11:31:54.716+0000] {processor.py:186} INFO - Started process (PID=1326) to work on /opt/airflow/dags/01_triaje_script.py
[2026-10-01T11:31:54.718+0000] {processor.py:914} INFO - Processing file /opt/airflow/dags/01_triaje_script.py for tasks to queue
[2026-10-01T11:31:54.721+0000] {logging_mixin.py:190} INFO - [2026-10-01T11:31:54.720+0000] {dagbag.py:588} INFO - Filling up the DagBag from /opt/airflow/dags/01_triaje_script.py
[2026-10-01T11:31:55.462+0000] {processor.py:925} INFO - DAG(s) 'dag_triage_filter' retrieved from /opt/airflow/dags/01_triaje_script.py
[2026-10-01T11:31:55.488+0000] {logging_mixin.py:190} INFO - [2026-10-01T11:31:55.488+0000] {dag.py:3239} INFO - Sync 1 DAGs
[2026-10-01T11:31:55.504+0000] {logging_mixin.py:190} INFO - [2026-10-01T11:31:55.504+0000] {dag.py:4180} INFO - Setting next_dagrun for dag_triage_filter to None, run_after=None
[2026-10-01T11:31:55.524+0000] {processor.py:208} INFO - Processing /opt/airflow/dags/01_triaje_script.py took 0.815 seconds
[2026-10-01T11:32:26.004+0000] {processor.py:186} INFO - Started process (PID=1343) to work on /opt/airflow/dags/01_triaje_script.py
[2026-10-01T11:32:26.006+0000] {processor.py:914} INFO - Processing file /opt/airflow/dags/01_triaje_script.py for tasks to queue
[2026-10-01T11:32:26.012+0000] {logging_mixin.py:190} INFO - [2026-10-01T11:32:26.012+0000] {dagbag.py:588} INFO - Filling up the DagBag from /opt/airflow/dags/01_triaje_script.py
[2026-10-01T11:32:26.750+0000] {processor.py:925} INFO - DAG(s) 'dag_triage_filter' retrieved from /opt/airflow/dags/01_triaje_script.py
[2026-10-01T11:32:26.778+0000] {logging_mixin.py:190} INFO - [2026-10-01T11:32:26.777+0000] {dag.py:3239} INFO - Sync 1 DAGs
[2026-10-01T11:32:26.797+0000] {logging_mixin.py:190} INFO - [2026-10-01T11:32:26.796+0000] {dag.py:4180} INFO - Setting next_dagrun for dag_triage_filter to None, run_after=None
[2026-10-01T11:32:26.834+0000] {processor.py:208} INFO - Processing /opt/airflow/dags/01_triaje_script.py took 0.835 seconds
[2026-10-01T11:32:57.317+0000] {processor.py:186} INFO - Started process (PID=1360) to work on /opt/airflow/dags/01_triaje_script.py
[2026-10-01T11:32:57.319+0000] {processor.py:914} INFO - Processing file /opt/airflow/dags/01_triaje_script.py for tasks to queue
[2026-10-01T11:32:57.322+0000] {logging_mixin.py:190} INFO - [2026-10-01T11:32:57.322+0000] {dagbag.py:588} INFO - Filling up the DagBag from /opt/airflow/dags/01_triaje_script.py
[2026-10-01T11:32:58.005+0000] {processor.py:925} INFO - DAG(s) 'dag_triage_filter' retrieved from /opt/airflow/dags/01_triaje_script.py
[2026-10-01T11:32:58.040+0000] {logging_mixin.py:190} INFO - [2026-10-01T11:32:58.039+0000] {dag.py:3239} INFO - Sync 1 DAGs
[2026-10-01T11:32:58.054+0000] {logging_mixin.py:190} INFO - [2026-10-01T11:32:58.054+0000] {dag.py:4180} INFO - Setting next_dagrun for dag_triage_filter to None, run_after=None
[2026-10-01T11:32:58.071+0000] {processor.py:208} INFO - Processing /opt/airflow/dags/01_triaje_script.py took 0.765 seconds
[2026-10-01T11:33:28.768+0000] {processor.py:186} INFO - Started process (PID=1377) to work on /opt/airflow/dags/01_triaje_script.py
[2026-10-01T11:33:28.771+0000] {processor.py:914} INFO - Processing file /opt/airflow/dags/01_triaje_script.py for tasks to queue
[2026-10-01T11:33:28.777+0000] {logging_mixin.py:190} INFO - [2026-10-01T11:33:28.777+0000] {dagbag.py:588} INFO - Filling up the DagBag from /opt/airflow/dags/01_triaje_script.py
[2026-10-01T11:33:29.511+0000] {processor.py:925} INFO - DAG(s) 'dag_triage_filter' retrieved from /opt/airflow/dags/01_triaje_script.py
[2026-10-01T11:33:29.537+0000] {logging_mixin.py:190} INFO - [2026-10-01T11:33:29.536+0000] {dag.py:3239} INFO - Sync 1 DAGs
[2026-10-01T11:33:29.555+0000] {logging_mixin.py:190} INFO - [2026-10-01T11:33:29.555+0000] {dag.py:4180} INFO - Setting next_dagrun for dag_triage_filter to None, run_after=None
[2026-10-01T11:33:29.579+0000] {processor.py:208} INFO - Processing /opt/airflow/dags/01_triaje_script.py took 0.820 seconds
[2026-10-01T11:33:59.975+0000] {processor.py:186} INFO - Started process (PID=1394) to work on /opt/airflow/dags/01_triaje_script.py
[2026-10-01T11:33:59.978+0000] {processor.py:914} INFO - Processing file /opt/airflow/dags/01_triaje_script.py for tasks to queue
[2026-10-01T11:33:59.985+0000] {logging_mixin.py:190} INFO - [2026-10-01T11:33:59.984+0000] {dagbag.py:588} INFO - Filling up the DagBag from /opt/airflow/dags/01_triaje_script.py
[2026-10-01T11:34:00.703+0000] {processor.py:925} INFO - DAG(s) 'dag_triage_filter' retrieved from /opt/airflow/dags/01_triaje_script.py
[2026-10-01T11:34:00.730+0000] {logging_mixin.py:190} INFO - [2026-10-01T11:34:00.730+0000] {dag.py:3239} INFO - Sync 1 DAGs
[2026-10-01T11:34:00.745+0000] {logging_mixin.py:190} INFO - [2026-10-01T11:34:00.745+0000] {dag.py:4180} INFO - Setting next_dagrun for dag_triage_filter to None, run_after=None
[2026-10-01T11:34:00.765+0000] {processor.py:208} INFO - Processing /opt/airflow/dags/01_triaje_script.py took 0.799 seconds
[2026-10-01T11:34:31.212+0000] {processor.py:186} INFO - Started process (PID=1411) to work on /opt/airflow/dags/01_triaje_script.py
[2026-10-01T11:34:31.216+0000] {processor.py:914} INFO - Processing file /opt/airflow/dags/01_triaje_script.py for tasks to queue
[2026-10-01T11:34:31.220+0000] {logging_mixin.py:190} INFO - [2026-10-01T11:34:31.219+0000] {dagbag.py:588} INFO - Filling up the DagBag from /opt/airflow/dags/01_triaje_script.py
[2026-10-01T11:34:31.917+0000] {processor.py:925} INFO - DAG(s) 'dag_triage_filter' retrieved from /opt/airflow/dags/01_triaje_script.py
[2026-10-01T11:34:31.942+0000] {logging_mixin.py:190} INFO - [2026-10-01T11:34:31.942+0000] {dag.py:3239} INFO - Sync 1 DAGs
[2026-10-01T11:34:31.958+0000] {logging_mixin.py:190} INFO - [2026-10-01T11:34:31.958+0000] {dag.py:4180} INFO - Setting next_dagrun for dag_triage_filter to None, run_after=None
[2026-10-01T11:34:31.980+0000] {processor.py:208} INFO - Processing /opt/airflow/dags/01_triaje_script.py took 0.779 seconds
[2026-10-01T11:35:02.052+0000] {processor.py:186} INFO - Started process (PID=1428) to work on /opt/airflow/dags/01_triaje_script.py
[2026-10-01T11:35:02.058+0000] {processor.py:914} INFO - Processing file /opt/airflow/dags/01_triaje_script.py for tasks to queue
[2026-10-01T11:35:02.064+0000] {logging_mixin.py:190} INFO - [2026-10-01T11:35:02.063+0000] {dagbag.py:588} INFO - Filling up the DagBag from /opt/airflow/dags/01_triaje_script.py
[2026-10-01T11:35:02.789+0000] {processor.py:925} INFO - DAG(s) 'dag_triage_filter' retrieved from /opt/airflow/dags/01_triaje_script.py
[2026-10-01T11:35:02.816+0000] {logging_mixin.py:190} INFO - [2026-10-01T11:35:02.816+0000] {dag.py:3239} INFO - Sync 1 DAGs
[2026-10-01T11:35:02.833+0000] {logging_mixin.py:190} INFO - [2026-10-01T11:35:02.833+0000] {dag.py:4180} INFO - Setting next_dagrun for dag_triage_filter to None, run_after=None
[2026-10-01T11:35:02.854+0000] {processor.py:208} INFO - Processing /opt/airflow/dags/01_triaje_script.py took 0.811 seconds
[2026-10-01T11:35:33.253+0000] {processor.py:186} INFO - Started process (PID=1445) to work on /opt/airflow/dags/01_triaje_script.py
[2026-10-01T11:35:33.257+0000] {processor.py:914} INFO - Processing file /opt/airflow/dags/01_triaje_script.py for tasks to queue
[2026-10-01T11:35:33.260+0000] {logging_mixin.py:190} INFO - [2026-10-01T11:35:33.259+0000] {dagbag.py:588} INFO - Filling up the DagBag from /opt/airflow/dags/01_triaje_script.py
[2026-10-01T11:35:33.922+0000] {processor.py:925} INFO - DAG(s) 'dag_triage_filter' retrieved from /opt/airflow/dags/01_triaje_script.py
[2026-10-01T11:35:33.946+0000] {logging_mixin.py:190} INFO - [2026-10-01T11:35:33.946+0000] {dag.py:3239} INFO - Sync 1 DAGs
[2026-10-01T11:35:33.961+0000] {logging_mixin.py:190} INFO - [2026-10-01T11:35:33.960+0000] {dag.py:4180} INFO - Setting next_dagrun for dag_triage_filter to None, run_after=None
[2026-10-01T11:35:33.978+0000] {processor.py:208} INFO - Processing /opt/airflow/dags/01_triaje_script.py took 0.734 seconds
[2026-10-01T11:36:04.461+0000] {processor.py:186} INFO - Started process (PID=1462) to work on /opt/airflow/dags/01_triaje_script.py
[2026-10-01T11:36:04.467+0000] {processor.py:914} INFO - Processing file /opt/airflow/dags/01_triaje_script.py for tasks to queue
[2026-10-01T11:36:04.476+0000] {logging_mixin.py:190} INFO - [2026-10-01T11:36:04.475+0000] {dagbag.py:588} INFO - Filling up the DagBag from /opt/airflow/dags/01_triaje_script.py
[2026-10-01T11:36:05.326+0000] {processor.py:925} INFO - DAG(s) 'dag_triage_filter' retrieved from /opt/airflow/dags/01_triaje_script.py
[2026-10-01T11:36:05.355+0000] {logging_mixin.py:190} INFO - [2026-10-01T11:36:05.354+0000] {dag.py:3239} INFO - Sync 1 DAGs
[2026-10-01T11:36:05.370+0000] {logging_mixin.py:190} INFO - [2026-10-01T11:36:05.369+0000] {dag.py:4180} INFO - Setting next_dagrun for dag_triage_filter to None, run_after=None
[2026-10-01T11:36:05.388+0000] {processor.py:208} INFO - Processing /opt/airflow/dags/01_triaje_script.py took 0.939 seconds
[2026-10-01T11:36:35.905+0000] {processor.py:186} INFO - Started process (PID=1479) to work on /opt/airflow/dags/01_triaje_script.py
[2026-10-01T11:36:35.922+0000] {processor.py:914} INFO - Processing file /opt/airflow/dags/01_triaje_script.py for tasks to queue
[2026-10-01T11:36:35.934+0000] {logging_mixin.py:190} INFO - [2026-10-01T11:36:35.933+0000] {dagbag.py:588} INFO - Filling up the DagBag from /opt/airflow/dags/01_triaje_script.py
[2026-10-01T11:36:36.854+0000] {processor.py:925} INFO - DAG(s) 'dag_triage_filter' retrieved from /opt/airflow/dags/01_triaje_script.py
[2026-10-01T11:36:36.901+0000] {logging_mixin.py:190} INFO - [2026-10-01T11:36:36.900+0000] {dag.py:3239} INFO - Sync 1 DAGs
[2026-10-01T11:36:36.929+0000] {logging_mixin.py:190} INFO - [2026-10-01T11:36:36.929+0000] {dag.py:4180} INFO - Setting next_dagrun for dag_triage_filter to None, run_after=None
[2026-10-01T11:36:36.962+0000] {processor.py:208} INFO - Processing /opt/airflow/dags/01_triaje_script.py took 1.067 seconds
[2026-10-01T11:37:07.355+0000] {processor.py:186} INFO - Started process (PID=1496) to work on /opt/airflow/dags/01_triaje_script.py
[2026-10-01T11:37:07.360+0000] {processor.py:914} INFO - Processing file /opt/airflow/dags/01_triaje_script.py for tasks to queue
[2026-10-01T11:37:07.365+0000] {logging_mixin.py:190} INFO - [2026-10-01T11:37:07.364+0000] {dagbag.py:588} INFO - Filling up the DagBag from /opt/airflow/dags/01_triaje_script.py
[2026-10-01T11:37:08.172+0000] {processor.py:925} INFO - DAG(s) 'dag_triage_filter' retrieved from /opt/airflow/dags/01_triaje_script.py
[2026-10-01T11:37:08.199+0000] {logging_mixin.py:190} INFO - [2026-10-01T11:37:08.199+0000] {dag.py:3239} INFO - Sync 1 DAGs
[2026-10-01T11:37:08.222+0000] {logging_mixin.py:190} INFO - [2026-10-01T11:37:08.221+0000] {dag.py:4180} INFO - Setting next_dagrun for dag_triage_filter to None, run_after=None
[2026-10-01T11:37:08.240+0000] {processor.py:208} INFO - Processing /opt/airflow/dags/01_triaje_script.py took 0.894 seconds
[2026-10-01T11:37:38.753+0000] {processor.py:186} INFO - Started process (PID=1513) to work on /opt/airflow/dags/01_triaje_script.py
[2026-10-01T11:37:38.759+0000] {processor.py:914} INFO - Processing file /opt/airflow/dags/01_triaje_script.py for tasks to queue
[2026-10-01T11:37:38.763+0000] {logging_mixin.py:190} INFO - [2026-10-01T11:37:38.763+0000] {dagbag.py:588} INFO - Filling up the DagBag from /opt/airflow/dags/01_triaje_script.py
[2026-10-01T11:37:39.608+0000] {processor.py:925} INFO - DAG(s) 'dag_triage_filter' retrieved from /opt/airflow/dags/01_triaje_script.py
[2026-10-01T11:37:39.638+0000] {logging_mixin.py:190} INFO - [2026-10-01T11:37:39.637+0000] {dag.py:3239} INFO - Sync 1 DAGs
[2026-10-01T11:37:39.655+0000] {logging_mixin.py:190} INFO - [2026-10-01T11:37:39.655+0000] {dag.py:4180} INFO - Setting next_dagrun for dag_triage_filter to None, run_after=None
[2026-10-01T11:37:39.682+0000] {processor.py:208} INFO - Processing /opt/airflow/dags/01_triaje_script.py took 0.941 seconds
[2026-10-01T11:38:10.327+0000] {processor.py:186} INFO - Started process (PID=1530) to work on /opt/airflow/dags/01_triaje_script.py
[2026-10-01T11:38:10.338+0000] {processor.py:914} INFO - Processing file /opt/airflow/dags/01_triaje_script.py for tasks to queue
[2026-10-01T11:38:10.348+0000] {logging_mixin.py:190} INFO - [2026-10-01T11:38:10.347+0000] {dagbag.py:588} INFO - Filling up the DagBag from /opt/airflow/dags/01_triaje_script.py
[2026-10-01T11:38:11.241+0000] {processor.py:925} INFO - DAG(s) 'dag_triage_filter' retrieved from /opt/airflow/dags/01_triaje_script.py
[2026-10-01T11:38:11.271+0000] {logging_mixin.py:190} INFO - [2026-10-01T11:38:11.270+0000] {dag.py:3239} INFO - Sync 1 DAGs
[2026-10-01T11:38:11.334+0000] {logging_mixin.py:190} INFO - [2026-10-01T11:38:11.334+0000] {dag.py:4180} INFO - Setting next_dagrun for dag_triage_filter to None, run_after=None
[2026-10-01T11:38:11.361+0000] {processor.py:208} INFO - Processing /opt/airflow/dags/01_triaje_script.py took 1.046 seconds
[2026-10-01T11:38:41.976+0000] {processor.py:186} INFO - Started process (PID=1547) to work on /opt/airflow/dags/01_triaje_script.py
[2026-10-01T11:38:41.986+0000] {processor.py:914} INFO - Processing file /opt/airflow/dags/01_triaje_script.py for tasks to queue
[2026-10-01T11:38:41.991+0000] {logging_mixin.py:190} INFO - [2026-10-01T11:38:41.991+0000] {dagbag.py:588} INFO - Filling up the DagBag from /opt/airflow/dags/01_triaje_script.py
[2026-10-01T11:38:42.722+0000] {processor.py:925} INFO - DAG(s) 'dag_triage_filter' retrieved from /opt/airflow/dags/01_triaje_script.py
[2026-10-01T11:38:42.750+0000] {logging_mixin.py:190} INFO - [2026-10-01T11:38:42.750+0000] {dag.py:3239} INFO - Sync 1 DAGs
[2026-10-01T11:38:42.765+0000] {logging_mixin.py:190} INFO - [2026-10-01T11:38:42.765+0000] {dag.py:4180} INFO - Setting next_dagrun for dag_triage_filter to None, run_after=None
[2026-10-01T11:38:42.784+0000] {processor.py:208} INFO - Processing /opt/airflow/dags/01_triaje_script.py took 0.813 seconds
[2026-10-01T11:39:13.257+0000] {processor.py:186} INFO - Started process (PID=1564) to work on /opt/airflow/dags/01_triaje_script.py
[2026-10-01T11:39:13.260+0000] {processor.py:914} INFO - Processing file /opt/airflow/dags/01_triaje_script.py for tasks to queue
[2026-10-01T11:39:13.264+0000] {logging_mixin.py:190} INFO - [2026-10-01T11:39:13.263+0000] {dagbag.py:588} INFO - Filling up the DagBag from /opt/airflow/dags/01_triaje_script.py
[2026-10-01T11:39:13.976+0000] {processor.py:925} INFO - DAG(s) 'dag_triage_filter' retrieved from /opt/airflow/dags/01_triaje_script.py
[2026-10-01T11:39:14.011+0000] {logging_mixin.py:190} INFO - [2026-10-01T11:39:14.010+0000] {dag.py:3239} INFO - Sync 1 DAGs
[2026-10-01T11:39:14.031+0000] {logging_mixin.py:190} INFO - [2026-10-01T11:39:14.030+0000] {dag.py:4180} INFO - Setting next_dagrun for dag_triage_filter to None, run_after=None
[2026-10-01T11:39:14.075+0000] {processor.py:208} INFO - Processing /opt/airflow/dags/01_triaje_script.py took 0.828 seconds
[2026-10-01T11:39:44.553+0000] {processor.py:186} INFO - Started process (PID=1581) to work on /opt/airflow/dags/01_triaje_script.py
[2026-10-01T11:39:44.556+0000] {processor.py:914} INFO - Processing file /opt/airflow/dags/01_triaje_script.py for tasks to queue
[2026-10-01T11:39:44.559+0000] {logging_mixin.py:190} INFO - [2026-10-01T11:39:44.559+0000] {dagbag.py:588} INFO - Filling up the DagBag from /opt/airflow/dags/01_triaje_script.py
[2026-10-01T11:39:45.210+0000] {processor.py:925} INFO - DAG(s) 'dag_triage_filter' retrieved from /opt/airflow/dags/01_triaje_script.py
[2026-10-01T11:39:45.245+0000] {logging_mixin.py:190} INFO - [2026-10-01T11:39:45.244+0000] {dag.py:3239} INFO - Sync 1 DAGs
[2026-10-01T11:39:45.264+0000] {logging_mixin.py:190} INFO - [2026-10-01T11:39:45.264+0000] {dag.py:4180} INFO - Setting next_dagrun for dag_triage_filter to None, run_after=None
[2026-10-01T11:39:45.291+0000] {processor.py:208} INFO - Processing /opt/airflow/dags/01_triaje_script.py took 0.744 seconds
[2026-10-01T11:40:15.726+0000] {processor.py:186} INFO - Started process (PID=1598) to work on /opt/airflow/dags/01_triaje_script.py
[2026-10-01T11:40:15.729+0000] {processor.py:914} INFO - Processing file /opt/airflow/dags/01_triaje_script.py for tasks to queue
[2026-10-01T11:40:15.731+0000] {logging_mixin.py:190} INFO - [2026-10-01T11:40:15.731+0000] {dagbag.py:588} INFO - Filling up the DagBag from /opt/airflow/dags/01_triaje_script.py
[2026-10-01T11:40:16.459+0000] {processor.py:925} INFO - DAG(s) 'dag_triage_filter' retrieved from /opt/airflow/dags/01_triaje_script.py
[2026-10-01T11:40:16.492+0000] {logging_mixin.py:190} INFO - [2026-10-01T11:40:16.492+0000] {dag.py:3239} INFO - Sync 1 DAGs
[2026-10-01T11:40:16.508+0000] {logging_mixin.py:190} INFO - [2026-10-01T11:40:16.508+0000] {dag.py:4180} INFO - Setting next_dagrun for dag_triage_filter to None, run_after=None
[2026-10-01T11:40:16.532+0000] {processor.py:208} INFO - Processing /opt/airflow/dags/01_triaje_script.py took 0.816 seconds
[2026-10-01T11:40:46.967+0000] {processor.py:186} INFO - Started process (PID=1615) to work on /opt/airflow/dags/01_triaje_script.py
[2026-10-01T11:40:46.971+0000] {processor.py:914} INFO - Processing file /opt/airflow/dags/01_triaje_script.py for tasks to queue
[2026-10-01T11:40:46.974+0000] {logging_mixin.py:190} INFO - [2026-10-01T11:40:46.973+0000] {dagbag.py:588} INFO - Filling up the DagBag from /opt/airflow/dags/01_triaje_script.py
[2026-10-01T11:40:47.740+0000] {processor.py:925} INFO - DAG(s) 'dag_triage_filter' retrieved from /opt/airflow/dags/01_triaje_script.py
[2026-10-01T11:40:47.768+0000] {logging_mixin.py:190} INFO - [2026-10-01T11:40:47.767+0000] {dag.py:3239} INFO - Sync 1 DAGs
[2026-10-01T11:40:47.799+0000] {logging_mixin.py:190} INFO - [2026-10-01T11:40:47.798+0000] {dag.py:4180} INFO - Setting next_dagrun for dag_triage_filter to None, run_after=None
[2026-10-01T11:40:47.834+0000] {processor.py:208} INFO - Processing /opt/airflow/dags/01_triaje_script.py took 0.877 seconds
[2026-10-01T11:41:18.240+0000] {processor.py:186} INFO - Started process (PID=1632) to work on /opt/airflow/dags/01_triaje_script.py
[2026-10-01T11:41:18.249+0000] {processor.py:914} INFO - Processing file /opt/airflow/dags/01_triaje_script.py for tasks to queue
[2026-10-01T11:41:18.253+0000] {logging_mixin.py:190} INFO - [2026-10-01T11:41:18.252+0000] {dagbag.py:588} INFO - Filling up the DagBag from /opt/airflow/dags/01_triaje_script.py
[2026-10-01T11:41:19.041+0000] {processor.py:925} INFO - DAG(s) 'dag_triage_filter' retrieved from /opt/airflow/dags/01_triaje_script.py
[2026-10-01T11:41:19.075+0000] {logging_mixin.py:190} INFO - [2026-10-01T11:41:19.074+0000] {dag.py:3239} INFO - Sync 1 DAGs
[2026-10-01T11:41:19.101+0000] {logging_mixin.py:190} INFO - [2026-10-01T11:41:19.101+0000] {dag.py:4180} INFO - Setting next_dagrun for dag_triage_filter to None, run_after=None
[2026-10-01T11:41:19.134+0000] {processor.py:208} INFO - Processing /opt/airflow/dags/01_triaje_script.py took 0.902 seconds
[2026-10-01T11:41:49.730+0000] {processor.py:186} INFO - Started process (PID=1649) to work on /opt/airflow/dags/01_triaje_script.py
[2026-10-01T11:41:49.746+0000] {processor.py:914} INFO - Processing file /opt/airflow/dags/01_triaje_script.py for tasks to queue
[2026-10-01T11:41:49.750+0000] {logging_mixin.py:190} INFO - [2026-10-01T11:41:49.749+0000] {dagbag.py:588} INFO - Filling up the DagBag from /opt/airflow/dags/01_triaje_script.py
[2026-10-01T11:41:50.509+0000] {processor.py:925} INFO - DAG(s) 'dag_triage_filter' retrieved from /opt/airflow/dags/01_triaje_script.py
[2026-10-01T11:41:50.534+0000] {logging_mixin.py:190} INFO - [2026-10-01T11:41:50.534+0000] {dag.py:3239} INFO - Sync 1 DAGs
[2026-10-01T11:41:50.551+0000] {logging_mixin.py:190} INFO - [2026-10-01T11:41:50.551+0000] {dag.py:4180} INFO - Setting next_dagrun for dag_triage_filter to None, run_after=None
[2026-10-01T11:41:50.568+0000] {processor.py:208} INFO - Processing /opt/airflow/dags/01_triaje_script.py took 0.852 seconds
[2026-10-01T11:42:21.042+0000] {processor.py:186} INFO - Started process (PID=1666) to work on /opt/airflow/dags/01_triaje_script.py
[2026-10-01T11:42:21.053+0000] {processor.py:914} INFO - Processing file /opt/airflow/dags/01_triaje_script.py for tasks to queue
[2026-10-01T11:42:21.060+0000] {logging_mixin.py:190} INFO - [2026-10-01T11:42:21.059+0000] {dagbag.py:588} INFO - Filling up the DagBag from /opt/airflow/dags/01_triaje_script.py
[2026-10-01T11:42:21.813+0000] {processor.py:925} INFO - DAG(s) 'dag_triage_filter' retrieved from /opt/airflow/dags/01_triaje_script.py
[2026-10-01T11:42:21.849+0000] {logging_mixin.py:190} INFO - [2026-10-01T11:42:21.848+0000] {dag.py:3239} INFO - Sync 1 DAGs
[2026-10-01T11:42:21.870+0000] {logging_mixin.py:190} INFO - [2026-10-01T11:42:21.870+0000] {dag.py:4180} INFO - Setting next_dagrun for dag_triage_filter to None, run_after=None
[2026-10-01T11:42:21.902+0000] {processor.py:208} INFO - Processing /opt/airflow/dags/01_triaje_script.py took 0.874 seconds
[2026-10-01T11:42:52.460+0000] {processor.py:186} INFO - Started process (PID=1683) to work on /opt/airflow/dags/01_triaje_script.py
[2026-10-01T11:42:52.466+0000] {processor.py:914} INFO - Processing file /opt/airflow/dags/01_triaje_script.py for tasks to queue
[2026-10-01T11:42:52.472+0000] {logging_mixin.py:190} INFO - [2026-10-01T11:42:52.471+0000] {dagbag.py:588} INFO - Filling up the DagBag from /opt/airflow/dags/01_triaje_script.py
[2026-10-01T11:42:53.219+0000] {processor.py:925} INFO - DAG(s) 'dag_triage_filter' retrieved from /opt/airflow/dags/01_triaje_script.py
[2026-10-01T11:42:53.246+0000] {logging_mixin.py:190} INFO - [2026-10-01T11:42:53.246+0000] {dag.py:3239} INFO - Sync 1 DAGs
[2026-10-01T11:42:53.261+0000] {logging_mixin.py:190} INFO - [2026-10-01T11:42:53.261+0000] {dag.py:4180} INFO - Setting next_dagrun for dag_triage_filter to None, run_after=None
[2026-10-01T11:42:53.281+0000] {processor.py:208} INFO - Processing /opt/airflow/dags/01_triaje_script.py took 0.830 seconds
[2026-10-01T11:43:23.875+0000] {processor.py:186} INFO - Started process (PID=1700) to work on /opt/airflow/dags/01_triaje_script.py
[2026-10-01T11:43:23.893+0000] {processor.py:914} INFO - Processing file /opt/airflow/dags/01_triaje_script.py for tasks to queue
[2026-10-01T11:43:23.932+0000] {logging_mixin.py:190} INFO - [2026-10-01T11:43:23.931+0000] {dagbag.py:588} INFO - Filling up the DagBag from /opt/airflow/dags/01_triaje_script.py
[2026-10-01T11:43:25.536+0000] {processor.py:925} INFO - DAG(s) 'dag_triage_filter' retrieved from /opt/airflow/dags/01_triaje_script.py
[2026-10-01T11:43:25.593+0000] {logging_mixin.py:190} INFO - [2026-10-01T11:43:25.593+0000] {dag.py:3239} INFO - Sync 1 DAGs
[2026-10-01T11:43:25.653+0000] {logging_mixin.py:190} INFO - [2026-10-01T11:43:25.653+0000] {dag.py:4180} INFO - Setting next_dagrun for dag_triage_filter to None, run_after=None
[2026-10-01T11:43:25.736+0000] {processor.py:208} INFO - Processing /opt/airflow/dags/01_triaje_script.py took 1.871 seconds
[2026-10-01T11:43:56.337+0000] {processor.py:186} INFO - Started process (PID=1717) to work on /opt/airflow/dags/01_triaje_script.py
[2026-10-01T11:43:56.342+0000] {processor.py:914} INFO - Processing file /opt/airflow/dags/01_triaje_script.py for tasks to queue
[2026-10-01T11:43:56.347+0000] {logging_mixin.py:190} INFO - [2026-10-01T11:43:56.347+0000] {dagbag.py:588} INFO - Filling up the DagBag from /opt/airflow/dags/01_triaje_script.py
[2026-10-01T11:43:57.121+0000] {processor.py:925} INFO - DAG(s) 'dag_triage_filter' retrieved from /opt/airflow/dags/01_triaje_script.py
[2026-10-01T11:43:57.149+0000] {logging_mixin.py:190} INFO - [2026-10-01T11:43:57.148+0000] {dag.py:3239} INFO - Sync 1 DAGs
[2026-10-01T11:43:57.163+0000] {logging_mixin.py:190} INFO - [2026-10-01T11:43:57.163+0000] {dag.py:4180} INFO - Setting next_dagrun for dag_triage_filter to None, run_after=None
[2026-10-01T11:43:57.182+0000] {processor.py:208} INFO - Processing /opt/airflow/dags/01_triaje_script.py took 0.856 seconds
[2026-10-01T11:44:27.718+0000] {processor.py:186} INFO - Started process (PID=1734) to work on /opt/airflow/dags/01_triaje_script.py
[2026-10-01T11:44:27.721+0000] {processor.py:914} INFO - Processing file /opt/airflow/dags/01_triaje_script.py for tasks to queue
[2026-10-01T11:44:27.725+0000] {logging_mixin.py:190} INFO - [2026-10-01T11:44:27.724+0000] {dagbag.py:588} INFO - Filling up the DagBag from /opt/airflow/dags/01_triaje_script.py
[2026-10-01T11:44:28.473+0000] {processor.py:925} INFO - DAG(s) 'dag_triage_filter' retrieved from /opt/airflow/dags/01_triaje_script.py
[2026-10-01T11:44:28.513+0000] {logging_mixin.py:190} INFO - [2026-10-01T11:44:28.512+0000] {dag.py:3239} INFO - Sync 1 DAGs
[2026-10-01T11:44:28.532+0000] {logging_mixin.py:190} INFO - [2026-10-01T11:44:28.532+0000] {dag.py:4180} INFO - Setting next_dagrun for dag_triage_filter to None, run_after=None
[2026-10-01T11:44:28.572+0000] {processor.py:208} INFO - Processing /opt/airflow/dags/01_triaje_script.py took 0.863 seconds
[2026-10-01T11:44:59.064+0000] {processor.py:186} INFO - Started process (PID=1751) to work on /opt/airflow/dags/01_triaje_script.py
[2026-10-01T11:44:59.067+0000] {processor.py:914} INFO - Processing file /opt/airflow/dags/01_triaje_script.py for tasks to queue
[2026-10-01T11:44:59.069+0000] {logging_mixin.py:190} INFO - [2026-10-01T11:44:59.069+0000] {dagbag.py:588} INFO - Filling up the DagBag from /opt/airflow/dags/01_triaje_script.py
[2026-10-01T11:44:59.844+0000] {processor.py:925} INFO - DAG(s) 'dag_triage_filter' retrieved from /opt/airflow/dags/01_triaje_script.py
[2026-10-01T11:44:59.874+0000] {logging_mixin.py:190} INFO - [2026-10-01T11:44:59.874+0000] {dag.py:3239} INFO - Sync 1 DAGs
[2026-10-01T11:44:59.891+0000] {logging_mixin.py:190} INFO - [2026-10-01T11:44:59.891+0000] {dag.py:4180} INFO - Setting next_dagrun for dag_triage_filter to None, run_after=None
[2026-10-01T11:44:59.933+0000] {processor.py:208} INFO - Processing /opt/airflow/dags/01_triaje_script.py took 0.879 seconds
[2026-10-01T11:45:30.501+0000] {processor.py:186} INFO - Started process (PID=1768) to work on /opt/airflow/dags/01_triaje_script.py
[2026-10-01T11:45:30.510+0000] {processor.py:914} INFO - Processing file /opt/airflow/dags/01_triaje_script.py for tasks to queue
[2026-10-01T11:45:30.516+0000] {logging_mixin.py:190} INFO - [2026-10-01T11:45:30.515+0000] {dagbag.py:588} INFO - Filling up the DagBag from /opt/airflow/dags/01_triaje_script.py
[2026-10-01T11:45:31.265+0000] {processor.py:925} INFO - DAG(s) 'dag_triage_filter' retrieved from /opt/airflow/dags/01_triaje_script.py
[2026-10-01T11:45:31.291+0000] {logging_mixin.py:190} INFO - [2026-10-01T11:45:31.291+0000] {dag.py:3239} INFO - Sync 1 DAGs
[2026-10-01T11:45:31.308+0000] {logging_mixin.py:190} INFO - [2026-10-01T11:45:31.307+0000] {dag.py:4180} INFO - Setting next_dagrun for dag_triage_filter to None, run_after=None
[2026-10-01T11:45:31.328+0000] {processor.py:208} INFO - Processing /opt/airflow/dags/01_triaje_script.py took 0.837 seconds
[2026-10-01T11:46:01.868+0000] {processor.py:186} INFO - Started process (PID=1785) to work on /opt/airflow/dags/01_triaje_script.py
[2026-10-01T11:46:01.874+0000] {processor.py:914} INFO - Processing file /opt/airflow/dags/01_triaje_script.py for tasks to queue
[2026-10-01T11:46:01.882+0000] {logging_mixin.py:190} INFO - [2026-10-01T11:46:01.882+0000] {dagbag.py:588} INFO - Filling up the DagBag from /opt/airflow/dags/01_triaje_script.py
[2026-10-01T11:46:02.605+0000] {processor.py:925} INFO - DAG(s) 'dag_triage_filter' retrieved from /opt/airflow/dags/01_triaje_script.py
[2026-10-01T11:46:02.631+0000] {logging_mixin.py:190} INFO - [2026-10-01T11:46:02.631+0000] {dag.py:3239} INFO - Sync 1 DAGs
[2026-10-01T11:46:02.647+0000] {logging_mixin.py:190} INFO - [2026-10-01T11:46:02.646+0000] {dag.py:4180} INFO - Setting next_dagrun for dag_triage_filter to None, run_after=None
[2026-10-01T11:46:02.664+0000] {processor.py:208} INFO - Processing /opt/airflow/dags/01_triaje_script.py took 0.805 seconds
[2026-10-01T11:46:33.166+0000] {processor.py:186} INFO - Started process (PID=1802) to work on /opt/airflow/dags/01_triaje_script.py
[2026-10-01T11:46:33.169+0000] {processor.py:914} INFO - Processing file /opt/airflow/dags/01_triaje_script.py for tasks to queue
[2026-10-01T11:46:33.172+0000] {logging_mixin.py:190} INFO - [2026-10-01T11:46:33.171+0000] {dagbag.py:588} INFO - Filling up the DagBag from /opt/airflow/dags/01_triaje_script.py
[2026-10-01T11:46:33.885+0000] {processor.py:925} INFO - DAG(s) 'dag_triage_filter' retrieved from /opt/airflow/dags/01_triaje_script.py
[2026-10-01T11:46:33.921+0000] {logging_mixin.py:190} INFO - [2026-10-01T11:46:33.920+0000] {dag.py:3239} INFO - Sync 1 DAGs
[2026-10-01T11:46:33.960+0000] {logging_mixin.py:190} INFO - [2026-10-01T11:46:33.960+0000] {dag.py:4180} INFO - Setting next_dagrun for dag_triage_filter to None, run_after=None
[2026-10-01T11:46:33.990+0000] {processor.py:208} INFO - Processing /opt/airflow/dags/01_triaje_script.py took 0.832 seconds
[2026-10-01T11:47:04.540+0000] {processor.py:186} INFO - Started process (PID=1819) to work on /opt/airflow/dags/01_triaje_script.py
[2026-10-01T11:47:04.551+0000] {processor.py:914} INFO - Processing file /opt/airflow/dags/01_triaje_script.py for tasks to queue
[2026-10-01T11:47:04.558+0000] {logging_mixin.py:190} INFO - [2026-10-01T11:47:04.557+0000] {dagbag.py:588} INFO - Filling up the DagBag from /opt/airflow/dags/01_triaje_script.py
[2026-10-01T11:47:05.350+0000] {processor.py:925} INFO - DAG(s) 'dag_triage_filter' retrieved from /opt/airflow/dags/01_triaje_script.py
[2026-10-01T11:47:05.385+0000] {logging_mixin.py:190} INFO - [2026-10-01T11:47:05.384+0000] {dag.py:3239} INFO - Sync 1 DAGs
[2026-10-01T11:47:05.409+0000] {logging_mixin.py:190} INFO - [2026-10-01T11:47:05.409+0000] {dag.py:4180} INFO - Setting next_dagrun for dag_triage_filter to None, run_after=None
[2026-10-01T11:47:05.480+0000] {processor.py:208} INFO - Processing /opt/airflow/dags/01_triaje_script.py took 0.952 seconds
[2026-10-01T11:47:35.963+0000] {processor.py:186} INFO - Started process (PID=1836) to work on /opt/airflow/dags/01_triaje_script.py
[2026-10-01T11:47:35.966+0000] {processor.py:914} INFO - Processing file /opt/airflow/dags/01_triaje_script.py for tasks to queue
[2026-10-01T11:47:35.970+0000] {logging_mixin.py:190} INFO - [2026-10-01T11:47:35.970+0000] {dagbag.py:588} INFO - Filling up the DagBag from /opt/airflow/dags/01_triaje_script.py
[2026-10-01T11:47:36.685+0000] {processor.py:925} INFO - DAG(s) 'dag_triage_filter' retrieved from /opt/airflow/dags/01_triaje_script.py
[2026-10-01T11:47:36.715+0000] {logging_mixin.py:190} INFO - [2026-10-01T11:47:36.714+0000] {dag.py:3239} INFO - Sync 1 DAGs
[2026-10-01T11:47:36.734+0000] {logging_mixin.py:190} INFO - [2026-10-01T11:47:36.734+0000] {dag.py:4180} INFO - Setting next_dagrun for dag_triage_filter to None, run_after=None
[2026-10-01T11:47:36.775+0000] {processor.py:208} INFO - Processing /opt/airflow/dags/01_triaje_script.py took 0.822 seconds
[2026-10-01T11:48:07.305+0000] {processor.py:186} INFO - Started process (PID=1853) to work on /opt/airflow/dags/01_triaje_script.py
[2026-10-01T11:48:07.307+0000] {processor.py:914} INFO - Processing file /opt/airflow/dags/01_triaje_script.py for tasks to queue
[2026-10-01T11:48:07.310+0000] {logging_mixin.py:190} INFO - [2026-10-01T11:48:07.309+0000] {dagbag.py:588} INFO - Filling up the DagBag from /opt/airflow/dags/01_triaje_script.py
[2026-10-01T11:48:08.048+0000] {processor.py:925} INFO - DAG(s) 'dag_triage_filter' retrieved from /opt/airflow/dags/01_triaje_script.py
[2026-10-01T11:48:08.077+0000] {logging_mixin.py:190} INFO - [2026-10-01T11:48:08.077+0000] {dag.py:3239} INFO - Sync 1 DAGs
[2026-10-01T11:48:08.095+0000] {logging_mixin.py:190} INFO - [2026-10-01T11:48:08.095+0000] {dag.py:4180} INFO - Setting next_dagrun for dag_triage_filter to None, run_after=None
[2026-10-01T11:48:08.124+0000] {processor.py:208} INFO - Processing /opt/airflow/dags/01_triaje_script.py took 0.825 seconds
[2026-10-01T11:48:38.639+0000] {processor.py:186} INFO - Started process (PID=1870) to work on /opt/airflow/dags/01_triaje_script.py
[2026-10-01T11:48:38.642+0000] {processor.py:914} INFO - Processing file /opt/airflow/dags/01_triaje_script.py for tasks to queue
[2026-10-01T11:48:38.644+0000] {logging_mixin.py:190} INFO - [2026-10-01T11:48:38.644+0000] {dagbag.py:588} INFO - Filling up the DagBag from /opt/airflow/dags/01_triaje_script.py
[2026-10-01T11:48:39.367+0000] {processor.py:925} INFO - DAG(s) 'dag_triage_filter' retrieved from /opt/airflow/dags/01_triaje_script.py
[2026-10-01T11:48:39.405+0000] {logging_mixin.py:190} INFO - [2026-10-01T11:48:39.405+0000] {dag.py:3239} INFO - Sync 1 DAGs
[2026-10-01T11:48:39.420+0000] {logging_mixin.py:190} INFO - [2026-10-01T11:48:39.420+0000] {dag.py:4180} INFO - Setting next_dagrun for dag_triage_filter to None, run_after=None
[2026-10-01T11:48:39.438+0000] {processor.py:208} INFO - Processing /opt/airflow/dags/01_triaje_script.py took 0.808 seconds
[2026-10-01T11:49:09.952+0000] {processor.py:186} INFO - Started process (PID=1887) to work on /opt/airflow/dags/01_triaje_script.py
[2026-10-01T11:49:09.958+0000] {processor.py:914} INFO - Processing file /opt/airflow/dags/01_triaje_script.py for tasks to queue
[2026-10-01T11:49:09.964+0000] {logging_mixin.py:190} INFO - [2026-10-01T11:49:09.963+0000] {dagbag.py:588} INFO - Filling up the DagBag from /opt/airflow/dags/01_triaje_script.py
[2026-10-01T11:49:10.794+0000] {processor.py:925} INFO - DAG(s) 'dag_triage_filter' retrieved from /opt/airflow/dags/01_triaje_script.py
[2026-10-01T11:49:10.823+0000] {logging_mixin.py:190} INFO - [2026-10-01T11:49:10.822+0000] {dag.py:3239} INFO - Sync 1 DAGs
[2026-10-01T11:49:10.843+0000] {logging_mixin.py:190} INFO - [2026-10-01T11:49:10.843+0000] {dag.py:4180} INFO - Setting next_dagrun for dag_triage_filter to None, run_after=None
[2026-10-01T11:49:10.880+0000] {processor.py:208} INFO - Processing /opt/airflow/dags/01_triaje_script.py took 0.939 seconds
[2026-10-01T11:49:41.262+0000] {processor.py:186} INFO - Started process (PID=1904) to work on /opt/airflow/dags/01_triaje_script.py
[2026-10-01T11:49:41.264+0000] {processor.py:914} INFO - Processing file /opt/airflow/dags/01_triaje_script.py for tasks to queue
[2026-10-01T11:49:41.267+0000] {logging_mixin.py:190} INFO - [2026-10-01T11:49:41.266+0000] {dagbag.py:588} INFO - Filling up the DagBag from /opt/airflow/dags/01_triaje_script.py
[2026-10-01T11:49:41.943+0000] {processor.py:925} INFO - DAG(s) 'dag_triage_filter' retrieved from /opt/airflow/dags/01_triaje_script.py
[2026-10-01T11:49:41.970+0000] {logging_mixin.py:190} INFO - [2026-10-01T11:49:41.969+0000] {dag.py:3239} INFO - Sync 1 DAGs
[2026-10-01T11:49:41.986+0000] {logging_mixin.py:190} INFO - [2026-10-01T11:49:41.986+0000] {dag.py:4180} INFO - Setting next_dagrun for dag_triage_filter to None, run_after=None
[2026-10-01T11:49:42.003+0000] {processor.py:208} INFO - Processing /opt/airflow/dags/01_triaje_script.py took 0.746 seconds
[2026-10-01T11:50:12.408+0000] {processor.py:186} INFO - Started process (PID=1921) to work on /opt/airflow/dags/01_triaje_script.py
[2026-10-01T11:50:12.411+0000] {processor.py:914} INFO - Processing file /opt/airflow/dags/01_triaje_script.py for tasks to queue
[2026-10-01T11:50:12.415+0000] {logging_mixin.py:190} INFO - [2026-10-01T11:50:12.414+0000] {dagbag.py:588} INFO - Filling up the DagBag from /opt/airflow/dags/01_triaje_script.py
[2026-10-01T11:50:13.185+0000] {processor.py:925} INFO - DAG(s) 'dag_triage_filter' retrieved from /opt/airflow/dags/01_triaje_script.py
[2026-10-01T11:50:13.217+0000] {logging_mixin.py:190} INFO - [2026-10-01T11:50:13.217+0000] {dag.py:3239} INFO - Sync 1 DAGs
[2026-10-01T11:50:13.233+0000] {logging_mixin.py:190} INFO - [2026-10-01T11:50:13.232+0000] {dag.py:4180} INFO - Setting next_dagrun for dag_triage_filter to None, run_after=None
[2026-10-01T11:50:13.250+0000] {processor.py:208} INFO - Processing /opt/airflow/dags/01_triaje_script.py took 0.852 seconds
[2026-10-01T11:50:43.702+0000] {processor.py:186} INFO - Started process (PID=1938) to work on /opt/airflow/dags/01_triaje_script.py
[2026-10-01T11:50:43.707+0000] {processor.py:914} INFO - Processing file /opt/airflow/dags/01_triaje_script.py for tasks to queue
[2026-10-01T11:50:43.714+0000] {logging_mixin.py:190} INFO - [2026-10-01T11:50:43.713+0000] {dagbag.py:588} INFO - Filling up the DagBag from /opt/airflow/dags/01_triaje_script.py
[2026-10-01T11:50:44.532+0000] {processor.py:925} INFO - DAG(s) 'dag_triage_filter' retrieved from /opt/airflow/dags/01_triaje_script.py
[2026-10-01T11:50:44.576+0000] {logging_mixin.py:190} INFO - [2026-10-01T11:50:44.575+0000] {dag.py:3239} INFO - Sync 1 DAGs
[2026-10-01T11:50:44.592+0000] {logging_mixin.py:190} INFO - [2026-10-01T11:50:44.592+0000] {dag.py:4180} INFO - Setting next_dagrun for dag_triage_filter to None, run_after=None
[2026-10-01T11:50:44.615+0000] {processor.py:208} INFO - Processing /opt/airflow/dags/01_triaje_script.py took 0.925 seconds
[2026-10-01T11:51:15.176+0000] {processor.py:186} INFO - Started process (PID=1955) to work on /opt/airflow/dags/01_triaje_script.py
[2026-10-01T11:51:15.181+0000] {processor.py:914} INFO - Processing file /opt/airflow/dags/01_triaje_script.py for tasks to queue
[2026-10-01T11:51:15.187+0000] {logging_mixin.py:190} INFO - [2026-10-01T11:51:15.185+0000] {dagbag.py:588} INFO - Filling up the DagBag from /opt/airflow/dags/01_triaje_script.py
[2026-10-01T11:51:15.900+0000] {processor.py:925} INFO - DAG(s) 'dag_triage_filter' retrieved from /opt/airflow/dags/01_triaje_script.py
[2026-10-01T11:51:15.934+0000] {logging_mixin.py:190} INFO - [2026-10-01T11:51:15.933+0000] {dag.py:3239} INFO - Sync 1 DAGs
[2026-10-01T11:51:15.967+0000] {logging_mixin.py:190} INFO - [2026-10-01T11:51:15.967+0000] {dag.py:4180} INFO - Setting next_dagrun for dag_triage_filter to None, run_after=None
[2026-10-01T11:51:15.999+0000] {processor.py:208} INFO - Processing /opt/airflow/dags/01_triaje_script.py took 0.832 seconds
[2026-10-01T11:51:46.548+0000] {processor.py:186} INFO - Started process (PID=1972) to work on /opt/airflow/dags/01_triaje_script.py
[2026-10-01T11:51:46.553+0000] {processor.py:914} INFO - Processing file /opt/airflow/dags/01_triaje_script.py for tasks to queue
[2026-10-01T11:51:46.558+0000] {logging_mixin.py:190} INFO - [2026-10-01T11:51:46.557+0000] {dagbag.py:588} INFO - Filling up the DagBag from /opt/airflow/dags/01_triaje_script.py
[2026-10-01T11:51:47.426+0000] {processor.py:925} INFO - DAG(s) 'dag_triage_filter' retrieved from /opt/airflow/dags/01_triaje_script.py
[2026-10-01T11:51:47.462+0000] {logging_mixin.py:190} INFO - [2026-10-01T11:51:47.461+0000] {dag.py:3239} INFO - Sync 1 DAGs
[2026-10-01T11:51:47.489+0000] {logging_mixin.py:190} INFO - [2026-10-01T11:51:47.489+0000] {dag.py:4180} INFO - Setting next_dagrun for dag_triage_filter to None, run_after=None
[2026-10-01T11:51:47.530+0000] {processor.py:208} INFO - Processing /opt/airflow/dags/01_triaje_script.py took 0.990 seconds
[2026-10-01T11:52:18.114+0000] {processor.py:186} INFO - Started process (PID=1989) to work on /opt/airflow/dags/01_triaje_script.py
[2026-10-01T11:52:18.124+0000] {processor.py:914} INFO - Processing file /opt/airflow/dags/01_triaje_script.py for tasks to queue
[2026-10-01T11:52:18.131+0000] {logging_mixin.py:190} INFO - [2026-10-01T11:52:18.130+0000] {dagbag.py:588} INFO - Filling up the DagBag from /opt/airflow/dags/01_triaje_script.py
[2026-10-01T11:52:18.922+0000] {processor.py:925} INFO - DAG(s) 'dag_triage_filter' retrieved from /opt/airflow/dags/01_triaje_script.py
[2026-10-01T11:52:18.956+0000] {logging_mixin.py:190} INFO - [2026-10-01T11:52:18.955+0000] {dag.py:3239} INFO - Sync 1 DAGs
[2026-10-01T11:52:18.974+0000] {logging_mixin.py:190} INFO - [2026-10-01T11:52:18.974+0000] {dag.py:4180} INFO - Setting next_dagrun for dag_triage_filter to None, run_after=None
[2026-10-01T11:52:19.004+0000] {processor.py:208} INFO - Processing /opt/airflow/dags/01_triaje_script.py took 0.903 seconds
[2026-10-01T11:52:49.671+0000] {processor.py:186} INFO - Started process (PID=2006) to work on /opt/airflow/dags/01_triaje_script.py
[2026-10-01T11:52:49.676+0000] {processor.py:914} INFO - Processing file /opt/airflow/dags/01_triaje_script.py for tasks to queue
[2026-10-01T11:52:49.680+0000] {logging_mixin.py:190} INFO - [2026-10-01T11:52:49.680+0000] {dagbag.py:588} INFO - Filling up the DagBag from /opt/airflow/dags/01_triaje_script.py
[2026-10-01T11:52:50.500+0000] {processor.py:925} INFO - DAG(s) 'dag_triage_filter' retrieved from /opt/airflow/dags/01_triaje_script.py
[2026-10-01T11:52:50.578+0000] {logging_mixin.py:190} INFO - [2026-10-01T11:52:50.577+0000] {dag.py:3239} INFO - Sync 1 DAGs
[2026-10-01T11:52:50.619+0000] {logging_mixin.py:190} INFO - [2026-10-01T11:52:50.619+0000] {dag.py:4180} INFO - Setting next_dagrun for dag_triage_filter to None, run_after=None
[2026-10-01T11:52:50.669+0000] {processor.py:208} INFO - Processing /opt/airflow/dags/01_triaje_script.py took 1.007 seconds
[2026-10-01T11:53:21.222+0000] {processor.py:186} INFO - Started process (PID=2023) to work on /opt/airflow/dags/01_triaje_script.py
[2026-10-01T11:53:21.227+0000] {processor.py:914} INFO - Processing file /opt/airflow/dags/01_triaje_script.py for tasks to queue
[2026-10-01T11:53:21.232+0000] {logging_mixin.py:190} INFO - [2026-10-01T11:53:21.232+0000] {dagbag.py:588} INFO - Filling up the DagBag from /opt/airflow/dags/01_triaje_script.py
[2026-10-01T11:53:22.003+0000] {processor.py:925} INFO - DAG(s) 'dag_triage_filter' retrieved from /opt/airflow/dags/01_triaje_script.py
[2026-10-01T11:53:22.038+0000] {logging_mixin.py:190} INFO - [2026-10-01T11:53:22.038+0000] {dag.py:3239} INFO - Sync 1 DAGs
[2026-10-01T11:53:22.064+0000] {logging_mixin.py:190} INFO - [2026-10-01T11:53:22.063+0000] {dag.py:4180} INFO - Setting next_dagrun for dag_triage_filter to None, run_after=None
[2026-10-01T11:53:22.101+0000] {processor.py:208} INFO - Processing /opt/airflow/dags/01_triaje_script.py took 0.886 seconds
[2026-10-01T11:53:52.698+0000] {processor.py:186} INFO - Started process (PID=2040) to work on /opt/airflow/dags/01_triaje_script.py
[2026-10-01T11:53:52.710+0000] {processor.py:914} INFO - Processing file /opt/airflow/dags/01_triaje_script.py for tasks to queue
[2026-10-01T11:53:52.718+0000] {logging_mixin.py:190} INFO - [2026-10-01T11:53:52.717+0000] {dagbag.py:588} INFO - Filling up the DagBag from /opt/airflow/dags/01_triaje_script.py
[2026-10-01T11:53:53.411+0000] {processor.py:925} INFO - DAG(s) 'dag_triage_filter' retrieved from /opt/airflow/dags/01_triaje_script.py
[2026-10-01T11:53:53.437+0000] {logging_mixin.py:190} INFO - [2026-10-01T11:53:53.437+0000] {dag.py:3239} INFO - Sync 1 DAGs
[2026-10-01T11:53:53.451+0000] {logging_mixin.py:190} INFO - [2026-10-01T11:53:53.451+0000] {dag.py:4180} INFO - Setting next_dagrun for dag_triage_filter to None, run_after=None
[2026-10-01T11:53:53.469+0000] {processor.py:208} INFO - Processing /opt/airflow/dags/01_triaje_script.py took 0.779 seconds
[2026-10-01T11:54:23.983+0000] {processor.py:186} INFO - Started process (PID=2057) to work on /opt/airflow/dags/01_triaje_script.py
[2026-10-01T11:54:23.987+0000] {processor.py:914} INFO - Processing file /opt/airflow/dags/01_triaje_script.py for tasks to queue
[2026-10-01T11:54:23.991+0000] {logging_mixin.py:190} INFO - [2026-10-01T11:54:23.990+0000] {dagbag.py:588} INFO - Filling up the DagBag from /opt/airflow/dags/01_triaje_script.py
[2026-10-01T11:54:24.790+0000] {processor.py:925} INFO - DAG(s) 'dag_triage_filter' retrieved from /opt/airflow/dags/01_triaje_script.py
[2026-10-01T11:54:24.815+0000] {logging_mixin.py:190} INFO - [2026-10-01T11:54:24.815+0000] {dag.py:3239} INFO - Sync 1 DAGs
[2026-10-01T11:54:24.834+0000] {logging_mixin.py:190} INFO - [2026-10-01T11:54:24.833+0000] {dag.py:4180} INFO - Setting next_dagrun for dag_triage_filter to None, run_after=None
[2026-10-01T11:54:24.861+0000] {processor.py:208} INFO - Processing /opt/airflow/dags/01_triaje_script.py took 0.888 seconds
[2026-10-01T11:54:55.322+0000] {processor.py:186} INFO - Started process (PID=2074) to work on /opt/airflow/dags/01_triaje_script.py
[2026-10-01T11:54:55.326+0000] {processor.py:914} INFO - Processing file /opt/airflow/dags/01_triaje_script.py for tasks to queue
[2026-10-01T11:54:55.329+0000] {logging_mixin.py:190} INFO - [2026-10-01T11:54:55.328+0000] {dagbag.py:588} INFO - Filling up the DagBag from /opt/airflow/dags/01_triaje_script.py
[2026-10-01T11:54:56.043+0000] {processor.py:925} INFO - DAG(s) 'dag_triage_filter' retrieved from /opt/airflow/dags/01_triaje_script.py
[2026-10-01T11:54:56.082+0000] {logging_mixin.py:190} INFO - [2026-10-01T11:54:56.081+0000] {dag.py:3239} INFO - Sync 1 DAGs
[2026-10-01T11:54:56.113+0000] {logging_mixin.py:190} INFO - [2026-10-01T11:54:56.112+0000] {dag.py:4180} INFO - Setting next_dagrun for dag_triage_filter to None, run_after=None
[2026-10-01T11:54:56.143+0000] {processor.py:208} INFO - Processing /opt/airflow/dags/01_triaje_script.py took 0.831 seconds
[2026-10-01T11:55:26.586+0000] {processor.py:186} INFO - Started process (PID=2091) to work on /opt/airflow/dags/01_triaje_script.py
[2026-10-01T11:55:26.592+0000] {processor.py:914} INFO - Processing file /opt/airflow/dags/01_triaje_script.py for tasks to queue
[2026-10-01T11:55:26.597+0000] {logging_mixin.py:190} INFO - [2026-10-01T11:55:26.596+0000] {dagbag.py:588} INFO - Filling up the DagBag from /opt/airflow/dags/01_triaje_script.py
[2026-10-01T11:55:27.348+0000] {processor.py:925} INFO - DAG(s) 'dag_triage_filter' retrieved from /opt/airflow/dags/01_triaje_script.py
[2026-10-01T11:55:27.390+0000] {logging_mixin.py:190} INFO - [2026-10-01T11:55:27.389+0000] {dag.py:3239} INFO - Sync 1 DAGs
[2026-10-01T11:55:27.414+0000] {logging_mixin.py:190} INFO - [2026-10-01T11:55:27.414+0000] {dag.py:4180} INFO - Setting next_dagrun for dag_triage_filter to None, run_after=None
[2026-10-01T11:55:27.447+0000] {processor.py:208} INFO - Processing /opt/airflow/dags/01_triaje_script.py took 0.872 seconds
[2026-10-01T11:55:57.899+0000] {processor.py:186} INFO - Started process (PID=2108) to work on /opt/airflow/dags/01_triaje_script.py
[2026-10-01T11:55:57.905+0000] {processor.py:914} INFO - Processing file /opt/airflow/dags/01_triaje_script.py for tasks to queue
[2026-10-01T11:55:57.911+0000] {logging_mixin.py:190} INFO - [2026-10-01T11:55:57.911+0000] {dagbag.py:588} INFO - Filling up the DagBag from /opt/airflow/dags/01_triaje_script.py
[2026-10-01T11:55:58.660+0000] {processor.py:925} INFO - DAG(s) 'dag_triage_filter' retrieved from /opt/airflow/dags/01_triaje_script.py
[2026-10-01T11:55:58.688+0000] {logging_mixin.py:190} INFO - [2026-10-01T11:55:58.688+0000] {dag.py:3239} INFO - Sync 1 DAGs
[2026-10-01T11:55:58.706+0000] {logging_mixin.py:190} INFO - [2026-10-01T11:55:58.706+0000] {dag.py:4180} INFO - Setting next_dagrun for dag_triage_filter to None, run_after=None
[2026-10-01T11:55:58.725+0000] {processor.py:208} INFO - Processing /opt/airflow/dags/01_triaje_script.py took 0.836 seconds
[2026-10-01T11:56:29.196+0000] {processor.py:186} INFO - Started process (PID=2125) to work on /opt/airflow/dags/01_triaje_script.py
[2026-10-01T11:56:29.199+0000] {processor.py:914} INFO - Processing file /opt/airflow/dags/01_triaje_script.py for tasks to queue
[2026-10-01T11:56:29.202+0000] {logging_mixin.py:190} INFO - [2026-10-01T11:56:29.202+0000] {dagbag.py:588} INFO - Filling up the DagBag from /opt/airflow/dags/01_triaje_script.py
[2026-10-01T11:56:29.967+0000] {processor.py:925} INFO - DAG(s) 'dag_triage_filter' retrieved from /opt/airflow/dags/01_triaje_script.py
[2026-10-01T11:56:29.996+0000] {logging_mixin.py:190} INFO - [2026-10-01T11:56:29.995+0000] {dag.py:3239} INFO - Sync 1 DAGs
[2026-10-01T11:56:30.013+0000] {logging_mixin.py:190} INFO - [2026-10-01T11:56:30.013+0000] {dag.py:4180} INFO - Setting next_dagrun for dag_triage_filter to None, run_after=None
[2026-10-01T11:56:30.036+0000] {processor.py:208} INFO - Processing /opt/airflow/dags/01_triaje_script.py took 0.849 seconds
[2026-10-01T11:57:00.517+0000] {processor.py:186} INFO - Started process (PID=2142) to work on /opt/airflow/dags/01_triaje_script.py
[2026-10-01T11:57:00.519+0000] {processor.py:914} INFO - Processing file /opt/airflow/dags/01_triaje_script.py for tasks to queue
[2026-10-01T11:57:00.522+0000] {logging_mixin.py:190} INFO - [2026-10-01T11:57:00.521+0000] {dagbag.py:588} INFO - Filling up the DagBag from /opt/airflow/dags/01_triaje_script.py
[2026-10-01T11:57:01.317+0000] {processor.py:925} INFO - DAG(s) 'dag_triage_filter' retrieved from /opt/airflow/dags/01_triaje_script.py
[2026-10-01T11:57:01.356+0000] {logging_mixin.py:190} INFO - [2026-10-01T11:57:01.355+0000] {dag.py:3239} INFO - Sync 1 DAGs
[2026-10-01T11:57:01.389+0000] {logging_mixin.py:190} INFO - [2026-10-01T11:57:01.389+0000] {dag.py:4180} INFO - Setting next_dagrun for dag_triage_filter to None, run_after=None
[2026-10-01T11:57:01.423+0000] {processor.py:208} INFO - Processing /opt/airflow/dags/01_triaje_script.py took 0.915 seconds
[2026-10-01T11:57:31.911+0000] {processor.py:186} INFO - Started process (PID=2159) to work on /opt/airflow/dags/01_triaje_script.py
[2026-10-01T11:57:31.915+0000] {processor.py:914} INFO - Processing file /opt/airflow/dags/01_triaje_script.py for tasks to queue
[2026-10-01T11:57:31.918+0000] {logging_mixin.py:190} INFO - [2026-10-01T11:57:31.918+0000] {dagbag.py:588} INFO - Filling up the DagBag from /opt/airflow/dags/01_triaje_script.py
[2026-10-01T11:57:32.635+0000] {processor.py:925} INFO - DAG(s) 'dag_triage_filter' retrieved from /opt/airflow/dags/01_triaje_script.py
[2026-10-01T11:57:32.665+0000] {logging_mixin.py:190} INFO - [2026-10-01T11:57:32.664+0000] {dag.py:3239} INFO - Sync 1 DAGs
[2026-10-01T11:57:32.683+0000] {logging_mixin.py:190} INFO - [2026-10-01T11:57:32.683+0000] {dag.py:4180} INFO - Setting next_dagrun for dag_triage_filter to None, run_after=None
[2026-10-01T11:57:32.711+0000] {processor.py:208} INFO - Processing /opt/airflow/dags/01_triaje_script.py took 0.810 seconds
[2026-10-01T11:58:03.470+0000] {processor.py:186} INFO - Started process (PID=2176) to work on /opt/airflow/dags/01_triaje_script.py
[2026-10-01T11:58:03.494+0000] {processor.py:914} INFO - Processing file /opt/airflow/dags/01_triaje_script.py for tasks to queue
[2026-10-01T11:58:03.500+0000] {logging_mixin.py:190} INFO - [2026-10-01T11:58:03.499+0000] {dagbag.py:588} INFO - Filling up the DagBag from /opt/airflow/dags/01_triaje_script.py
[2026-10-01T11:58:05.049+0000] {processor.py:925} INFO - DAG(s) 'dag_triage_filter' retrieved from /opt/airflow/dags/01_triaje_script.py
[2026-10-01T11:58:05.098+0000] {logging_mixin.py:190} INFO - [2026-10-01T11:58:05.097+0000] {dag.py:3239} INFO - Sync 1 DAGs
[2026-10-01T11:58:05.133+0000] {logging_mixin.py:190} INFO - [2026-10-01T11:58:05.133+0000] {dag.py:4180} INFO - Setting next_dagrun for dag_triage_filter to None, run_after=None
[2026-10-01T11:58:05.197+0000] {processor.py:208} INFO - Processing /opt/airflow/dags/01_triaje_script.py took 1.735 seconds
[2026-10-01T11:58:35.679+0000] {processor.py:186} INFO - Started process (PID=2193) to work on /opt/airflow/dags/01_triaje_script.py
[2026-10-01T11:58:35.684+0000] {processor.py:914} INFO - Processing file /opt/airflow/dags/01_triaje_script.py for tasks to queue
[2026-10-01T11:58:35.688+0000] {logging_mixin.py:190} INFO - [2026-10-01T11:58:35.687+0000] {dagbag.py:588} INFO - Filling up the DagBag from /opt/airflow/dags/01_triaje_script.py
[2026-10-01T11:58:36.694+0000] {processor.py:925} INFO - DAG(s) 'dag_triage_filter' retrieved from /opt/airflow/dags/01_triaje_script.py
[2026-10-01T11:58:36.739+0000] {logging_mixin.py:190} INFO - [2026-10-01T11:58:36.738+0000] {dag.py:3239} INFO - Sync 1 DAGs
[2026-10-01T11:58:36.763+0000] {logging_mixin.py:190} INFO - [2026-10-01T11:58:36.762+0000] {dag.py:4180} INFO - Setting next_dagrun for dag_triage_filter to None, run_after=None
[2026-10-01T11:58:36.792+0000] {processor.py:208} INFO - Processing /opt/airflow/dags/01_triaje_script.py took 1.126 seconds
[2026-10-01T11:59:07.138+0000] {processor.py:186} INFO - Started process (PID=2210) to work on /opt/airflow/dags/01_triaje_script.py
[2026-10-01T11:59:07.143+0000] {processor.py:914} INFO - Processing file /opt/airflow/dags/01_triaje_script.py for tasks to queue
[2026-10-01T11:59:07.152+0000] {logging_mixin.py:190} INFO - [2026-10-01T11:59:07.151+0000] {dagbag.py:588} INFO - Filling up the DagBag from /opt/airflow/dags/01_triaje_script.py
[2026-10-01T11:59:08.143+0000] {processor.py:925} INFO - DAG(s) 'dag_triage_filter' retrieved from /opt/airflow/dags/01_triaje_script.py
[2026-10-01T11:59:08.184+0000] {logging_mixin.py:190} INFO - [2026-10-01T11:59:08.183+0000] {dag.py:3239} INFO - Sync 1 DAGs
[2026-10-01T11:59:08.208+0000] {logging_mixin.py:190} INFO - [2026-10-01T11:59:08.207+0000] {dag.py:4180} INFO - Setting next_dagrun for dag_triage_filter to None, run_after=None
[2026-10-01T11:59:08.245+0000] {processor.py:208} INFO - Processing /opt/airflow/dags/01_triaje_script.py took 1.115 seconds
[2026-10-01T11:59:38.861+0000] {processor.py:186} INFO - Started process (PID=2227) to work on /opt/airflow/dags/01_triaje_script.py
[2026-10-01T11:59:38.868+0000] {processor.py:914} INFO - Processing file /opt/airflow/dags/01_triaje_script.py for tasks to queue
[2026-10-01T11:59:38.872+0000] {logging_mixin.py:190} INFO - [2026-10-01T11:59:38.872+0000] {dagbag.py:588} INFO - Filling up the DagBag from /opt/airflow/dags/01_triaje_script.py
[2026-10-01T11:59:39.946+0000] {processor.py:925} INFO - DAG(s) 'dag_triage_filter' retrieved from /opt/airflow/dags/01_triaje_script.py
[2026-10-01T11:59:39.999+0000] {logging_mixin.py:190} INFO - [2026-10-01T11:59:39.998+0000] {dag.py:3239} INFO - Sync 1 DAGs
[2026-10-01T11:59:40.030+0000] {logging_mixin.py:190} INFO - [2026-10-01T11:59:40.029+0000] {dag.py:4180} INFO - Setting next_dagrun for dag_triage_filter to None, run_after=None
[2026-10-01T11:59:40.078+0000] {processor.py:208} INFO - Processing /opt/airflow/dags/01_triaje_script.py took 1.224 seconds
[2026-10-01T12:00:10.458+0000] {processor.py:186} INFO - Started process (PID=2244) to work on /opt/airflow/dags/01_triaje_script.py
[2026-10-01T12:00:10.466+0000] {processor.py:914} INFO - Processing file /opt/airflow/dags/01_triaje_script.py for tasks to queue
[2026-10-01T12:00:10.470+0000] {logging_mixin.py:190} INFO - [2026-10-01T12:00:10.470+0000] {dagbag.py:588} INFO - Filling up the DagBag from /opt/airflow/dags/01_triaje_script.py
[2026-10-01T12:00:11.721+0000] {processor.py:925} INFO - DAG(s) 'dag_triage_filter' retrieved from /opt/airflow/dags/01_triaje_script.py
[2026-10-01T12:00:11.775+0000] {logging_mixin.py:190} INFO - [2026-10-01T12:00:11.774+0000] {dag.py:3239} INFO - Sync 1 DAGs
[2026-10-01T12:00:11.807+0000] {logging_mixin.py:190} INFO - [2026-10-01T12:00:11.806+0000] {dag.py:4180} INFO - Setting next_dagrun for dag_triage_filter to None, run_after=None
[2026-10-01T12:00:11.851+0000] {processor.py:208} INFO - Processing /opt/airflow/dags/01_triaje_script.py took 1.402 seconds
[2026-10-01T12:00:42.231+0000] {processor.py:186} INFO - Started process (PID=2261) to work on /opt/airflow/dags/01_triaje_script.py
[2026-10-01T12:00:42.237+0000] {processor.py:914} INFO - Processing file /opt/airflow/dags/01_triaje_script.py for tasks to queue
[2026-10-01T12:00:42.243+0000] {logging_mixin.py:190} INFO - [2026-10-01T12:00:42.243+0000] {dagbag.py:588} INFO - Filling up the DagBag from /opt/airflow/dags/01_triaje_script.py
[2026-10-01T12:00:42.964+0000] {processor.py:925} INFO - DAG(s) 'dag_triage_filter' retrieved from /opt/airflow/dags/01_triaje_script.py
[2026-10-01T12:00:42.993+0000] {logging_mixin.py:190} INFO - [2026-10-01T12:00:42.992+0000] {dag.py:3239} INFO - Sync 1 DAGs
[2026-10-01T12:00:43.011+0000] {logging_mixin.py:190} INFO - [2026-10-01T12:00:43.011+0000] {dag.py:4180} INFO - Setting next_dagrun for dag_triage_filter to None, run_after=None
[2026-10-01T12:00:43.046+0000] {processor.py:208} INFO - Processing /opt/airflow/dags/01_triaje_script.py took 0.827 seconds
[2026-10-01T12:01:13.377+0000] {processor.py:186} INFO - Started process (PID=2278) to work on /opt/airflow/dags/01_triaje_script.py
[2026-10-01T12:01:13.382+0000] {processor.py:914} INFO - Processing file /opt/airflow/dags/01_triaje_script.py for tasks to queue
[2026-10-01T12:01:13.385+0000] {logging_mixin.py:190} INFO - [2026-10-01T12:01:13.385+0000] {dagbag.py:588} INFO - Filling up the DagBag from /opt/airflow/dags/01_triaje_script.py
[2026-10-01T12:01:14.126+0000] {processor.py:925} INFO - DAG(s) 'dag_triage_filter' retrieved from /opt/airflow/dags/01_triaje_script.py
[2026-10-01T12:01:14.156+0000] {logging_mixin.py:190} INFO - [2026-10-01T12:01:14.155+0000] {dag.py:3239} INFO - Sync 1 DAGs
[2026-10-01T12:01:14.171+0000] {logging_mixin.py:190} INFO - [2026-10-01T12:01:14.171+0000] {dag.py:4180} INFO - Setting next_dagrun for dag_triage_filter to None, run_after=None
[2026-10-01T12:01:14.192+0000] {processor.py:208} INFO - Processing /opt/airflow/dags/01_triaje_script.py took 0.823 seconds
[2026-10-01T12:01:44.544+0000] {processor.py:186} INFO - Started process (PID=2295) to work on /opt/airflow/dags/01_triaje_script.py
[2026-10-01T12:01:44.548+0000] {processor.py:914} INFO - Processing file /opt/airflow/dags/01_triaje_script.py for tasks to queue
[2026-10-01T12:01:44.551+0000] {logging_mixin.py:190} INFO - [2026-10-01T12:01:44.551+0000] {dagbag.py:588} INFO - Filling up the DagBag from /opt/airflow/dags/01_triaje_script.py
[2026-10-01T12:01:45.157+0000] {processor.py:925} INFO - DAG(s) 'dag_triage_filter' retrieved from /opt/airflow/dags/01_triaje_script.py
[2026-10-01T12:01:45.187+0000] {logging_mixin.py:190} INFO - [2026-10-01T12:01:45.187+0000] {dag.py:3239} INFO - Sync 1 DAGs
[2026-10-01T12:01:45.203+0000] {logging_mixin.py:190} INFO - [2026-10-01T12:01:45.202+0000] {dag.py:4180} INFO - Setting next_dagrun for dag_triage_filter to None, run_after=None
[2026-10-01T12:01:45.222+0000] {processor.py:208} INFO - Processing /opt/airflow/dags/01_triaje_script.py took 0.684 seconds
[2026-10-01T12:02:15.572+0000] {processor.py:186} INFO - Started process (PID=2312) to work on /opt/airflow/dags/01_triaje_script.py
[2026-10-01T12:02:15.587+0000] {processor.py:914} INFO - Processing file /opt/airflow/dags/01_triaje_script.py for tasks to queue
[2026-10-01T12:02:15.598+0000] {logging_mixin.py:190} INFO - [2026-10-01T12:02:15.597+0000] {dagbag.py:588} INFO - Filling up the DagBag from /opt/airflow/dags/01_triaje_script.py
[2026-10-01T12:02:16.251+0000] {processor.py:925} INFO - DAG(s) 'dag_triage_filter' retrieved from /opt/airflow/dags/01_triaje_script.py
[2026-10-01T12:02:16.280+0000] {logging_mixin.py:190} INFO - [2026-10-01T12:02:16.280+0000] {dag.py:3239} INFO - Sync 1 DAGs
[2026-10-01T12:02:16.301+0000] {logging_mixin.py:190} INFO - [2026-10-01T12:02:16.300+0000] {dag.py:4180} INFO - Setting next_dagrun for dag_triage_filter to None, run_after=None
[2026-10-01T12:02:16.332+0000] {processor.py:208} INFO - Processing /opt/airflow/dags/01_triaje_script.py took 0.765 seconds
[2026-10-01T12:02:47.029+0000] {processor.py:186} INFO - Started process (PID=2329) to work on /opt/airflow/dags/01_triaje_script.py
[2026-10-01T12:02:47.036+0000] {processor.py:914} INFO - Processing file /opt/airflow/dags/01_triaje_script.py for tasks to queue
[2026-10-01T12:02:47.041+0000] {logging_mixin.py:190} INFO - [2026-10-01T12:02:47.040+0000] {dagbag.py:588} INFO - Filling up the DagBag from /opt/airflow/dags/01_triaje_script.py
[2026-10-01T12:02:47.762+0000] {processor.py:925} INFO - DAG(s) 'dag_triage_filter' retrieved from /opt/airflow/dags/01_triaje_script.py
[2026-10-01T12:02:47.792+0000] {logging_mixin.py:190} INFO - [2026-10-01T12:02:47.791+0000] {dag.py:3239} INFO - Sync 1 DAGs
[2026-10-01T12:02:47.812+0000] {logging_mixin.py:190} INFO - [2026-10-01T12:02:47.812+0000] {dag.py:4180} INFO - Setting next_dagrun for dag_triage_filter to None, run_after=None
[2026-10-01T12:02:47.842+0000] {processor.py:208} INFO - Processing /opt/airflow/dags/01_triaje_script.py took 0.818 seconds
[2026-10-01T12:03:18.303+0000] {processor.py:186} INFO - Started process (PID=2346) to work on /opt/airflow/dags/01_triaje_script.py
[2026-10-01T12:03:18.308+0000] {processor.py:914} INFO - Processing file /opt/airflow/dags/01_triaje_script.py for tasks to queue
[2026-10-01T12:03:18.314+0000] {logging_mixin.py:190} INFO - [2026-10-01T12:03:18.314+0000] {dagbag.py:588} INFO - Filling up the DagBag from /opt/airflow/dags/01_triaje_script.py
[2026-10-01T12:03:19.068+0000] {processor.py:925} INFO - DAG(s) 'dag_triage_filter' retrieved from /opt/airflow/dags/01_triaje_script.py
[2026-10-01T12:03:19.098+0000] {logging_mixin.py:190} INFO - [2026-10-01T12:03:19.097+0000] {dag.py:3239} INFO - Sync 1 DAGs
[2026-10-01T12:03:19.117+0000] {logging_mixin.py:190} INFO - [2026-10-01T12:03:19.117+0000] {dag.py:4180} INFO - Setting next_dagrun for dag_triage_filter to None, run_after=None
[2026-10-01T12:03:19.146+0000] {processor.py:208} INFO - Processing /opt/airflow/dags/01_triaje_script.py took 0.848 seconds
[2026-10-01T12:03:49.645+0000] {processor.py:186} INFO - Started process (PID=2363) to work on /opt/airflow/dags/01_triaje_script.py
[2026-10-01T12:03:49.649+0000] {processor.py:914} INFO - Processing file /opt/airflow/dags/01_triaje_script.py for tasks to queue
[2026-10-01T12:03:49.653+0000] {logging_mixin.py:190} INFO - [2026-10-01T12:03:49.652+0000] {dagbag.py:588} INFO - Filling up the DagBag from /opt/airflow/dags/01_triaje_script.py
[2026-10-01T12:03:50.406+0000] {processor.py:925} INFO - DAG(s) 'dag_triage_filter' retrieved from /opt/airflow/dags/01_triaje_script.py
[2026-10-01T12:03:50.438+0000] {logging_mixin.py:190} INFO - [2026-10-01T12:03:50.438+0000] {dag.py:3239} INFO - Sync 1 DAGs
[2026-10-01T12:03:50.455+0000] {logging_mixin.py:190} INFO - [2026-10-01T12:03:50.454+0000] {dag.py:4180} INFO - Setting next_dagrun for dag_triage_filter to None, run_after=None
[2026-10-01T12:03:50.478+0000] {processor.py:208} INFO - Processing /opt/airflow/dags/01_triaje_script.py took 0.839 seconds
[2026-10-01T12:04:20.944+0000] {processor.py:186} INFO - Started process (PID=2380) to work on /opt/airflow/dags/01_triaje_script.py
[2026-10-01T12:04:20.965+0000] {processor.py:914} INFO - Processing file /opt/airflow/dags/01_triaje_script.py for tasks to queue
[2026-10-01T12:04:20.988+0000] {logging_mixin.py:190} INFO - [2026-10-01T12:04:20.987+0000] {dagbag.py:588} INFO - Filling up the DagBag from /opt/airflow/dags/01_triaje_script.py
[2026-10-01T12:04:22.142+0000] {processor.py:925} INFO - DAG(s) 'dag_triage_filter' retrieved from /opt/airflow/dags/01_triaje_script.py
[2026-10-01T12:04:22.202+0000] {logging_mixin.py:190} INFO - [2026-10-01T12:04:22.201+0000] {dag.py:3239} INFO - Sync 1 DAGs
[2026-10-01T12:04:22.230+0000] {logging_mixin.py:190} INFO - [2026-10-01T12:04:22.230+0000] {dag.py:4180} INFO - Setting next_dagrun for dag_triage_filter to None, run_after=None
[2026-10-01T12:04:22.253+0000] {processor.py:208} INFO - Processing /opt/airflow/dags/01_triaje_script.py took 1.319 seconds
[2026-10-01T12:04:52.452+0000] {processor.py:186} INFO - Started process (PID=2397) to work on /opt/airflow/dags/01_triaje_script.py
[2026-10-01T12:04:52.457+0000] {processor.py:914} INFO - Processing file /opt/airflow/dags/01_triaje_script.py for tasks to queue
[2026-10-01T12:04:52.462+0000] {logging_mixin.py:190} INFO - [2026-10-01T12:04:52.461+0000] {dagbag.py:588} INFO - Filling up the DagBag from /opt/airflow/dags/01_triaje_script.py
[2026-10-01T12:04:53.189+0000] {processor.py:925} INFO - DAG(s) 'dag_triage_filter' retrieved from /opt/airflow/dags/01_triaje_script.py
[2026-10-01T12:04:53.224+0000] {logging_mixin.py:190} INFO - [2026-10-01T12:04:53.223+0000] {dag.py:3239} INFO - Sync 1 DAGs
[2026-10-01T12:04:53.253+0000] {logging_mixin.py:190} INFO - [2026-10-01T12:04:53.253+0000] {dag.py:4180} INFO - Setting next_dagrun for dag_triage_filter to None, run_after=None
[2026-10-01T12:04:53.275+0000] {processor.py:208} INFO - Processing /opt/airflow/dags/01_triaje_script.py took 0.829 seconds
[2026-10-01T12:05:24.209+0000] {processor.py:186} INFO - Started process (PID=2414) to work on /opt/airflow/dags/01_triaje_script.py
[2026-10-01T12:05:24.230+0000] {processor.py:914} INFO - Processing file /opt/airflow/dags/01_triaje_script.py for tasks to queue
[2026-10-01T12:05:24.251+0000] {logging_mixin.py:190} INFO - [2026-10-01T12:05:24.250+0000] {dagbag.py:588} INFO - Filling up the DagBag from /opt/airflow/dags/01_triaje_script.py
[2026-10-01T12:05:25.238+0000] {processor.py:925} INFO - DAG(s) 'dag_triage_filter' retrieved from /opt/airflow/dags/01_triaje_script.py
[2026-10-01T12:05:25.285+0000] {logging_mixin.py:190} INFO - [2026-10-01T12:05:25.284+0000] {dag.py:3239} INFO - Sync 1 DAGs
[2026-10-01T12:05:25.315+0000] {logging_mixin.py:190} INFO - [2026-10-01T12:05:25.315+0000] {dag.py:4180} INFO - Setting next_dagrun for dag_triage_filter to None, run_after=None
[2026-10-01T12:05:25.359+0000] {processor.py:208} INFO - Processing /opt/airflow/dags/01_triaje_script.py took 1.157 seconds
[2026-10-01T12:05:55.607+0000] {processor.py:186} INFO - Started process (PID=2431) to work on /opt/airflow/dags/01_triaje_script.py
[2026-10-01T12:05:55.613+0000] {processor.py:914} INFO - Processing file /opt/airflow/dags/01_triaje_script.py for tasks to queue
[2026-10-01T12:05:55.628+0000] {logging_mixin.py:190} INFO - [2026-10-01T12:05:55.627+0000] {dagbag.py:588} INFO - Filling up the DagBag from /opt/airflow/dags/01_triaje_script.py
[2026-10-01T12:05:56.532+0000] {processor.py:925} INFO - DAG(s) 'dag_triage_filter' retrieved from /opt/airflow/dags/01_triaje_script.py
[2026-10-01T12:05:56.575+0000] {logging_mixin.py:190} INFO - [2026-10-01T12:05:56.573+0000] {dag.py:3239} INFO - Sync 1 DAGs
[2026-10-01T12:05:56.596+0000] {logging_mixin.py:190} INFO - [2026-10-01T12:05:56.596+0000] {dag.py:4180} INFO - Setting next_dagrun for dag_triage_filter to None, run_after=None
[2026-10-01T12:05:56.633+0000] {processor.py:208} INFO - Processing /opt/airflow/dags/01_triaje_script.py took 1.035 seconds
[2026-10-01T12:06:27.037+0000] {processor.py:186} INFO - Started process (PID=2448) to work on /opt/airflow/dags/01_triaje_script.py
[2026-10-01T12:06:27.046+0000] {processor.py:914} INFO - Processing file /opt/airflow/dags/01_triaje_script.py for tasks to queue
[2026-10-01T12:06:27.057+0000] {logging_mixin.py:190} INFO - [2026-10-01T12:06:27.056+0000] {dagbag.py:588} INFO - Filling up the DagBag from /opt/airflow/dags/01_triaje_script.py
[2026-10-01T12:06:27.788+0000] {processor.py:925} INFO - DAG(s) 'dag_triage_filter' retrieved from /opt/airflow/dags/01_triaje_script.py
[2026-10-01T12:06:27.822+0000] {logging_mixin.py:190} INFO - [2026-10-01T12:06:27.822+0000] {dag.py:3239} INFO - Sync 1 DAGs
[2026-10-01T12:06:27.846+0000] {logging_mixin.py:190} INFO - [2026-10-01T12:06:27.846+0000] {dag.py:4180} INFO - Setting next_dagrun for dag_triage_filter to None, run_after=None
[2026-10-01T12:06:27.880+0000] {processor.py:208} INFO - Processing /opt/airflow/dags/01_triaje_script.py took 0.853 seconds
[2026-10-01T12:06:58.355+0000] {processor.py:186} INFO - Started process (PID=2465) to work on /opt/airflow/dags/01_triaje_script.py
[2026-10-01T12:06:58.362+0000] {processor.py:914} INFO - Processing file /opt/airflow/dags/01_triaje_script.py for tasks to queue
[2026-10-01T12:06:58.366+0000] {logging_mixin.py:190} INFO - [2026-10-01T12:06:58.366+0000] {dagbag.py:588} INFO - Filling up the DagBag from /opt/airflow/dags/01_triaje_script.py
[2026-10-01T12:06:59.041+0000] {processor.py:925} INFO - DAG(s) 'dag_triage_filter' retrieved from /opt/airflow/dags/01_triaje_script.py
[2026-10-01T12:06:59.069+0000] {logging_mixin.py:190} INFO - [2026-10-01T12:06:59.068+0000] {dag.py:3239} INFO - Sync 1 DAGs
[2026-10-01T12:06:59.087+0000] {logging_mixin.py:190} INFO - [2026-10-01T12:06:59.087+0000] {dag.py:4180} INFO - Setting next_dagrun for dag_triage_filter to None, run_after=None
[2026-10-01T12:06:59.108+0000] {processor.py:208} INFO - Processing /opt/airflow/dags/01_triaje_script.py took 0.759 seconds
[2026-10-01T12:07:29.654+0000] {processor.py:186} INFO - Started process (PID=2482) to work on /opt/airflow/dags/01_triaje_script.py
[2026-10-01T12:07:29.665+0000] {processor.py:914} INFO - Processing file /opt/airflow/dags/01_triaje_script.py for tasks to queue
[2026-10-01T12:07:29.674+0000] {logging_mixin.py:190} INFO - [2026-10-01T12:07:29.673+0000] {dagbag.py:588} INFO - Filling up the DagBag from /opt/airflow/dags/01_triaje_script.py
[2026-10-01T12:07:30.525+0000] {processor.py:925} INFO - DAG(s) 'dag_triage_filter' retrieved from /opt/airflow/dags/01_triaje_script.py
[2026-10-01T12:07:30.560+0000] {logging_mixin.py:190} INFO - [2026-10-01T12:07:30.560+0000] {dag.py:3239} INFO - Sync 1 DAGs
[2026-10-01T12:07:30.579+0000] {logging_mixin.py:190} INFO - [2026-10-01T12:07:30.578+0000] {dag.py:4180} INFO - Setting next_dagrun for dag_triage_filter to None, run_after=None
[2026-10-01T12:07:30.600+0000] {processor.py:208} INFO - Processing /opt/airflow/dags/01_triaje_script.py took 0.954 seconds
[2026-10-01T12:08:01.267+0000] {processor.py:186} INFO - Started process (PID=2499) to work on /opt/airflow/dags/01_triaje_script.py
[2026-10-01T12:08:01.272+0000] {processor.py:914} INFO - Processing file /opt/airflow/dags/01_triaje_script.py for tasks to queue
[2026-10-01T12:08:01.278+0000] {logging_mixin.py:190} INFO - [2026-10-01T12:08:01.277+0000] {dagbag.py:588} INFO - Filling up the DagBag from /opt/airflow/dags/01_triaje_script.py
[2026-10-01T12:08:01.991+0000] {processor.py:925} INFO - DAG(s) 'dag_triage_filter' retrieved from /opt/airflow/dags/01_triaje_script.py
[2026-10-01T12:08:02.032+0000] {logging_mixin.py:190} INFO - [2026-10-01T12:08:02.032+0000] {dag.py:3239} INFO - Sync 1 DAGs
[2026-10-01T12:08:02.077+0000] {logging_mixin.py:190} INFO - [2026-10-01T12:08:02.077+0000] {dag.py:4180} INFO - Setting next_dagrun for dag_triage_filter to None, run_after=None
[2026-10-01T12:08:02.130+0000] {processor.py:208} INFO - Processing /opt/airflow/dags/01_triaje_script.py took 0.872 seconds
[2026-10-01T12:08:32.730+0000] {processor.py:186} INFO - Started process (PID=2516) to work on /opt/airflow/dags/01_triaje_script.py
[2026-10-01T12:08:32.736+0000] {processor.py:914} INFO - Processing file /opt/airflow/dags/01_triaje_script.py for tasks to queue
[2026-10-01T12:08:32.741+0000] {logging_mixin.py:190} INFO - [2026-10-01T12:08:32.740+0000] {dagbag.py:588} INFO - Filling up the DagBag from /opt/airflow/dags/01_triaje_script.py
[2026-10-01T12:08:33.503+0000] {processor.py:925} INFO - DAG(s) 'dag_triage_filter' retrieved from /opt/airflow/dags/01_triaje_script.py
[2026-10-01T12:08:33.533+0000] {logging_mixin.py:190} INFO - [2026-10-01T12:08:33.532+0000] {dag.py:3239} INFO - Sync 1 DAGs
[2026-10-01T12:08:33.554+0000] {logging_mixin.py:190} INFO - [2026-10-01T12:08:33.554+0000] {dag.py:4180} INFO - Setting next_dagrun for dag_triage_filter to None, run_after=None
[2026-10-01T12:08:33.582+0000] {processor.py:208} INFO - Processing /opt/airflow/dags/01_triaje_script.py took 0.860 seconds
[2026-10-01T12:09:04.176+0000] {processor.py:186} INFO - Started process (PID=2533) to work on /opt/airflow/dags/01_triaje_script.py
[2026-10-01T12:09:04.185+0000] {processor.py:914} INFO - Processing file /opt/airflow/dags/01_triaje_script.py for tasks to queue
[2026-10-01T12:09:04.192+0000] {logging_mixin.py:190} INFO - [2026-10-01T12:09:04.192+0000] {dagbag.py:588} INFO - Filling up the DagBag from /opt/airflow/dags/01_triaje_script.py
[2026-10-01T12:09:04.992+0000] {processor.py:925} INFO - DAG(s) 'dag_triage_filter' retrieved from /opt/airflow/dags/01_triaje_script.py
[2026-10-01T12:09:05.025+0000] {logging_mixin.py:190} INFO - [2026-10-01T12:09:05.024+0000] {dag.py:3239} INFO - Sync 1 DAGs
[2026-10-01T12:09:05.052+0000] {logging_mixin.py:190} INFO - [2026-10-01T12:09:05.052+0000] {dag.py:4180} INFO - Setting next_dagrun for dag_triage_filter to None, run_after=None
[2026-10-01T12:09:05.088+0000] {processor.py:208} INFO - Processing /opt/airflow/dags/01_triaje_script.py took 0.917 seconds
[2026-10-01T12:09:35.621+0000] {processor.py:186} INFO - Started process (PID=2550) to work on /opt/airflow/dags/01_triaje_script.py
[2026-10-01T12:09:35.626+0000] {processor.py:914} INFO - Processing file /opt/airflow/dags/01_triaje_script.py for tasks to queue
[2026-10-01T12:09:35.634+0000] {logging_mixin.py:190} INFO - [2026-10-01T12:09:35.633+0000] {dagbag.py:588} INFO - Filling up the DagBag from /opt/airflow/dags/01_triaje_script.py
[2026-10-01T12:09:36.326+0000] {processor.py:925} INFO - DAG(s) 'dag_triage_filter' retrieved from /opt/airflow/dags/01_triaje_script.py
[2026-10-01T12:09:36.355+0000] {logging_mixin.py:190} INFO - [2026-10-01T12:09:36.354+0000] {dag.py:3239} INFO - Sync 1 DAGs
[2026-10-01T12:09:36.372+0000] {logging_mixin.py:190} INFO - [2026-10-01T12:09:36.372+0000] {dag.py:4180} INFO - Setting next_dagrun for dag_triage_filter to None, run_after=None
[2026-10-01T12:09:36.399+0000] {processor.py:208} INFO - Processing /opt/airflow/dags/01_triaje_script.py took 0.785 seconds
[2026-10-01T12:10:06.842+0000] {processor.py:186} INFO - Started process (PID=2567) to work on /opt/airflow/dags/01_triaje_script.py
[2026-10-01T12:10:06.847+0000] {processor.py:914} INFO - Processing file /opt/airflow/dags/01_triaje_script.py for tasks to queue
[2026-10-01T12:10:06.852+0000] {logging_mixin.py:190} INFO - [2026-10-01T12:10:06.852+0000] {dagbag.py:588} INFO - Filling up the DagBag from /opt/airflow/dags/01_triaje_script.py
[2026-10-01T12:10:07.529+0000] {processor.py:925} INFO - DAG(s) 'dag_triage_filter' retrieved from /opt/airflow/dags/01_triaje_script.py
[2026-10-01T12:10:07.565+0000] {logging_mixin.py:190} INFO - [2026-10-01T12:10:07.565+0000] {dag.py:3239} INFO - Sync 1 DAGs
[2026-10-01T12:10:07.582+0000] {logging_mixin.py:190} INFO - [2026-10-01T12:10:07.582+0000] {dag.py:4180} INFO - Setting next_dagrun for dag_triage_filter to None, run_after=None
[2026-10-01T12:10:07.606+0000] {processor.py:208} INFO - Processing /opt/airflow/dags/01_triaje_script.py took 0.771 seconds
[2026-10-01T12:10:38.015+0000] {processor.py:186} INFO - Started process (PID=2584) to work on /opt/airflow/dags/01_triaje_script.py
[2026-10-01T12:10:38.019+0000] {processor.py:914} INFO - Processing file /opt/airflow/dags/01_triaje_script.py for tasks to queue
[2026-10-01T12:10:38.023+0000] {logging_mixin.py:190} INFO - [2026-10-01T12:10:38.023+0000] {dagbag.py:588} INFO - Filling up the DagBag from /opt/airflow/dags/01_triaje_script.py
[2026-10-01T12:10:38.695+0000] {processor.py:925} INFO - DAG(s) 'dag_triage_filter' retrieved from /opt/airflow/dags/01_triaje_script.py
[2026-10-01T12:10:38.723+0000] {logging_mixin.py:190} INFO - [2026-10-01T12:10:38.723+0000] {dag.py:3239} INFO - Sync 1 DAGs
[2026-10-01T12:10:38.743+0000] {logging_mixin.py:190} INFO - [2026-10-01T12:10:38.742+0000] {dag.py:4180} INFO - Setting next_dagrun for dag_triage_filter to None, run_after=None
[2026-10-01T12:10:38.765+0000] {processor.py:208} INFO - Processing /opt/airflow/dags/01_triaje_script.py took 0.758 seconds
[2026-10-01T12:11:09.222+0000] {processor.py:186} INFO - Started process (PID=2601) to work on /opt/airflow/dags/01_triaje_script.py
[2026-10-01T12:11:09.238+0000] {processor.py:914} INFO - Processing file /opt/airflow/dags/01_triaje_script.py for tasks to queue
[2026-10-01T12:11:09.243+0000] {logging_mixin.py:190} INFO - [2026-10-01T12:11:09.243+0000] {dagbag.py:588} INFO - Filling up the DagBag from /opt/airflow/dags/01_triaje_script.py
[2026-10-01T12:11:10.042+0000] {processor.py:925} INFO - DAG(s) 'dag_triage_filter' retrieved from /opt/airflow/dags/01_triaje_script.py
[2026-10-01T12:11:10.076+0000] {logging_mixin.py:190} INFO - [2026-10-01T12:11:10.075+0000] {dag.py:3239} INFO - Sync 1 DAGs
[2026-10-01T12:11:10.094+0000] {logging_mixin.py:190} INFO - [2026-10-01T12:11:10.094+0000] {dag.py:4180} INFO - Setting next_dagrun for dag_triage_filter to None, run_after=None
[2026-10-01T12:11:10.119+0000] {processor.py:208} INFO - Processing /opt/airflow/dags/01_triaje_script.py took 0.903 seconds
[2026-10-01T12:11:40.530+0000] {processor.py:186} INFO - Started process (PID=2618) to work on /opt/airflow/dags/01_triaje_script.py
[2026-10-01T12:11:40.532+0000] {processor.py:914} INFO - Processing file /opt/airflow/dags/01_triaje_script.py for tasks to queue
[2026-10-01T12:11:40.534+0000] {logging_mixin.py:190} INFO - [2026-10-01T12:11:40.534+0000] {dagbag.py:588} INFO - Filling up the DagBag from /opt/airflow/dags/01_triaje_script.py
[2026-10-01T12:11:41.223+0000] {processor.py:925} INFO - DAG(s) 'dag_triage_filter' retrieved from /opt/airflow/dags/01_triaje_script.py
[2026-10-01T12:11:41.252+0000] {logging_mixin.py:190} INFO - [2026-10-01T12:11:41.251+0000] {dag.py:3239} INFO - Sync 1 DAGs
[2026-10-01T12:11:41.275+0000] {logging_mixin.py:190} INFO - [2026-10-01T12:11:41.275+0000] {dag.py:4180} INFO - Setting next_dagrun for dag_triage_filter to None, run_after=None
[2026-10-01T12:11:41.300+0000] {processor.py:208} INFO - Processing /opt/airflow/dags/01_triaje_script.py took 0.776 seconds
[2026-10-01T12:12:11.789+0000] {processor.py:186} INFO - Started process (PID=2635) to work on /opt/airflow/dags/01_triaje_script.py
[2026-10-01T12:12:11.798+0000] {processor.py:914} INFO - Processing file /opt/airflow/dags/01_triaje_script.py for tasks to queue
[2026-10-01T12:12:11.807+0000] {logging_mixin.py:190} INFO - [2026-10-01T12:12:11.806+0000] {dagbag.py:588} INFO - Filling up the DagBag from /opt/airflow/dags/01_triaje_script.py
[2026-10-01T12:12:12.546+0000] {processor.py:925} INFO - DAG(s) 'dag_triage_filter' retrieved from /opt/airflow/dags/01_triaje_script.py
[2026-10-01T12:12:12.579+0000] {logging_mixin.py:190} INFO - [2026-10-01T12:12:12.578+0000] {dag.py:3239} INFO - Sync 1 DAGs
[2026-10-01T12:12:12.596+0000] {logging_mixin.py:190} INFO - [2026-10-01T12:12:12.596+0000] {dag.py:4180} INFO - Setting next_dagrun for dag_triage_filter to None, run_after=None
[2026-10-01T12:12:12.617+0000] {processor.py:208} INFO - Processing /opt/airflow/dags/01_triaje_script.py took 0.840 seconds
[2026-10-01T12:12:43.096+0000] {processor.py:186} INFO - Started process (PID=2652) to work on /opt/airflow/dags/01_triaje_script.py
[2026-10-01T12:12:43.100+0000] {processor.py:914} INFO - Processing file /opt/airflow/dags/01_triaje_script.py for tasks to queue
[2026-10-01T12:12:43.104+0000] {logging_mixin.py:190} INFO - [2026-10-01T12:12:43.103+0000] {dagbag.py:588} INFO - Filling up the DagBag from /opt/airflow/dags/01_triaje_script.py
[2026-10-01T12:12:43.811+0000] {processor.py:925} INFO - DAG(s) 'dag_triage_filter' retrieved from /opt/airflow/dags/01_triaje_script.py
[2026-10-01T12:12:43.839+0000] {logging_mixin.py:190} INFO - [2026-10-01T12:12:43.839+0000] {dag.py:3239} INFO - Sync 1 DAGs
[2026-10-01T12:12:43.854+0000] {logging_mixin.py:190} INFO - [2026-10-01T12:12:43.853+0000] {dag.py:4180} INFO - Setting next_dagrun for dag_triage_filter to None, run_after=None
[2026-10-01T12:12:43.889+0000] {processor.py:208} INFO - Processing /opt/airflow/dags/01_triaje_script.py took 0.799 seconds
[2026-10-01T12:13:14.302+0000] {processor.py:186} INFO - Started process (PID=2669) to work on /opt/airflow/dags/01_triaje_script.py
[2026-10-01T12:13:14.307+0000] {processor.py:914} INFO - Processing file /opt/airflow/dags/01_triaje_script.py for tasks to queue
[2026-10-01T12:13:14.312+0000] {logging_mixin.py:190} INFO - [2026-10-01T12:13:14.312+0000] {dagbag.py:588} INFO - Filling up the DagBag from /opt/airflow/dags/01_triaje_script.py
[2026-10-01T12:13:14.996+0000] {processor.py:925} INFO - DAG(s) 'dag_triage_filter' retrieved from /opt/airflow/dags/01_triaje_script.py
[2026-10-01T12:13:15.027+0000] {logging_mixin.py:190} INFO - [2026-10-01T12:13:15.027+0000] {dag.py:3239} INFO - Sync 1 DAGs
[2026-10-01T12:13:15.045+0000] {logging_mixin.py:190} INFO - [2026-10-01T12:13:15.044+0000] {dag.py:4180} INFO - Setting next_dagrun for dag_triage_filter to None, run_after=None
[2026-10-01T12:13:15.082+0000] {processor.py:208} INFO - Processing /opt/airflow/dags/01_triaje_script.py took 0.785 seconds
[2026-10-01T12:13:45.426+0000] {processor.py:186} INFO - Started process (PID=2686) to work on /opt/airflow/dags/01_triaje_script.py
[2026-10-01T12:13:45.429+0000] {processor.py:914} INFO - Processing file /opt/airflow/dags/01_triaje_script.py for tasks to queue
[2026-10-01T12:13:45.432+0000] {logging_mixin.py:190} INFO - [2026-10-01T12:13:45.432+0000] {dagbag.py:588} INFO - Filling up the DagBag from /opt/airflow/dags/01_triaje_script.py
[2026-10-01T12:13:46.116+0000] {processor.py:925} INFO - DAG(s) 'dag_triage_filter' retrieved from /opt/airflow/dags/01_triaje_script.py
[2026-10-01T12:13:46.144+0000] {logging_mixin.py:190} INFO - [2026-10-01T12:13:46.144+0000] {dag.py:3239} INFO - Sync 1 DAGs
[2026-10-01T12:13:46.161+0000] {logging_mixin.py:190} INFO - [2026-10-01T12:13:46.160+0000] {dag.py:4180} INFO - Setting next_dagrun for dag_triage_filter to None, run_after=None
[2026-10-01T12:13:46.183+0000] {processor.py:208} INFO - Processing /opt/airflow/dags/01_triaje_script.py took 0.762 seconds
[2026-10-01T12:14:16.549+0000] {processor.py:186} INFO - Started process (PID=2703) to work on /opt/airflow/dags/01_triaje_script.py
[2026-10-01T12:14:16.554+0000] {processor.py:914} INFO - Processing file /opt/airflow/dags/01_triaje_script.py for tasks to queue
[2026-10-01T12:14:16.561+0000] {logging_mixin.py:190} INFO - [2026-10-01T12:14:16.560+0000] {dagbag.py:588} INFO - Filling up the DagBag from /opt/airflow/dags/01_triaje_script.py
[2026-10-01T12:14:17.281+0000] {processor.py:925} INFO - DAG(s) 'dag_triage_filter' retrieved from /opt/airflow/dags/01_triaje_script.py
[2026-10-01T12:14:17.331+0000] {logging_mixin.py:190} INFO - [2026-10-01T12:14:17.331+0000] {dag.py:3239} INFO - Sync 1 DAGs
[2026-10-01T12:14:17.350+0000] {logging_mixin.py:190} INFO - [2026-10-01T12:14:17.350+0000] {dag.py:4180} INFO - Setting next_dagrun for dag_triage_filter to None, run_after=None
[2026-10-01T12:14:17.368+0000] {processor.py:208} INFO - Processing /opt/airflow/dags/01_triaje_script.py took 0.824 seconds
[2026-10-01T12:14:48.328+0000] {processor.py:186} INFO - Started process (PID=2720) to work on /opt/airflow/dags/01_triaje_script.py
[2026-10-01T12:14:48.350+0000] {processor.py:914} INFO - Processing file /opt/airflow/dags/01_triaje_script.py for tasks to queue
[2026-10-01T12:14:48.368+0000] {logging_mixin.py:190} INFO - [2026-10-01T12:14:48.367+0000] {dagbag.py:588} INFO - Filling up the DagBag from /opt/airflow/dags/01_triaje_script.py
[2026-10-01T12:14:50.608+0000] {processor.py:925} INFO - DAG(s) 'dag_triage_filter' retrieved from /opt/airflow/dags/01_triaje_script.py
[2026-10-01T12:14:50.721+0000] {logging_mixin.py:190} INFO - [2026-10-01T12:14:50.719+0000] {dag.py:3239} INFO - Sync 1 DAGs
[2026-10-01T12:14:50.798+0000] {logging_mixin.py:190} INFO - [2026-10-01T12:14:50.797+0000] {dag.py:4180} INFO - Setting next_dagrun for dag_triage_filter to None, run_after=None
[2026-10-01T12:14:50.901+0000] {processor.py:208} INFO - Processing /opt/airflow/dags/01_triaje_script.py took 2.598 seconds
[2026-10-01T12:15:21.577+0000] {processor.py:186} INFO - Started process (PID=2737) to work on /opt/airflow/dags/01_triaje_script.py
[2026-10-01T12:15:21.591+0000] {processor.py:914} INFO - Processing file /opt/airflow/dags/01_triaje_script.py for tasks to queue
[2026-10-01T12:15:21.595+0000] {logging_mixin.py:190} INFO - [2026-10-01T12:15:21.595+0000] {dagbag.py:588} INFO - Filling up the DagBag from /opt/airflow/dags/01_triaje_script.py
[2026-10-01T12:15:22.307+0000] {processor.py:925} INFO - DAG(s) 'dag_triage_filter' retrieved from /opt/airflow/dags/01_triaje_script.py
[2026-10-01T12:15:22.336+0000] {logging_mixin.py:190} INFO - [2026-10-01T12:15:22.336+0000] {dag.py:3239} INFO - Sync 1 DAGs
[2026-10-01T12:15:22.354+0000] {logging_mixin.py:190} INFO - [2026-10-01T12:15:22.354+0000] {dag.py:4180} INFO - Setting next_dagrun for dag_triage_filter to None, run_after=None
[2026-10-01T12:15:22.379+0000] {processor.py:208} INFO - Processing /opt/airflow/dags/01_triaje_script.py took 0.807 seconds
[2026-10-01T12:15:52.792+0000] {processor.py:186} INFO - Started process (PID=2754) to work on /opt/airflow/dags/01_triaje_script.py
[2026-10-01T12:15:52.797+0000] {processor.py:914} INFO - Processing file /opt/airflow/dags/01_triaje_script.py for tasks to queue
[2026-10-01T12:15:52.801+0000] {logging_mixin.py:190} INFO - [2026-10-01T12:15:52.801+0000] {dagbag.py:588} INFO - Filling up the DagBag from /opt/airflow/dags/01_triaje_script.py
[2026-10-01T12:15:53.480+0000] {processor.py:925} INFO - DAG(s) 'dag_triage_filter' retrieved from /opt/airflow/dags/01_triaje_script.py
[2026-10-01T12:15:53.505+0000] {logging_mixin.py:190} INFO - [2026-10-01T12:15:53.505+0000] {dag.py:3239} INFO - Sync 1 DAGs
[2026-10-01T12:15:53.521+0000] {logging_mixin.py:190} INFO - [2026-10-01T12:15:53.520+0000] {dag.py:4180} INFO - Setting next_dagrun for dag_triage_filter to None, run_after=None
[2026-10-01T12:15:53.538+0000] {processor.py:208} INFO - Processing /opt/airflow/dags/01_triaje_script.py took 0.752 seconds
[2026-10-01T12:16:23.897+0000] {processor.py:186} INFO - Started process (PID=2771) to work on /opt/airflow/dags/01_triaje_script.py
[2026-10-01T12:16:23.899+0000] {processor.py:914} INFO - Processing file /opt/airflow/dags/01_triaje_script.py for tasks to queue
[2026-10-01T12:16:23.901+0000] {logging_mixin.py:190} INFO - [2026-10-01T12:16:23.900+0000] {dagbag.py:588} INFO - Filling up the DagBag from /opt/airflow/dags/01_triaje_script.py
[2026-10-01T12:16:24.566+0000] {processor.py:925} INFO - DAG(s) 'dag_triage_filter' retrieved from /opt/airflow/dags/01_triaje_script.py
[2026-10-01T12:16:24.593+0000] {logging_mixin.py:190} INFO - [2026-10-01T12:16:24.593+0000] {dag.py:3239} INFO - Sync 1 DAGs
[2026-10-01T12:16:24.609+0000] {logging_mixin.py:190} INFO - [2026-10-01T12:16:24.609+0000] {dag.py:4180} INFO - Setting next_dagrun for dag_triage_filter to None, run_after=None
[2026-10-01T12:16:24.631+0000] {processor.py:208} INFO - Processing /opt/airflow/dags/01_triaje_script.py took 0.739 seconds
[2026-10-01T12:16:55.062+0000] {processor.py:186} INFO - Started process (PID=2788) to work on /opt/airflow/dags/01_triaje_script.py
[2026-10-01T12:16:55.066+0000] {processor.py:914} INFO - Processing file /opt/airflow/dags/01_triaje_script.py for tasks to queue
[2026-10-01T12:16:55.070+0000] {logging_mixin.py:190} INFO - [2026-10-01T12:16:55.069+0000] {dagbag.py:588} INFO - Filling up the DagBag from /opt/airflow/dags/01_triaje_script.py
[2026-10-01T12:16:55.793+0000] {processor.py:925} INFO - DAG(s) 'dag_triage_filter' retrieved from /opt/airflow/dags/01_triaje_script.py
[2026-10-01T12:16:55.827+0000] {logging_mixin.py:190} INFO - [2026-10-01T12:16:55.827+0000] {dag.py:3239} INFO - Sync 1 DAGs
[2026-10-01T12:16:55.852+0000] {logging_mixin.py:190} INFO - [2026-10-01T12:16:55.851+0000] {dag.py:4180} INFO - Setting next_dagrun for dag_triage_filter to None, run_after=None
[2026-10-01T12:16:55.880+0000] {processor.py:208} INFO - Processing /opt/airflow/dags/01_triaje_script.py took 0.824 seconds
[2026-10-01T12:17:26.403+0000] {processor.py:186} INFO - Started process (PID=2805) to work on /opt/airflow/dags/01_triaje_script.py
[2026-10-01T12:17:26.405+0000] {processor.py:914} INFO - Processing file /opt/airflow/dags/01_triaje_script.py for tasks to queue
[2026-10-01T12:17:26.408+0000] {logging_mixin.py:190} INFO - [2026-10-01T12:17:26.407+0000] {dagbag.py:588} INFO - Filling up the DagBag from /opt/airflow/dags/01_triaje_script.py
[2026-10-01T12:17:27.084+0000] {processor.py:925} INFO - DAG(s) 'dag_triage_filter' retrieved from /opt/airflow/dags/01_triaje_script.py
[2026-10-01T12:17:27.132+0000] {logging_mixin.py:190} INFO - [2026-10-01T12:17:27.131+0000] {dag.py:3239} INFO - Sync 1 DAGs
[2026-10-01T12:17:27.147+0000] {logging_mixin.py:190} INFO - [2026-10-01T12:17:27.147+0000] {dag.py:4180} INFO - Setting next_dagrun for dag_triage_filter to None, run_after=None
[2026-10-01T12:17:27.171+0000] {processor.py:208} INFO - Processing /opt/airflow/dags/01_triaje_script.py took 0.773 seconds
[2026-10-01T12:17:57.536+0000] {processor.py:186} INFO - Started process (PID=2822) to work on /opt/airflow/dags/01_triaje_script.py
[2026-10-01T12:17:57.538+0000] {processor.py:914} INFO - Processing file /opt/airflow/dags/01_triaje_script.py for tasks to queue
[2026-10-01T12:17:57.540+0000] {logging_mixin.py:190} INFO - [2026-10-01T12:17:57.540+0000] {dagbag.py:588} INFO - Filling up the DagBag from /opt/airflow/dags/01_triaje_script.py
[2026-10-01T12:17:58.191+0000] {processor.py:925} INFO - DAG(s) 'dag_triage_filter' retrieved from /opt/airflow/dags/01_triaje_script.py
[2026-10-01T12:17:58.219+0000] {logging_mixin.py:190} INFO - [2026-10-01T12:17:58.219+0000] {dag.py:3239} INFO - Sync 1 DAGs
[2026-10-01T12:17:58.234+0000] {logging_mixin.py:190} INFO - [2026-10-01T12:17:58.234+0000] {dag.py:4180} INFO - Setting next_dagrun for dag_triage_filter to None, run_after=None
[2026-10-01T12:17:58.256+0000] {processor.py:208} INFO - Processing /opt/airflow/dags/01_triaje_script.py took 0.726 seconds
[2026-10-01T12:18:28.782+0000] {processor.py:186} INFO - Started process (PID=2839) to work on /opt/airflow/dags/01_triaje_script.py
[2026-10-01T12:18:28.787+0000] {processor.py:914} INFO - Processing file /opt/airflow/dags/01_triaje_script.py for tasks to queue
[2026-10-01T12:18:28.792+0000] {logging_mixin.py:190} INFO - [2026-10-01T12:18:28.791+0000] {dagbag.py:588} INFO - Filling up the DagBag from /opt/airflow/dags/01_triaje_script.py
[2026-10-01T12:18:29.537+0000] {processor.py:925} INFO - DAG(s) 'dag_triage_filter' retrieved from /opt/airflow/dags/01_triaje_script.py
[2026-10-01T12:18:29.567+0000] {logging_mixin.py:190} INFO - [2026-10-01T12:18:29.566+0000] {dag.py:3239} INFO - Sync 1 DAGs
[2026-10-01T12:18:29.584+0000] {logging_mixin.py:190} INFO - [2026-10-01T12:18:29.584+0000] {dag.py:4180} INFO - Setting next_dagrun for dag_triage_filter to None, run_after=None
[2026-10-01T12:18:29.604+0000] {processor.py:208} INFO - Processing /opt/airflow/dags/01_triaje_script.py took 0.829 seconds
[2026-10-01T12:18:59.781+0000] {processor.py:186} INFO - Started process (PID=2856) to work on /opt/airflow/dags/01_triaje_script.py
[2026-10-01T12:18:59.789+0000] {processor.py:914} INFO - Processing file /opt/airflow/dags/01_triaje_script.py for tasks to queue
[2026-10-01T12:18:59.796+0000] {logging_mixin.py:190} INFO - [2026-10-01T12:18:59.795+0000] {dagbag.py:588} INFO - Filling up the DagBag from /opt/airflow/dags/01_triaje_script.py
[2026-10-01T12:19:00.497+0000] {processor.py:925} INFO - DAG(s) 'dag_triage_filter' retrieved from /opt/airflow/dags/01_triaje_script.py
[2026-10-01T12:19:00.529+0000] {logging_mixin.py:190} INFO - [2026-10-01T12:19:00.529+0000] {dag.py:3239} INFO - Sync 1 DAGs
[2026-10-01T12:19:00.556+0000] {logging_mixin.py:190} INFO - [2026-10-01T12:19:00.556+0000] {dag.py:4180} INFO - Setting next_dagrun for dag_triage_filter to None, run_after=None
[2026-10-01T12:19:00.593+0000] {processor.py:208} INFO - Processing /opt/airflow/dags/01_triaje_script.py took 0.826 seconds
[2026-10-01T12:19:31.142+0000] {processor.py:186} INFO - Started process (PID=2873) to work on /opt/airflow/dags/01_triaje_script.py
[2026-10-01T12:19:31.152+0000] {processor.py:914} INFO - Processing file /opt/airflow/dags/01_triaje_script.py for tasks to queue
[2026-10-01T12:19:31.163+0000] {logging_mixin.py:190} INFO - [2026-10-01T12:19:31.162+0000] {dagbag.py:588} INFO - Filling up the DagBag from /opt/airflow/dags/01_triaje_script.py
[2026-10-01T12:19:31.944+0000] {processor.py:925} INFO - DAG(s) 'dag_triage_filter' retrieved from /opt/airflow/dags/01_triaje_script.py
[2026-10-01T12:19:31.976+0000] {logging_mixin.py:190} INFO - [2026-10-01T12:19:31.975+0000] {dag.py:3239} INFO - Sync 1 DAGs
[2026-10-01T12:19:31.992+0000] {logging_mixin.py:190} INFO - [2026-10-01T12:19:31.992+0000] {dag.py:4180} INFO - Setting next_dagrun for dag_triage_filter to None, run_after=None
[2026-10-01T12:19:32.014+0000] {processor.py:208} INFO - Processing /opt/airflow/dags/01_triaje_script.py took 0.883 seconds
[2026-10-01T12:20:02.484+0000] {processor.py:186} INFO - Started process (PID=2890) to work on /opt/airflow/dags/01_triaje_script.py
[2026-10-01T12:20:02.490+0000] {processor.py:914} INFO - Processing file /opt/airflow/dags/01_triaje_script.py for tasks to queue
[2026-10-01T12:20:02.496+0000] {logging_mixin.py:190} INFO - [2026-10-01T12:20:02.495+0000] {dagbag.py:588} INFO - Filling up the DagBag from /opt/airflow/dags/01_triaje_script.py
[2026-10-01T12:20:03.289+0000] {processor.py:925} INFO - DAG(s) 'dag_triage_filter' retrieved from /opt/airflow/dags/01_triaje_script.py
[2026-10-01T12:20:03.325+0000] {logging_mixin.py:190} INFO - [2026-10-01T12:20:03.325+0000] {dag.py:3239} INFO - Sync 1 DAGs
[2026-10-01T12:20:03.344+0000] {logging_mixin.py:190} INFO - [2026-10-01T12:20:03.344+0000] {dag.py:4180} INFO - Setting next_dagrun for dag_triage_filter to None, run_after=None
[2026-10-01T12:20:03.373+0000] {processor.py:208} INFO - Processing /opt/airflow/dags/01_triaje_script.py took 0.896 seconds
[2026-10-01T12:20:33.875+0000] {processor.py:186} INFO - Started process (PID=2907) to work on /opt/airflow/dags/01_triaje_script.py
[2026-10-01T12:20:33.885+0000] {processor.py:914} INFO - Processing file /opt/airflow/dags/01_triaje_script.py for tasks to queue
[2026-10-01T12:20:33.892+0000] {logging_mixin.py:190} INFO - [2026-10-01T12:20:33.891+0000] {dagbag.py:588} INFO - Filling up the DagBag from /opt/airflow/dags/01_triaje_script.py
[2026-10-01T12:20:34.675+0000] {processor.py:925} INFO - DAG(s) 'dag_triage_filter' retrieved from /opt/airflow/dags/01_triaje_script.py
[2026-10-01T12:20:34.704+0000] {logging_mixin.py:190} INFO - [2026-10-01T12:20:34.704+0000] {dag.py:3239} INFO - Sync 1 DAGs
[2026-10-01T12:20:34.724+0000] {logging_mixin.py:190} INFO - [2026-10-01T12:20:34.724+0000] {dag.py:4180} INFO - Setting next_dagrun for dag_triage_filter to None, run_after=None
[2026-10-01T12:20:34.749+0000] {processor.py:208} INFO - Processing /opt/airflow/dags/01_triaje_script.py took 0.880 seconds
[2026-10-01T12:21:05.291+0000] {processor.py:186} INFO - Started process (PID=2924) to work on /opt/airflow/dags/01_triaje_script.py
[2026-10-01T12:21:05.295+0000] {processor.py:914} INFO - Processing file /opt/airflow/dags/01_triaje_script.py for tasks to queue
[2026-10-01T12:21:05.299+0000] {logging_mixin.py:190} INFO - [2026-10-01T12:21:05.299+0000] {dagbag.py:588} INFO - Filling up the DagBag from /opt/airflow/dags/01_triaje_script.py
[2026-10-01T12:21:05.993+0000] {processor.py:925} INFO - DAG(s) 'dag_triage_filter' retrieved from /opt/airflow/dags/01_triaje_script.py
[2026-10-01T12:21:06.026+0000] {logging_mixin.py:190} INFO - [2026-10-01T12:21:06.026+0000] {dag.py:3239} INFO - Sync 1 DAGs
[2026-10-01T12:21:06.046+0000] {logging_mixin.py:190} INFO - [2026-10-01T12:21:06.046+0000] {dag.py:4180} INFO - Setting next_dagrun for dag_triage_filter to None, run_after=None
[2026-10-01T12:21:06.070+0000] {processor.py:208} INFO - Processing /opt/airflow/dags/01_triaje_script.py took 0.788 seconds
[2026-10-01T12:21:36.669+0000] {processor.py:186} INFO - Started process (PID=2941) to work on /opt/airflow/dags/01_triaje_script.py
[2026-10-01T12:21:36.678+0000] {processor.py:914} INFO - Processing file /opt/airflow/dags/01_triaje_script.py for tasks to queue
[2026-10-01T12:21:36.684+0000] {logging_mixin.py:190} INFO - [2026-10-01T12:21:36.683+0000] {dagbag.py:588} INFO - Filling up the DagBag from /opt/airflow/dags/01_triaje_script.py
[2026-10-01T12:21:37.389+0000] {processor.py:925} INFO - DAG(s) 'dag_triage_filter' retrieved from /opt/airflow/dags/01_triaje_script.py
[2026-10-01T12:21:37.419+0000] {logging_mixin.py:190} INFO - [2026-10-01T12:21:37.418+0000] {dag.py:3239} INFO - Sync 1 DAGs
[2026-10-01T12:21:37.441+0000] {logging_mixin.py:190} INFO - [2026-10-01T12:21:37.441+0000] {dag.py:4180} INFO - Setting next_dagrun for dag_triage_filter to None, run_after=None
[2026-10-01T12:21:37.465+0000] {processor.py:208} INFO - Processing /opt/airflow/dags/01_triaje_script.py took 0.804 seconds
[2026-10-01T12:22:07.810+0000] {processor.py:186} INFO - Started process (PID=2958) to work on /opt/airflow/dags/01_triaje_script.py
[2026-10-01T12:22:07.820+0000] {processor.py:914} INFO - Processing file /opt/airflow/dags/01_triaje_script.py for tasks to queue
[2026-10-01T12:22:07.826+0000] {logging_mixin.py:190} INFO - [2026-10-01T12:22:07.826+0000] {dagbag.py:588} INFO - Filling up the DagBag from /opt/airflow/dags/01_triaje_script.py
[2026-10-01T12:22:08.538+0000] {processor.py:925} INFO - DAG(s) 'dag_triage_filter' retrieved from /opt/airflow/dags/01_triaje_script.py
[2026-10-01T12:22:08.571+0000] {logging_mixin.py:190} INFO - [2026-10-01T12:22:08.571+0000] {dag.py:3239} INFO - Sync 1 DAGs
[2026-10-01T12:22:08.591+0000] {logging_mixin.py:190} INFO - [2026-10-01T12:22:08.591+0000] {dag.py:4180} INFO - Setting next_dagrun for dag_triage_filter to None, run_after=None
[2026-10-01T12:22:08.618+0000] {processor.py:208} INFO - Processing /opt/airflow/dags/01_triaje_script.py took 0.815 seconds
[2026-10-01T12:22:38.958+0000] {processor.py:186} INFO - Started process (PID=2975) to work on /opt/airflow/dags/01_triaje_script.py
[2026-10-01T12:22:38.961+0000] {processor.py:914} INFO - Processing file /opt/airflow/dags/01_triaje_script.py for tasks to queue
[2026-10-01T12:22:38.963+0000] {logging_mixin.py:190} INFO - [2026-10-01T12:22:38.963+0000] {dagbag.py:588} INFO - Filling up the DagBag from /opt/airflow/dags/01_triaje_script.py
[2026-10-01T12:22:39.649+0000] {processor.py:925} INFO - DAG(s) 'dag_triage_filter' retrieved from /opt/airflow/dags/01_triaje_script.py
[2026-10-01T12:22:39.680+0000] {logging_mixin.py:190} INFO - [2026-10-01T12:22:39.680+0000] {dag.py:3239} INFO - Sync 1 DAGs
[2026-10-01T12:22:39.696+0000] {logging_mixin.py:190} INFO - [2026-10-01T12:22:39.696+0000] {dag.py:4180} INFO - Setting next_dagrun for dag_triage_filter to None, run_after=None
[2026-10-01T12:22:39.717+0000] {processor.py:208} INFO - Processing /opt/airflow/dags/01_triaje_script.py took 0.764 seconds
[2026-10-01T12:23:10.282+0000] {processor.py:186} INFO - Started process (PID=2992) to work on /opt/airflow/dags/01_triaje_script.py
[2026-10-01T12:23:10.284+0000] {processor.py:914} INFO - Processing file /opt/airflow/dags/01_triaje_script.py for tasks to queue
[2026-10-01T12:23:10.287+0000] {logging_mixin.py:190} INFO - [2026-10-01T12:23:10.286+0000] {dagbag.py:588} INFO - Filling up the DagBag from /opt/airflow/dags/01_triaje_script.py
[2026-10-01T12:23:10.956+0000] {processor.py:925} INFO - DAG(s) 'dag_triage_filter' retrieved from /opt/airflow/dags/01_triaje_script.py
[2026-10-01T12:23:10.999+0000] {logging_mixin.py:190} INFO - [2026-10-01T12:23:10.998+0000] {dag.py:3239} INFO - Sync 1 DAGs
[2026-10-01T12:23:11.017+0000] {logging_mixin.py:190} INFO - [2026-10-01T12:23:11.017+0000] {dag.py:4180} INFO - Setting next_dagrun for dag_triage_filter to None, run_after=None
[2026-10-01T12:23:11.041+0000] {processor.py:208} INFO - Processing /opt/airflow/dags/01_triaje_script.py took 0.765 seconds
[2026-10-01T12:23:41.369+0000] {processor.py:186} INFO - Started process (PID=3009) to work on /opt/airflow/dags/01_triaje_script.py
[2026-10-01T12:23:41.372+0000] {processor.py:914} INFO - Processing file /opt/airflow/dags/01_triaje_script.py for tasks to queue
[2026-10-01T12:23:41.376+0000] {logging_mixin.py:190} INFO - [2026-10-01T12:23:41.376+0000] {dagbag.py:588} INFO - Filling up the DagBag from /opt/airflow/dags/01_triaje_script.py
[2026-10-01T12:23:42.052+0000] {processor.py:925} INFO - DAG(s) 'dag_triage_filter' retrieved from /opt/airflow/dags/01_triaje_script.py
[2026-10-01T12:23:42.080+0000] {logging_mixin.py:190} INFO - [2026-10-01T12:23:42.079+0000] {dag.py:3239} INFO - Sync 1 DAGs
[2026-10-01T12:23:42.106+0000] {logging_mixin.py:190} INFO - [2026-10-01T12:23:42.106+0000] {dag.py:4180} INFO - Setting next_dagrun for dag_triage_filter to None, run_after=None
[2026-10-01T12:23:42.128+0000] {processor.py:208} INFO - Processing /opt/airflow/dags/01_triaje_script.py took 0.764 seconds
[2026-10-01T12:24:12.217+0000] {processor.py:186} INFO - Started process (PID=3026) to work on /opt/airflow/dags/01_triaje_script.py
[2026-10-01T12:24:12.219+0000] {processor.py:914} INFO - Processing file /opt/airflow/dags/01_triaje_script.py for tasks to queue
[2026-10-01T12:24:12.223+0000] {logging_mixin.py:190} INFO - [2026-10-01T12:24:12.222+0000] {dagbag.py:588} INFO - Filling up the DagBag from /opt/airflow/dags/01_triaje_script.py
[2026-10-01T12:24:12.947+0000] {processor.py:925} INFO - DAG(s) 'dag_triage_filter' retrieved from /opt/airflow/dags/01_triaje_script.py
[2026-10-01T12:24:12.978+0000] {logging_mixin.py:190} INFO - [2026-10-01T12:24:12.977+0000] {dag.py:3239} INFO - Sync 1 DAGs
[2026-10-01T12:24:12.993+0000] {logging_mixin.py:190} INFO - [2026-10-01T12:24:12.993+0000] {dag.py:4180} INFO - Setting next_dagrun for dag_triage_filter to None, run_after=None
[2026-10-01T12:24:13.015+0000] {processor.py:208} INFO - Processing /opt/airflow/dags/01_triaje_script.py took 0.804 seconds
[2026-10-01T12:24:43.375+0000] {processor.py:186} INFO - Started process (PID=3043) to work on /opt/airflow/dags/01_triaje_script.py
[2026-10-01T12:24:43.381+0000] {processor.py:914} INFO - Processing file /opt/airflow/dags/01_triaje_script.py for tasks to queue
[2026-10-01T12:24:43.386+0000] {logging_mixin.py:190} INFO - [2026-10-01T12:24:43.386+0000] {dagbag.py:588} INFO - Filling up the DagBag from /opt/airflow/dags/01_triaje_script.py
[2026-10-01T12:24:44.060+0000] {processor.py:925} INFO - DAG(s) 'dag_triage_filter' retrieved from /opt/airflow/dags/01_triaje_script.py
[2026-10-01T12:24:44.092+0000] {logging_mixin.py:190} INFO - [2026-10-01T12:24:44.091+0000] {dag.py:3239} INFO - Sync 1 DAGs
[2026-10-01T12:24:44.110+0000] {logging_mixin.py:190} INFO - [2026-10-01T12:24:44.110+0000] {dag.py:4180} INFO - Setting next_dagrun for dag_triage_filter to None, run_after=None
[2026-10-01T12:24:44.130+0000] {processor.py:208} INFO - Processing /opt/airflow/dags/01_triaje_script.py took 0.761 seconds
[2026-10-01T12:25:14.503+0000] {processor.py:186} INFO - Started process (PID=3060) to work on /opt/airflow/dags/01_triaje_script.py
[2026-10-01T12:25:14.512+0000] {processor.py:914} INFO - Processing file /opt/airflow/dags/01_triaje_script.py for tasks to queue
[2026-10-01T12:25:14.523+0000] {logging_mixin.py:190} INFO - [2026-10-01T12:25:14.523+0000] {dagbag.py:588} INFO - Filling up the DagBag from /opt/airflow/dags/01_triaje_script.py
[2026-10-01T12:25:15.260+0000] {processor.py:925} INFO - DAG(s) 'dag_triage_filter' retrieved from /opt/airflow/dags/01_triaje_script.py
[2026-10-01T12:25:15.289+0000] {logging_mixin.py:190} INFO - [2026-10-01T12:25:15.288+0000] {dag.py:3239} INFO - Sync 1 DAGs
[2026-10-01T12:25:15.305+0000] {logging_mixin.py:190} INFO - [2026-10-01T12:25:15.305+0000] {dag.py:4180} INFO - Setting next_dagrun for dag_triage_filter to None, run_after=None
[2026-10-01T12:25:15.333+0000] {processor.py:208} INFO - Processing /opt/airflow/dags/01_triaje_script.py took 0.839 seconds
[2026-10-01T12:25:45.732+0000] {processor.py:186} INFO - Started process (PID=3077) to work on /opt/airflow/dags/01_triaje_script.py
[2026-10-01T12:25:45.755+0000] {processor.py:914} INFO - Processing file /opt/airflow/dags/01_triaje_script.py for tasks to queue
[2026-10-01T12:25:45.775+0000] {logging_mixin.py:190} INFO - [2026-10-01T12:25:45.774+0000] {dagbag.py:588} INFO - Filling up the DagBag from /opt/airflow/dags/01_triaje_script.py
[2026-10-01T12:25:47.039+0000] {processor.py:925} INFO - DAG(s) 'dag_triage_filter' retrieved from /opt/airflow/dags/01_triaje_script.py
[2026-10-01T12:25:47.111+0000] {logging_mixin.py:190} INFO - [2026-10-01T12:25:47.110+0000] {dag.py:3239} INFO - Sync 1 DAGs
[2026-10-01T12:25:47.153+0000] {logging_mixin.py:190} INFO - [2026-10-01T12:25:47.152+0000] {dag.py:4180} INFO - Setting next_dagrun for dag_triage_filter to None, run_after=None
[2026-10-01T12:25:47.226+0000] {processor.py:208} INFO - Processing /opt/airflow/dags/01_triaje_script.py took 1.504 seconds
[2026-10-01T12:26:17.595+0000] {processor.py:186} INFO - Started process (PID=3094) to work on /opt/airflow/dags/01_triaje_script.py
[2026-10-01T12:26:17.600+0000] {processor.py:914} INFO - Processing file /opt/airflow/dags/01_triaje_script.py for tasks to queue
[2026-10-01T12:26:17.606+0000] {logging_mixin.py:190} INFO - [2026-10-01T12:26:17.605+0000] {dagbag.py:588} INFO - Filling up the DagBag from /opt/airflow/dags/01_triaje_script.py
[2026-10-01T12:26:18.332+0000] {processor.py:925} INFO - DAG(s) 'dag_triage_filter' retrieved from /opt/airflow/dags/01_triaje_script.py
[2026-10-01T12:26:18.416+0000] {logging_mixin.py:190} INFO - [2026-10-01T12:26:18.416+0000] {dag.py:3239} INFO - Sync 1 DAGs
[2026-10-01T12:26:18.437+0000] {logging_mixin.py:190} INFO - [2026-10-01T12:26:18.437+0000] {dag.py:4180} INFO - Setting next_dagrun for dag_triage_filter to None, run_after=None
[2026-10-01T12:26:18.512+0000] {processor.py:208} INFO - Processing /opt/airflow/dags/01_triaje_script.py took 0.923 seconds
[2026-10-01T12:26:48.967+0000] {processor.py:186} INFO - Started process (PID=3111) to work on /opt/airflow/dags/01_triaje_script.py
[2026-10-01T12:26:48.969+0000] {processor.py:914} INFO - Processing file /opt/airflow/dags/01_triaje_script.py for tasks to queue
[2026-10-01T12:26:48.982+0000] {logging_mixin.py:190} INFO - [2026-10-01T12:26:48.981+0000] {dagbag.py:588} INFO - Filling up the DagBag from /opt/airflow/dags/01_triaje_script.py
[2026-10-01T12:26:49.713+0000] {processor.py:925} INFO - DAG(s) 'dag_triage_filter' retrieved from /opt/airflow/dags/01_triaje_script.py
[2026-10-01T12:26:49.746+0000] {logging_mixin.py:190} INFO - [2026-10-01T12:26:49.745+0000] {dag.py:3239} INFO - Sync 1 DAGs
[2026-10-01T12:26:49.765+0000] {logging_mixin.py:190} INFO - [2026-10-01T12:26:49.765+0000] {dag.py:4180} INFO - Setting next_dagrun for dag_triage_filter to None, run_after=None
[2026-10-01T12:26:49.791+0000] {processor.py:208} INFO - Processing /opt/airflow/dags/01_triaje_script.py took 0.829 seconds
[2026-10-01T12:27:20.200+0000] {processor.py:186} INFO - Started process (PID=3128) to work on /opt/airflow/dags/01_triaje_script.py
[2026-10-01T12:27:20.204+0000] {processor.py:914} INFO - Processing file /opt/airflow/dags/01_triaje_script.py for tasks to queue
[2026-10-01T12:27:20.207+0000] {logging_mixin.py:190} INFO - [2026-10-01T12:27:20.207+0000] {dagbag.py:588} INFO - Filling up the DagBag from /opt/airflow/dags/01_triaje_script.py
[2026-10-01T12:27:20.932+0000] {processor.py:925} INFO - DAG(s) 'dag_triage_filter' retrieved from /opt/airflow/dags/01_triaje_script.py
[2026-10-01T12:27:20.965+0000] {logging_mixin.py:190} INFO - [2026-10-01T12:27:20.964+0000] {dag.py:3239} INFO - Sync 1 DAGs
[2026-10-01T12:27:20.982+0000] {logging_mixin.py:190} INFO - [2026-10-01T12:27:20.982+0000] {dag.py:4180} INFO - Setting next_dagrun for dag_triage_filter to None, run_after=None
[2026-10-01T12:27:21.006+0000] {processor.py:208} INFO - Processing /opt/airflow/dags/01_triaje_script.py took 0.811 seconds
[2026-10-01T12:27:51.436+0000] {processor.py:186} INFO - Started process (PID=3145) to work on /opt/airflow/dags/01_triaje_script.py
[2026-10-01T12:27:51.440+0000] {processor.py:914} INFO - Processing file /opt/airflow/dags/01_triaje_script.py for tasks to queue
[2026-10-01T12:27:51.445+0000] {logging_mixin.py:190} INFO - [2026-10-01T12:27:51.444+0000] {dagbag.py:588} INFO - Filling up the DagBag from /opt/airflow/dags/01_triaje_script.py
[2026-10-01T12:27:52.115+0000] {processor.py:925} INFO - DAG(s) 'dag_triage_filter' retrieved from /opt/airflow/dags/01_triaje_script.py
[2026-10-01T12:27:52.147+0000] {logging_mixin.py:190} INFO - [2026-10-01T12:27:52.147+0000] {dag.py:3239} INFO - Sync 1 DAGs
[2026-10-01T12:27:52.167+0000] {logging_mixin.py:190} INFO - [2026-10-01T12:27:52.167+0000] {dag.py:4180} INFO - Setting next_dagrun for dag_triage_filter to None, run_after=None
[2026-10-01T12:27:52.193+0000] {processor.py:208} INFO - Processing /opt/airflow/dags/01_triaje_script.py took 0.766 seconds
[2026-10-01T12:28:22.624+0000] {processor.py:186} INFO - Started process (PID=3162) to work on /opt/airflow/dags/01_triaje_script.py
[2026-10-01T12:28:22.630+0000] {processor.py:914} INFO - Processing file /opt/airflow/dags/01_triaje_script.py for tasks to queue
[2026-10-01T12:28:22.635+0000] {logging_mixin.py:190} INFO - [2026-10-01T12:28:22.635+0000] {dagbag.py:588} INFO - Filling up the DagBag from /opt/airflow/dags/01_triaje_script.py
[2026-10-01T12:28:23.290+0000] {processor.py:925} INFO - DAG(s) 'dag_triage_filter' retrieved from /opt/airflow/dags/01_triaje_script.py
[2026-10-01T12:28:23.315+0000] {logging_mixin.py:190} INFO - [2026-10-01T12:28:23.315+0000] {dag.py:3239} INFO - Sync 1 DAGs
[2026-10-01T12:28:23.332+0000] {logging_mixin.py:190} INFO - [2026-10-01T12:28:23.332+0000] {dag.py:4180} INFO - Setting next_dagrun for dag_triage_filter to None, run_after=None
[2026-10-01T12:28:23.436+0000] {processor.py:208} INFO - Processing /opt/airflow/dags/01_triaje_script.py took 0.819 seconds
[2026-10-01T12:28:53.856+0000] {processor.py:186} INFO - Started process (PID=3179) to work on /opt/airflow/dags/01_triaje_script.py
[2026-10-01T12:28:53.860+0000] {processor.py:914} INFO - Processing file /opt/airflow/dags/01_triaje_script.py for tasks to queue
[2026-10-01T12:28:53.864+0000] {logging_mixin.py:190} INFO - [2026-10-01T12:28:53.864+0000] {dagbag.py:588} INFO - Filling up the DagBag from /opt/airflow/dags/01_triaje_script.py
[2026-10-01T12:28:54.501+0000] {processor.py:925} INFO - DAG(s) 'dag_triage_filter' retrieved from /opt/airflow/dags/01_triaje_script.py
[2026-10-01T12:28:54.528+0000] {logging_mixin.py:190} INFO - [2026-10-01T12:28:54.528+0000] {dag.py:3239} INFO - Sync 1 DAGs
[2026-10-01T12:28:54.545+0000] {logging_mixin.py:190} INFO - [2026-10-01T12:28:54.545+0000] {dag.py:4180} INFO - Setting next_dagrun for dag_triage_filter to None, run_after=None
[2026-10-01T12:28:54.567+0000] {processor.py:208} INFO - Processing /opt/airflow/dags/01_triaje_script.py took 0.717 seconds
[2026-10-01T12:29:25.002+0000] {processor.py:186} INFO - Started process (PID=3196) to work on /opt/airflow/dags/01_triaje_script.py
[2026-10-01T12:29:25.007+0000] {processor.py:914} INFO - Processing file /opt/airflow/dags/01_triaje_script.py for tasks to queue
[2026-10-01T12:29:25.014+0000] {logging_mixin.py:190} INFO - [2026-10-01T12:29:25.013+0000] {dagbag.py:588} INFO - Filling up the DagBag from /opt/airflow/dags/01_triaje_script.py
[2026-10-01T12:29:25.681+0000] {processor.py:925} INFO - DAG(s) 'dag_triage_filter' retrieved from /opt/airflow/dags/01_triaje_script.py
[2026-10-01T12:29:25.710+0000] {logging_mixin.py:190} INFO - [2026-10-01T12:29:25.710+0000] {dag.py:3239} INFO - Sync 1 DAGs
[2026-10-01T12:29:25.726+0000] {logging_mixin.py:190} INFO - [2026-10-01T12:29:25.726+0000] {dag.py:4180} INFO - Setting next_dagrun for dag_triage_filter to None, run_after=None
[2026-10-01T12:29:25.747+0000] {processor.py:208} INFO - Processing /opt/airflow/dags/01_triaje_script.py took 0.752 seconds
[2026-10-01T12:29:55.838+0000] {processor.py:186} INFO - Started process (PID=3213) to work on /opt/airflow/dags/01_triaje_script.py
[2026-10-01T12:29:55.842+0000] {processor.py:914} INFO - Processing file /opt/airflow/dags/01_triaje_script.py for tasks to queue
[2026-10-01T12:29:55.845+0000] {logging_mixin.py:190} INFO - [2026-10-01T12:29:55.845+0000] {dagbag.py:588} INFO - Filling up the DagBag from /opt/airflow/dags/01_triaje_script.py
[2026-10-01T12:29:56.478+0000] {processor.py:925} INFO - DAG(s) 'dag_triage_filter' retrieved from /opt/airflow/dags/01_triaje_script.py
[2026-10-01T12:29:56.506+0000] {logging_mixin.py:190} INFO - [2026-10-01T12:29:56.505+0000] {dag.py:3239} INFO - Sync 1 DAGs
[2026-10-01T12:29:56.521+0000] {logging_mixin.py:190} INFO - [2026-10-01T12:29:56.521+0000] {dag.py:4180} INFO - Setting next_dagrun for dag_triage_filter to None, run_after=None
[2026-10-01T12:29:56.586+0000] {processor.py:208} INFO - Processing /opt/airflow/dags/01_triaje_script.py took 0.753 seconds
[2026-10-01T12:30:26.929+0000] {processor.py:186} INFO - Started process (PID=3230) to work on /opt/airflow/dags/01_triaje_script.py
[2026-10-01T12:30:26.933+0000] {processor.py:914} INFO - Processing file /opt/airflow/dags/01_triaje_script.py for tasks to queue
[2026-10-01T12:30:26.938+0000] {logging_mixin.py:190} INFO - [2026-10-01T12:30:26.938+0000] {dagbag.py:588} INFO - Filling up the DagBag from /opt/airflow/dags/01_triaje_script.py
[2026-10-01T12:30:27.579+0000] {processor.py:925} INFO - DAG(s) 'dag_triage_filter' retrieved from /opt/airflow/dags/01_triaje_script.py
[2026-10-01T12:30:27.610+0000] {logging_mixin.py:190} INFO - [2026-10-01T12:30:27.609+0000] {dag.py:3239} INFO - Sync 1 DAGs
[2026-10-01T12:30:27.627+0000] {logging_mixin.py:190} INFO - [2026-10-01T12:30:27.627+0000] {dag.py:4180} INFO - Setting next_dagrun for dag_triage_filter to None, run_after=None
[2026-10-01T12:30:27.651+0000] {processor.py:208} INFO - Processing /opt/airflow/dags/01_triaje_script.py took 0.728 seconds
[2026-10-01T12:30:57.760+0000] {processor.py:186} INFO - Started process (PID=3247) to work on /opt/airflow/dags/01_triaje_script.py
[2026-10-01T12:30:57.763+0000] {processor.py:914} INFO - Processing file /opt/airflow/dags/01_triaje_script.py for tasks to queue
[2026-10-01T12:30:57.766+0000] {logging_mixin.py:190} INFO - [2026-10-01T12:30:57.766+0000] {dagbag.py:588} INFO - Filling up the DagBag from /opt/airflow/dags/01_triaje_script.py
[2026-10-01T12:30:58.403+0000] {processor.py:925} INFO - DAG(s) 'dag_triage_filter' retrieved from /opt/airflow/dags/01_triaje_script.py
[2026-10-01T12:30:58.449+0000] {logging_mixin.py:190} INFO - [2026-10-01T12:30:58.449+0000] {dag.py:3239} INFO - Sync 1 DAGs
[2026-10-01T12:30:58.469+0000] {logging_mixin.py:190} INFO - [2026-10-01T12:30:58.468+0000] {dag.py:4180} INFO - Setting next_dagrun for dag_triage_filter to None, run_after=None
[2026-10-01T12:30:58.491+0000] {processor.py:208} INFO - Processing /opt/airflow/dags/01_triaje_script.py took 0.737 seconds
[2026-10-01T12:31:28.875+0000] {processor.py:186} INFO - Started process (PID=3264) to work on /opt/airflow/dags/01_triaje_script.py
[2026-10-01T12:31:28.881+0000] {processor.py:914} INFO - Processing file /opt/airflow/dags/01_triaje_script.py for tasks to queue
[2026-10-01T12:31:28.885+0000] {logging_mixin.py:190} INFO - [2026-10-01T12:31:28.884+0000] {dagbag.py:588} INFO - Filling up the DagBag from /opt/airflow/dags/01_triaje_script.py
[2026-10-01T12:31:29.562+0000] {processor.py:925} INFO - DAG(s) 'dag_triage_filter' retrieved from /opt/airflow/dags/01_triaje_script.py
[2026-10-01T12:31:29.591+0000] {logging_mixin.py:190} INFO - [2026-10-01T12:31:29.590+0000] {dag.py:3239} INFO - Sync 1 DAGs
[2026-10-01T12:31:29.607+0000] {logging_mixin.py:190} INFO - [2026-10-01T12:31:29.607+0000] {dag.py:4180} INFO - Setting next_dagrun for dag_triage_filter to None, run_after=None
[2026-10-01T12:31:29.627+0000] {processor.py:208} INFO - Processing /opt/airflow/dags/01_triaje_script.py took 0.762 seconds
[2026-10-01T12:32:00.279+0000] {processor.py:186} INFO - Started process (PID=3281) to work on /opt/airflow/dags/01_triaje_script.py
[2026-10-01T12:32:00.294+0000] {processor.py:914} INFO - Processing file /opt/airflow/dags/01_triaje_script.py for tasks to queue
[2026-10-01T12:32:00.316+0000] {logging_mixin.py:190} INFO - [2026-10-01T12:32:00.315+0000] {dagbag.py:588} INFO - Filling up the DagBag from /opt/airflow/dags/01_triaje_script.py
[2026-10-01T12:32:01.148+0000] {processor.py:925} INFO - DAG(s) 'dag_triage_filter' retrieved from /opt/airflow/dags/01_triaje_script.py
[2026-10-01T12:32:01.188+0000] {logging_mixin.py:190} INFO - [2026-10-01T12:32:01.187+0000] {dag.py:3239} INFO - Sync 1 DAGs
[2026-10-01T12:32:01.269+0000] {logging_mixin.py:190} INFO - [2026-10-01T12:32:01.269+0000] {dag.py:4180} INFO - Setting next_dagrun for dag_triage_filter to None, run_after=None
[2026-10-01T12:32:01.384+0000] {processor.py:208} INFO - Processing /opt/airflow/dags/01_triaje_script.py took 1.112 seconds
[2026-10-01T12:32:31.769+0000] {processor.py:186} INFO - Started process (PID=3298) to work on /opt/airflow/dags/01_triaje_script.py
[2026-10-01T12:32:31.774+0000] {processor.py:914} INFO - Processing file /opt/airflow/dags/01_triaje_script.py for tasks to queue
[2026-10-01T12:32:31.780+0000] {logging_mixin.py:190} INFO - [2026-10-01T12:32:31.779+0000] {dagbag.py:588} INFO - Filling up the DagBag from /opt/airflow/dags/01_triaje_script.py
[2026-10-01T12:32:32.565+0000] {processor.py:925} INFO - DAG(s) 'dag_triage_filter' retrieved from /opt/airflow/dags/01_triaje_script.py
[2026-10-01T12:32:32.603+0000] {logging_mixin.py:190} INFO - [2026-10-01T12:32:32.603+0000] {dag.py:3239} INFO - Sync 1 DAGs
[2026-10-01T12:32:32.627+0000] {logging_mixin.py:190} INFO - [2026-10-01T12:32:32.626+0000] {dag.py:4180} INFO - Setting next_dagrun for dag_triage_filter to None, run_after=None
[2026-10-01T12:32:32.655+0000] {processor.py:208} INFO - Processing /opt/airflow/dags/01_triaje_script.py took 0.897 seconds
[2026-10-01T12:33:03.067+0000] {processor.py:186} INFO - Started process (PID=3315) to work on /opt/airflow/dags/01_triaje_script.py
[2026-10-01T12:33:03.072+0000] {processor.py:914} INFO - Processing file /opt/airflow/dags/01_triaje_script.py for tasks to queue
[2026-10-01T12:33:03.075+0000] {logging_mixin.py:190} INFO - [2026-10-01T12:33:03.075+0000] {dagbag.py:588} INFO - Filling up the DagBag from /opt/airflow/dags/01_triaje_script.py
[2026-10-01T12:33:03.905+0000] {processor.py:925} INFO - DAG(s) 'dag_triage_filter' retrieved from /opt/airflow/dags/01_triaje_script.py
[2026-10-01T12:33:03.943+0000] {logging_mixin.py:190} INFO - [2026-10-01T12:33:03.942+0000] {dag.py:3239} INFO - Sync 1 DAGs
[2026-10-01T12:33:03.967+0000] {logging_mixin.py:190} INFO - [2026-10-01T12:33:03.966+0000] {dag.py:4180} INFO - Setting next_dagrun for dag_triage_filter to None, run_after=None
[2026-10-01T12:33:03.995+0000] {processor.py:208} INFO - Processing /opt/airflow/dags/01_triaje_script.py took 0.935 seconds
[2026-10-01T12:33:34.410+0000] {processor.py:186} INFO - Started process (PID=3332) to work on /opt/airflow/dags/01_triaje_script.py
[2026-10-01T12:33:34.412+0000] {processor.py:914} INFO - Processing file /opt/airflow/dags/01_triaje_script.py for tasks to queue
[2026-10-01T12:33:34.414+0000] {logging_mixin.py:190} INFO - [2026-10-01T12:33:34.414+0000] {dagbag.py:588} INFO - Filling up the DagBag from /opt/airflow/dags/01_triaje_script.py
[2026-10-01T12:33:35.069+0000] {processor.py:925} INFO - DAG(s) 'dag_triage_filter' retrieved from /opt/airflow/dags/01_triaje_script.py
[2026-10-01T12:33:35.095+0000] {logging_mixin.py:190} INFO - [2026-10-01T12:33:35.094+0000] {dag.py:3239} INFO - Sync 1 DAGs
[2026-10-01T12:33:35.110+0000] {logging_mixin.py:190} INFO - [2026-10-01T12:33:35.110+0000] {dag.py:4180} INFO - Setting next_dagrun for dag_triage_filter to None, run_after=None
[2026-10-01T12:33:35.136+0000] {processor.py:208} INFO - Processing /opt/airflow/dags/01_triaje_script.py took 0.731 seconds
[2026-10-01T12:34:05.543+0000] {processor.py:186} INFO - Started process (PID=3349) to work on /opt/airflow/dags/01_triaje_script.py
[2026-10-01T12:34:05.548+0000] {processor.py:914} INFO - Processing file /opt/airflow/dags/01_triaje_script.py for tasks to queue
[2026-10-01T12:34:05.551+0000] {logging_mixin.py:190} INFO - [2026-10-01T12:34:05.551+0000] {dagbag.py:588} INFO - Filling up the DagBag from /opt/airflow/dags/01_triaje_script.py
[2026-10-01T12:34:06.618+0000] {processor.py:925} INFO - DAG(s) 'dag_triage_filter' retrieved from /opt/airflow/dags/01_triaje_script.py
[2026-10-01T12:34:06.664+0000] {logging_mixin.py:190} INFO - [2026-10-01T12:34:06.663+0000] {dag.py:3239} INFO - Sync 1 DAGs
[2026-10-01T12:34:06.715+0000] {logging_mixin.py:190} INFO - [2026-10-01T12:34:06.714+0000] {dag.py:4180} INFO - Setting next_dagrun for dag_triage_filter to None, run_after=None
[2026-10-01T12:34:06.765+0000] {processor.py:208} INFO - Processing /opt/airflow/dags/01_triaje_script.py took 1.229 seconds
[2026-10-01T12:34:37.477+0000] {processor.py:186} INFO - Started process (PID=3366) to work on /opt/airflow/dags/01_triaje_script.py
[2026-10-01T12:34:37.481+0000] {processor.py:914} INFO - Processing file /opt/airflow/dags/01_triaje_script.py for tasks to queue
[2026-10-01T12:34:37.485+0000] {logging_mixin.py:190} INFO - [2026-10-01T12:34:37.484+0000] {dagbag.py:588} INFO - Filling up the DagBag from /opt/airflow/dags/01_triaje_script.py
[2026-10-01T12:34:38.353+0000] {processor.py:925} INFO - DAG(s) 'dag_triage_filter' retrieved from /opt/airflow/dags/01_triaje_script.py
[2026-10-01T12:34:38.402+0000] {logging_mixin.py:190} INFO - [2026-10-01T12:34:38.401+0000] {dag.py:3239} INFO - Sync 1 DAGs
[2026-10-01T12:34:38.427+0000] {logging_mixin.py:190} INFO - [2026-10-01T12:34:38.427+0000] {dag.py:4180} INFO - Setting next_dagrun for dag_triage_filter to None, run_after=None
[2026-10-01T12:34:38.469+0000] {processor.py:208} INFO - Processing /opt/airflow/dags/01_triaje_script.py took 1.000 seconds
[2026-10-01T12:35:09.341+0000] {processor.py:186} INFO - Started process (PID=3383) to work on /opt/airflow/dags/01_triaje_script.py
[2026-10-01T12:35:09.368+0000] {processor.py:914} INFO - Processing file /opt/airflow/dags/01_triaje_script.py for tasks to queue
[2026-10-01T12:35:09.398+0000] {logging_mixin.py:190} INFO - [2026-10-01T12:35:09.397+0000] {dagbag.py:588} INFO - Filling up the DagBag from /opt/airflow/dags/01_triaje_script.py
[2026-10-01T12:35:11.091+0000] {processor.py:925} INFO - DAG(s) 'dag_triage_filter' retrieved from /opt/airflow/dags/01_triaje_script.py
[2026-10-01T12:35:11.191+0000] {logging_mixin.py:190} INFO - [2026-10-01T12:35:11.189+0000] {dag.py:3239} INFO - Sync 1 DAGs
[2026-10-01T12:35:11.262+0000] {logging_mixin.py:190} INFO - [2026-10-01T12:35:11.261+0000] {dag.py:4180} INFO - Setting next_dagrun for dag_triage_filter to None, run_after=None
[2026-10-01T12:35:11.430+0000] {processor.py:208} INFO - Processing /opt/airflow/dags/01_triaje_script.py took 2.099 seconds
[2026-10-01T12:35:41.819+0000] {processor.py:186} INFO - Started process (PID=3400) to work on /opt/airflow/dags/01_triaje_script.py
[2026-10-01T12:35:41.829+0000] {processor.py:914} INFO - Processing file /opt/airflow/dags/01_triaje_script.py for tasks to queue
[2026-10-01T12:35:41.838+0000] {logging_mixin.py:190} INFO - [2026-10-01T12:35:41.837+0000] {dagbag.py:588} INFO - Filling up the DagBag from /opt/airflow/dags/01_triaje_script.py
[2026-10-01T12:35:43.662+0000] {processor.py:925} INFO - DAG(s) 'dag_triage_filter' retrieved from /opt/airflow/dags/01_triaje_script.py
[2026-10-01T12:35:43.763+0000] {logging_mixin.py:190} INFO - [2026-10-01T12:35:43.761+0000] {dag.py:3239} INFO - Sync 1 DAGs
[2026-10-01T12:35:43.818+0000] {logging_mixin.py:190} INFO - [2026-10-01T12:35:43.817+0000] {dag.py:4180} INFO - Setting next_dagrun for dag_triage_filter to None, run_after=None
[2026-10-01T12:35:43.886+0000] {processor.py:208} INFO - Processing /opt/airflow/dags/01_triaje_script.py took 2.086 seconds
[2026-10-01T12:36:14.136+0000] {processor.py:186} INFO - Started process (PID=3417) to work on /opt/airflow/dags/01_triaje_script.py
[2026-10-01T12:36:14.138+0000] {processor.py:914} INFO - Processing file /opt/airflow/dags/01_triaje_script.py for tasks to queue
[2026-10-01T12:36:14.144+0000] {logging_mixin.py:190} INFO - [2026-10-01T12:36:14.144+0000] {dagbag.py:588} INFO - Filling up the DagBag from /opt/airflow/dags/01_triaje_script.py
[2026-10-01T12:36:14.867+0000] {processor.py:925} INFO - DAG(s) 'dag_triage_filter' retrieved from /opt/airflow/dags/01_triaje_script.py
[2026-10-01T12:36:14.894+0000] {logging_mixin.py:190} INFO - [2026-10-01T12:36:14.894+0000] {dag.py:3239} INFO - Sync 1 DAGs
[2026-10-01T12:36:14.909+0000] {logging_mixin.py:190} INFO - [2026-10-01T12:36:14.909+0000] {dag.py:4180} INFO - Setting next_dagrun for dag_triage_filter to None, run_after=None
[2026-10-01T12:36:14.927+0000] {processor.py:208} INFO - Processing /opt/airflow/dags/01_triaje_script.py took 0.798 seconds
[2026-10-01T12:36:45.182+0000] {processor.py:186} INFO - Started process (PID=3434) to work on /opt/airflow/dags/01_triaje_script.py
[2026-10-01T12:36:45.195+0000] {processor.py:914} INFO - Processing file /opt/airflow/dags/01_triaje_script.py for tasks to queue
[2026-10-01T12:36:45.208+0000] {logging_mixin.py:190} INFO - [2026-10-01T12:36:45.207+0000] {dagbag.py:588} INFO - Filling up the DagBag from /opt/airflow/dags/01_triaje_script.py
[2026-10-01T12:36:46.141+0000] {processor.py:925} INFO - DAG(s) 'dag_triage_filter' retrieved from /opt/airflow/dags/01_triaje_script.py
[2026-10-01T12:36:46.173+0000] {logging_mixin.py:190} INFO - [2026-10-01T12:36:46.172+0000] {dag.py:3239} INFO - Sync 1 DAGs
[2026-10-01T12:36:46.206+0000] {logging_mixin.py:190} INFO - [2026-10-01T12:36:46.205+0000] {dag.py:4180} INFO - Setting next_dagrun for dag_triage_filter to None, run_after=None
[2026-10-01T12:36:46.240+0000] {processor.py:208} INFO - Processing /opt/airflow/dags/01_triaje_script.py took 1.069 seconds
[2026-10-01T12:37:16.647+0000] {processor.py:186} INFO - Started process (PID=3451) to work on /opt/airflow/dags/01_triaje_script.py
[2026-10-01T12:37:16.653+0000] {processor.py:914} INFO - Processing file /opt/airflow/dags/01_triaje_script.py for tasks to queue
[2026-10-01T12:37:16.661+0000] {logging_mixin.py:190} INFO - [2026-10-01T12:37:16.660+0000] {dagbag.py:588} INFO - Filling up the DagBag from /opt/airflow/dags/01_triaje_script.py
[2026-10-01T12:37:17.437+0000] {processor.py:925} INFO - DAG(s) 'dag_triage_filter' retrieved from /opt/airflow/dags/01_triaje_script.py
[2026-10-01T12:37:17.487+0000] {logging_mixin.py:190} INFO - [2026-10-01T12:37:17.486+0000] {dag.py:3239} INFO - Sync 1 DAGs
[2026-10-01T12:37:17.523+0000] {logging_mixin.py:190} INFO - [2026-10-01T12:37:17.523+0000] {dag.py:4180} INFO - Setting next_dagrun for dag_triage_filter to None, run_after=None
[2026-10-01T12:37:17.565+0000] {processor.py:208} INFO - Processing /opt/airflow/dags/01_triaje_script.py took 0.926 seconds
[2026-10-01T12:37:48.169+0000] {processor.py:186} INFO - Started process (PID=3468) to work on /opt/airflow/dags/01_triaje_script.py
[2026-10-01T12:37:48.173+0000] {processor.py:914} INFO - Processing file /opt/airflow/dags/01_triaje_script.py for tasks to queue
[2026-10-01T12:37:48.177+0000] {logging_mixin.py:190} INFO - [2026-10-01T12:37:48.176+0000] {dagbag.py:588} INFO - Filling up the DagBag from /opt/airflow/dags/01_triaje_script.py
[2026-10-01T12:37:48.845+0000] {processor.py:925} INFO - DAG(s) 'dag_triage_filter' retrieved from /opt/airflow/dags/01_triaje_script.py
[2026-10-01T12:37:48.871+0000] {logging_mixin.py:190} INFO - [2026-10-01T12:37:48.871+0000] {dag.py:3239} INFO - Sync 1 DAGs
[2026-10-01T12:37:48.885+0000] {logging_mixin.py:190} INFO - [2026-10-01T12:37:48.885+0000] {dag.py:4180} INFO - Setting next_dagrun for dag_triage_filter to None, run_after=None
[2026-10-01T12:37:48.905+0000] {processor.py:208} INFO - Processing /opt/airflow/dags/01_triaje_script.py took 0.744 seconds
[2026-10-01T12:38:19.257+0000] {processor.py:186} INFO - Started process (PID=3485) to work on /opt/airflow/dags/01_triaje_script.py
[2026-10-01T12:38:19.259+0000] {processor.py:914} INFO - Processing file /opt/airflow/dags/01_triaje_script.py for tasks to queue
[2026-10-01T12:38:19.262+0000] {logging_mixin.py:190} INFO - [2026-10-01T12:38:19.261+0000] {dagbag.py:588} INFO - Filling up the DagBag from /opt/airflow/dags/01_triaje_script.py
[2026-10-01T12:38:19.930+0000] {processor.py:925} INFO - DAG(s) 'dag_triage_filter' retrieved from /opt/airflow/dags/01_triaje_script.py
[2026-10-01T12:38:19.958+0000] {logging_mixin.py:190} INFO - [2026-10-01T12:38:19.958+0000] {dag.py:3239} INFO - Sync 1 DAGs
[2026-10-01T12:38:19.975+0000] {logging_mixin.py:190} INFO - [2026-10-01T12:38:19.974+0000] {dag.py:4180} INFO - Setting next_dagrun for dag_triage_filter to None, run_after=None
[2026-10-01T12:38:19.999+0000] {processor.py:208} INFO - Processing /opt/airflow/dags/01_triaje_script.py took 0.751 seconds
[2026-10-01T12:38:50.480+0000] {processor.py:186} INFO - Started process (PID=3502) to work on /opt/airflow/dags/01_triaje_script.py
[2026-10-01T12:38:50.485+0000] {processor.py:914} INFO - Processing file /opt/airflow/dags/01_triaje_script.py for tasks to queue
[2026-10-01T12:38:50.493+0000] {logging_mixin.py:190} INFO - [2026-10-01T12:38:50.493+0000] {dagbag.py:588} INFO - Filling up the DagBag from /opt/airflow/dags/01_triaje_script.py
[2026-10-01T12:38:51.111+0000] {processor.py:925} INFO - DAG(s) 'dag_triage_filter' retrieved from /opt/airflow/dags/01_triaje_script.py
[2026-10-01T12:38:51.144+0000] {logging_mixin.py:190} INFO - [2026-10-01T12:38:51.144+0000] {dag.py:3239} INFO - Sync 1 DAGs
[2026-10-01T12:38:51.159+0000] {logging_mixin.py:190} INFO - [2026-10-01T12:38:51.158+0000] {dag.py:4180} INFO - Setting next_dagrun for dag_triage_filter to None, run_after=None
[2026-10-01T12:38:51.177+0000] {processor.py:208} INFO - Processing /opt/airflow/dags/01_triaje_script.py took 0.703 seconds
[2026-10-01T12:39:21.578+0000] {processor.py:186} INFO - Started process (PID=3519) to work on /opt/airflow/dags/01_triaje_script.py
[2026-10-01T12:39:21.581+0000] {processor.py:914} INFO - Processing file /opt/airflow/dags/01_triaje_script.py for tasks to queue
[2026-10-01T12:39:21.587+0000] {logging_mixin.py:190} INFO - [2026-10-01T12:39:21.586+0000] {dagbag.py:588} INFO - Filling up the DagBag from /opt/airflow/dags/01_triaje_script.py
[2026-10-01T12:39:22.263+0000] {processor.py:925} INFO - DAG(s) 'dag_triage_filter' retrieved from /opt/airflow/dags/01_triaje_script.py
[2026-10-01T12:39:22.290+0000] {logging_mixin.py:190} INFO - [2026-10-01T12:39:22.289+0000] {dag.py:3239} INFO - Sync 1 DAGs
[2026-10-01T12:39:22.309+0000] {logging_mixin.py:190} INFO - [2026-10-01T12:39:22.309+0000] {dag.py:4180} INFO - Setting next_dagrun for dag_triage_filter to None, run_after=None
[2026-10-01T12:39:22.336+0000] {processor.py:208} INFO - Processing /opt/airflow/dags/01_triaje_script.py took 0.767 seconds
[2026-10-01T12:39:52.735+0000] {processor.py:186} INFO - Started process (PID=3536) to work on /opt/airflow/dags/01_triaje_script.py
[2026-10-01T12:39:52.738+0000] {processor.py:914} INFO - Processing file /opt/airflow/dags/01_triaje_script.py for tasks to queue
[2026-10-01T12:39:52.740+0000] {logging_mixin.py:190} INFO - [2026-10-01T12:39:52.740+0000] {dagbag.py:588} INFO - Filling up the DagBag from /opt/airflow/dags/01_triaje_script.py
[2026-10-01T12:39:53.431+0000] {processor.py:925} INFO - DAG(s) 'dag_triage_filter' retrieved from /opt/airflow/dags/01_triaje_script.py
[2026-10-01T12:39:53.459+0000] {logging_mixin.py:190} INFO - [2026-10-01T12:39:53.459+0000] {dag.py:3239} INFO - Sync 1 DAGs
[2026-10-01T12:39:53.475+0000] {logging_mixin.py:190} INFO - [2026-10-01T12:39:53.475+0000] {dag.py:4180} INFO - Setting next_dagrun for dag_triage_filter to None, run_after=None
[2026-10-01T12:39:53.538+0000] {processor.py:208} INFO - Processing /opt/airflow/dags/01_triaje_script.py took 0.808 seconds
[2026-10-01T12:40:23.682+0000] {processor.py:186} INFO - Started process (PID=3553) to work on /opt/airflow/dags/01_triaje_script.py
[2026-10-01T12:40:23.687+0000] {processor.py:914} INFO - Processing file /opt/airflow/dags/01_triaje_script.py for tasks to queue
[2026-10-01T12:40:23.691+0000] {logging_mixin.py:190} INFO - [2026-10-01T12:40:23.690+0000] {dagbag.py:588} INFO - Filling up the DagBag from /opt/airflow/dags/01_triaje_script.py
[2026-10-01T12:40:24.469+0000] {processor.py:925} INFO - DAG(s) 'dag_triage_filter' retrieved from /opt/airflow/dags/01_triaje_script.py
[2026-10-01T12:40:24.523+0000] {logging_mixin.py:190} INFO - [2026-10-01T12:40:24.522+0000] {dag.py:3239} INFO - Sync 1 DAGs
[2026-10-01T12:40:24.566+0000] {logging_mixin.py:190} INFO - [2026-10-01T12:40:24.565+0000] {dag.py:4180} INFO - Setting next_dagrun for dag_triage_filter to None, run_after=None
[2026-10-01T12:40:24.613+0000] {processor.py:208} INFO - Processing /opt/airflow/dags/01_triaje_script.py took 0.937 seconds
[2026-10-01T12:40:55.041+0000] {processor.py:186} INFO - Started process (PID=3570) to work on /opt/airflow/dags/01_triaje_script.py
[2026-10-01T12:40:55.043+0000] {processor.py:914} INFO - Processing file /opt/airflow/dags/01_triaje_script.py for tasks to queue
[2026-10-01T12:40:55.046+0000] {logging_mixin.py:190} INFO - [2026-10-01T12:40:55.046+0000] {dagbag.py:588} INFO - Filling up the DagBag from /opt/airflow/dags/01_triaje_script.py
[2026-10-01T12:40:55.774+0000] {processor.py:925} INFO - DAG(s) 'dag_triage_filter' retrieved from /opt/airflow/dags/01_triaje_script.py
[2026-10-01T12:40:55.807+0000] {logging_mixin.py:190} INFO - [2026-10-01T12:40:55.806+0000] {dag.py:3239} INFO - Sync 1 DAGs
[2026-10-01T12:40:55.825+0000] {logging_mixin.py:190} INFO - [2026-10-01T12:40:55.824+0000] {dag.py:4180} INFO - Setting next_dagrun for dag_triage_filter to None, run_after=None
[2026-10-01T12:40:55.852+0000] {processor.py:208} INFO - Processing /opt/airflow/dags/01_triaje_script.py took 0.817 seconds
[2026-10-01T12:41:26.494+0000] {processor.py:186} INFO - Started process (PID=3587) to work on /opt/airflow/dags/01_triaje_script.py
[2026-10-01T12:41:26.500+0000] {processor.py:914} INFO - Processing file /opt/airflow/dags/01_triaje_script.py for tasks to queue
[2026-10-01T12:41:26.505+0000] {logging_mixin.py:190} INFO - [2026-10-01T12:41:26.505+0000] {dagbag.py:588} INFO - Filling up the DagBag from /opt/airflow/dags/01_triaje_script.py
[2026-10-01T12:41:27.192+0000] {processor.py:925} INFO - DAG(s) 'dag_triage_filter' retrieved from /opt/airflow/dags/01_triaje_script.py
[2026-10-01T12:41:27.227+0000] {logging_mixin.py:190} INFO - [2026-10-01T12:41:27.226+0000] {dag.py:3239} INFO - Sync 1 DAGs
[2026-10-01T12:41:27.244+0000] {logging_mixin.py:190} INFO - [2026-10-01T12:41:27.244+0000] {dag.py:4180} INFO - Setting next_dagrun for dag_triage_filter to None, run_after=None
[2026-10-01T12:41:27.269+0000] {processor.py:208} INFO - Processing /opt/airflow/dags/01_triaje_script.py took 0.782 seconds
[2026-10-01T12:41:57.708+0000] {processor.py:186} INFO - Started process (PID=3604) to work on /opt/airflow/dags/01_triaje_script.py
[2026-10-01T12:41:57.711+0000] {processor.py:914} INFO - Processing file /opt/airflow/dags/01_triaje_script.py for tasks to queue
[2026-10-01T12:41:57.713+0000] {logging_mixin.py:190} INFO - [2026-10-01T12:41:57.713+0000] {dagbag.py:588} INFO - Filling up the DagBag from /opt/airflow/dags/01_triaje_script.py
[2026-10-01T12:41:58.410+0000] {processor.py:925} INFO - DAG(s) 'dag_triage_filter' retrieved from /opt/airflow/dags/01_triaje_script.py
[2026-10-01T12:41:58.438+0000] {logging_mixin.py:190} INFO - [2026-10-01T12:41:58.438+0000] {dag.py:3239} INFO - Sync 1 DAGs
[2026-10-01T12:41:58.460+0000] {logging_mixin.py:190} INFO - [2026-10-01T12:41:58.459+0000] {dag.py:4180} INFO - Setting next_dagrun for dag_triage_filter to None, run_after=None
[2026-10-01T12:41:58.489+0000] {processor.py:208} INFO - Processing /opt/airflow/dags/01_triaje_script.py took 0.786 seconds
[2026-10-01T12:42:28.875+0000] {processor.py:186} INFO - Started process (PID=3621) to work on /opt/airflow/dags/01_triaje_script.py
[2026-10-01T12:42:28.877+0000] {processor.py:914} INFO - Processing file /opt/airflow/dags/01_triaje_script.py for tasks to queue
[2026-10-01T12:42:28.879+0000] {logging_mixin.py:190} INFO - [2026-10-01T12:42:28.879+0000] {dagbag.py:588} INFO - Filling up the DagBag from /opt/airflow/dags/01_triaje_script.py
[2026-10-01T12:42:29.490+0000] {processor.py:925} INFO - DAG(s) 'dag_triage_filter' retrieved from /opt/airflow/dags/01_triaje_script.py
[2026-10-01T12:42:29.518+0000] {logging_mixin.py:190} INFO - [2026-10-01T12:42:29.517+0000] {dag.py:3239} INFO - Sync 1 DAGs
[2026-10-01T12:42:29.533+0000] {logging_mixin.py:190} INFO - [2026-10-01T12:42:29.533+0000] {dag.py:4180} INFO - Setting next_dagrun for dag_triage_filter to None, run_after=None
[2026-10-01T12:42:29.558+0000] {processor.py:208} INFO - Processing /opt/airflow/dags/01_triaje_script.py took 0.689 seconds
[2026-10-01T12:42:59.931+0000] {processor.py:186} INFO - Started process (PID=3638) to work on /opt/airflow/dags/01_triaje_script.py
[2026-10-01T12:42:59.933+0000] {processor.py:914} INFO - Processing file /opt/airflow/dags/01_triaje_script.py for tasks to queue
[2026-10-01T12:42:59.935+0000] {logging_mixin.py:190} INFO - [2026-10-01T12:42:59.934+0000] {dagbag.py:588} INFO - Filling up the DagBag from /opt/airflow/dags/01_triaje_script.py
[2026-10-01T12:43:00.634+0000] {processor.py:925} INFO - DAG(s) 'dag_triage_filter' retrieved from /opt/airflow/dags/01_triaje_script.py
[2026-10-01T12:43:00.663+0000] {logging_mixin.py:190} INFO - [2026-10-01T12:43:00.663+0000] {dag.py:3239} INFO - Sync 1 DAGs
[2026-10-01T12:43:00.680+0000] {logging_mixin.py:190} INFO - [2026-10-01T12:43:00.679+0000] {dag.py:4180} INFO - Setting next_dagrun for dag_triage_filter to None, run_after=None
[2026-10-01T12:43:00.701+0000] {processor.py:208} INFO - Processing /opt/airflow/dags/01_triaje_script.py took 0.776 seconds
[2026-10-01T12:43:30.855+0000] {processor.py:186} INFO - Started process (PID=3655) to work on /opt/airflow/dags/01_triaje_script.py
[2026-10-01T12:43:30.858+0000] {processor.py:914} INFO - Processing file /opt/airflow/dags/01_triaje_script.py for tasks to queue
[2026-10-01T12:43:30.860+0000] {logging_mixin.py:190} INFO - [2026-10-01T12:43:30.860+0000] {dagbag.py:588} INFO - Filling up the DagBag from /opt/airflow/dags/01_triaje_script.py
[2026-10-01T12:43:31.512+0000] {processor.py:925} INFO - DAG(s) 'dag_triage_filter' retrieved from /opt/airflow/dags/01_triaje_script.py
[2026-10-01T12:43:31.541+0000] {logging_mixin.py:190} INFO - [2026-10-01T12:43:31.540+0000] {dag.py:3239} INFO - Sync 1 DAGs
[2026-10-01T12:43:31.557+0000] {logging_mixin.py:190} INFO - [2026-10-01T12:43:31.557+0000] {dag.py:4180} INFO - Setting next_dagrun for dag_triage_filter to None, run_after=None
[2026-10-01T12:43:31.576+0000] {processor.py:208} INFO - Processing /opt/airflow/dags/01_triaje_script.py took 0.726 seconds
[2026-10-01T12:44:01.833+0000] {processor.py:186} INFO - Started process (PID=3672) to work on /opt/airflow/dags/01_triaje_script.py
[2026-10-01T12:44:01.835+0000] {processor.py:914} INFO - Processing file /opt/airflow/dags/01_triaje_script.py for tasks to queue
[2026-10-01T12:44:01.837+0000] {logging_mixin.py:190} INFO - [2026-10-01T12:44:01.837+0000] {dagbag.py:588} INFO - Filling up the DagBag from /opt/airflow/dags/01_triaje_script.py
[2026-10-01T12:44:02.482+0000] {processor.py:925} INFO - DAG(s) 'dag_triage_filter' retrieved from /opt/airflow/dags/01_triaje_script.py
[2026-10-01T12:44:02.506+0000] {logging_mixin.py:190} INFO - [2026-10-01T12:44:02.506+0000] {dag.py:3239} INFO - Sync 1 DAGs
[2026-10-01T12:44:02.520+0000] {logging_mixin.py:190} INFO - [2026-10-01T12:44:02.520+0000] {dag.py:4180} INFO - Setting next_dagrun for dag_triage_filter to None, run_after=None
[2026-10-01T12:44:02.544+0000] {processor.py:208} INFO - Processing /opt/airflow/dags/01_triaje_script.py took 0.716 seconds
[2026-10-01T12:44:32.637+0000] {processor.py:186} INFO - Started process (PID=3689) to work on /opt/airflow/dags/01_triaje_script.py
[2026-10-01T12:44:32.640+0000] {processor.py:914} INFO - Processing file /opt/airflow/dags/01_triaje_script.py for tasks to queue
[2026-10-01T12:44:32.642+0000] {logging_mixin.py:190} INFO - [2026-10-01T12:44:32.642+0000] {dagbag.py:588} INFO - Filling up the DagBag from /opt/airflow/dags/01_triaje_script.py
[2026-10-01T12:44:33.320+0000] {processor.py:925} INFO - DAG(s) 'dag_triage_filter' retrieved from /opt/airflow/dags/01_triaje_script.py
[2026-10-01T12:44:33.349+0000] {logging_mixin.py:190} INFO - [2026-10-01T12:44:33.348+0000] {dag.py:3239} INFO - Sync 1 DAGs
[2026-10-01T12:44:33.366+0000] {logging_mixin.py:190} INFO - [2026-10-01T12:44:33.365+0000] {dag.py:4180} INFO - Setting next_dagrun for dag_triage_filter to None, run_after=None
[2026-10-01T12:44:33.451+0000] {processor.py:208} INFO - Processing /opt/airflow/dags/01_triaje_script.py took 0.819 seconds
[2026-10-01T12:45:03.967+0000] {processor.py:186} INFO - Started process (PID=3706) to work on /opt/airflow/dags/01_triaje_script.py
[2026-10-01T12:45:03.982+0000] {processor.py:914} INFO - Processing file /opt/airflow/dags/01_triaje_script.py for tasks to queue
[2026-10-01T12:45:03.990+0000] {logging_mixin.py:190} INFO - [2026-10-01T12:45:03.989+0000] {dagbag.py:588} INFO - Filling up the DagBag from /opt/airflow/dags/01_triaje_script.py
[2026-10-01T12:45:04.843+0000] {processor.py:925} INFO - DAG(s) 'dag_triage_filter' retrieved from /opt/airflow/dags/01_triaje_script.py
[2026-10-01T12:45:04.905+0000] {logging_mixin.py:190} INFO - [2026-10-01T12:45:04.904+0000] {dag.py:3239} INFO - Sync 1 DAGs
[2026-10-01T12:45:04.940+0000] {logging_mixin.py:190} INFO - [2026-10-01T12:45:04.939+0000] {dag.py:4180} INFO - Setting next_dagrun for dag_triage_filter to None, run_after=None
[2026-10-01T12:45:04.983+0000] {processor.py:208} INFO - Processing /opt/airflow/dags/01_triaje_script.py took 1.024 seconds
[2026-10-01T12:45:35.428+0000] {processor.py:186} INFO - Started process (PID=3723) to work on /opt/airflow/dags/01_triaje_script.py
[2026-10-01T12:45:35.432+0000] {processor.py:914} INFO - Processing file /opt/airflow/dags/01_triaje_script.py for tasks to queue
[2026-10-01T12:45:35.435+0000] {logging_mixin.py:190} INFO - [2026-10-01T12:45:35.435+0000] {dagbag.py:588} INFO - Filling up the DagBag from /opt/airflow/dags/01_triaje_script.py
[2026-10-01T12:45:36.122+0000] {processor.py:925} INFO - DAG(s) 'dag_triage_filter' retrieved from /opt/airflow/dags/01_triaje_script.py
[2026-10-01T12:45:36.156+0000] {logging_mixin.py:190} INFO - [2026-10-01T12:45:36.156+0000] {dag.py:3239} INFO - Sync 1 DAGs
[2026-10-01T12:45:36.174+0000] {logging_mixin.py:190} INFO - [2026-10-01T12:45:36.174+0000] {dag.py:4180} INFO - Setting next_dagrun for dag_triage_filter to None, run_after=None
[2026-10-01T12:45:36.196+0000] {processor.py:208} INFO - Processing /opt/airflow/dags/01_triaje_script.py took 0.778 seconds
[2026-10-01T12:46:06.772+0000] {processor.py:186} INFO - Started process (PID=3740) to work on /opt/airflow/dags/01_triaje_script.py
[2026-10-01T12:46:06.785+0000] {processor.py:914} INFO - Processing file /opt/airflow/dags/01_triaje_script.py for tasks to queue
[2026-10-01T12:46:06.794+0000] {logging_mixin.py:190} INFO - [2026-10-01T12:46:06.794+0000] {dagbag.py:588} INFO - Filling up the DagBag from /opt/airflow/dags/01_triaje_script.py
[2026-10-01T12:46:07.475+0000] {processor.py:925} INFO - DAG(s) 'dag_triage_filter' retrieved from /opt/airflow/dags/01_triaje_script.py
[2026-10-01T12:46:07.504+0000] {logging_mixin.py:190} INFO - [2026-10-01T12:46:07.503+0000] {dag.py:3239} INFO - Sync 1 DAGs
[2026-10-01T12:46:07.520+0000] {logging_mixin.py:190} INFO - [2026-10-01T12:46:07.520+0000] {dag.py:4180} INFO - Setting next_dagrun for dag_triage_filter to None, run_after=None
[2026-10-01T12:46:07.540+0000] {processor.py:208} INFO - Processing /opt/airflow/dags/01_triaje_script.py took 0.781 seconds
[2026-10-01T12:46:37.905+0000] {processor.py:186} INFO - Started process (PID=3757) to work on /opt/airflow/dags/01_triaje_script.py
[2026-10-01T12:46:37.908+0000] {processor.py:914} INFO - Processing file /opt/airflow/dags/01_triaje_script.py for tasks to queue
[2026-10-01T12:46:37.910+0000] {logging_mixin.py:190} INFO - [2026-10-01T12:46:37.910+0000] {dagbag.py:588} INFO - Filling up the DagBag from /opt/airflow/dags/01_triaje_script.py
[2026-10-01T12:46:38.579+0000] {processor.py:925} INFO - DAG(s) 'dag_triage_filter' retrieved from /opt/airflow/dags/01_triaje_script.py
[2026-10-01T12:46:38.606+0000] {logging_mixin.py:190} INFO - [2026-10-01T12:46:38.605+0000] {dag.py:3239} INFO - Sync 1 DAGs
[2026-10-01T12:46:38.620+0000] {logging_mixin.py:190} INFO - [2026-10-01T12:46:38.620+0000] {dag.py:4180} INFO - Setting next_dagrun for dag_triage_filter to None, run_after=None
[2026-10-01T12:46:38.642+0000] {processor.py:208} INFO - Processing /opt/airflow/dags/01_triaje_script.py took 0.742 seconds
[2026-10-01T12:47:09.029+0000] {processor.py:186} INFO - Started process (PID=3774) to work on /opt/airflow/dags/01_triaje_script.py
[2026-10-01T12:47:09.032+0000] {processor.py:914} INFO - Processing file /opt/airflow/dags/01_triaje_script.py for tasks to queue
[2026-10-01T12:47:09.037+0000] {logging_mixin.py:190} INFO - [2026-10-01T12:47:09.036+0000] {dagbag.py:588} INFO - Filling up the DagBag from /opt/airflow/dags/01_triaje_script.py
[2026-10-01T12:47:09.685+0000] {processor.py:925} INFO - DAG(s) 'dag_triage_filter' retrieved from /opt/airflow/dags/01_triaje_script.py
[2026-10-01T12:47:09.714+0000] {logging_mixin.py:190} INFO - [2026-10-01T12:47:09.713+0000] {dag.py:3239} INFO - Sync 1 DAGs
[2026-10-01T12:47:09.731+0000] {logging_mixin.py:190} INFO - [2026-10-01T12:47:09.731+0000] {dag.py:4180} INFO - Setting next_dagrun for dag_triage_filter to None, run_after=None
[2026-10-01T12:47:09.763+0000] {processor.py:208} INFO - Processing /opt/airflow/dags/01_triaje_script.py took 0.740 seconds
[2026-10-01T12:47:40.164+0000] {processor.py:186} INFO - Started process (PID=3791) to work on /opt/airflow/dags/01_triaje_script.py
[2026-10-01T12:47:40.169+0000] {processor.py:914} INFO - Processing file /opt/airflow/dags/01_triaje_script.py for tasks to queue
[2026-10-01T12:47:40.174+0000] {logging_mixin.py:190} INFO - [2026-10-01T12:47:40.173+0000] {dagbag.py:588} INFO - Filling up the DagBag from /opt/airflow/dags/01_triaje_script.py
[2026-10-01T12:47:40.939+0000] {processor.py:925} INFO - DAG(s) 'dag_triage_filter' retrieved from /opt/airflow/dags/01_triaje_script.py
[2026-10-01T12:47:40.972+0000] {logging_mixin.py:190} INFO - [2026-10-01T12:47:40.971+0000] {dag.py:3239} INFO - Sync 1 DAGs
[2026-10-01T12:47:41.000+0000] {logging_mixin.py:190} INFO - [2026-10-01T12:47:41.000+0000] {dag.py:4180} INFO - Setting next_dagrun for dag_triage_filter to None, run_after=None
[2026-10-01T12:47:41.075+0000] {processor.py:208} INFO - Processing /opt/airflow/dags/01_triaje_script.py took 0.917 seconds
